file_number,product_code,class_code,account_type,channel,class_label,source_file,total_fee_ratio_raw,total_expense_ratio_raw,cost_1y_per_10m_krw_v2,cost_2y_per_10m_krw_v2,cost_3y_per_10m_krw,cost_5y_per_10m_krw_v2,cost_10y_per_10m_krw_v2,validation_status,validation_status_before_review,review_source_page,review_note,Column 19,Column 20,Column 21,Column 22,Column 23,Column 24,Column 25,Column 26
1,KR510902511M,A,일반,불명,수수료선취형(A),R2_KR510902511M.pdf,1.4700,1.4700,250,408,574,926,1937,SOURCE_PARSED,,,일반 클래스: Cost Guard 연금 비교 대상 여부 별도 판단,,,,,,,,
1,KR510902511M,A-E,일반,온라인,수수료선취-온라인(A-e),R2_KR510902511M.pdf,1.1200,1.1200,164,285,411,679,1449,SOURCE_PARSED,,,일반 클래스: Cost Guard 연금 비교 대상 여부 별도 판단,,,,,,,,
1,KR510902511M,C-E,일반,온라인,수수료미징구-온라인(C-e),R2_KR510902511M.pdf,1.2700,1.2700,130,266,409,714,1587,SOURCE_PARSED,,,일반 클래스: Cost Guard 연금 비교 대상 여부 별도 판단,,,,,,,,
1,KR510902511M,C-P,연금저축,오프라인,종류C-P 수수료미징구-오 프라인-개인연금,R2_KR510902511M.pdf,1.5700,1.5700,160,329,506,883,1962,SOURCE_PARSED,,,,,,,,,,,
1,KR510902511M,C-P2,퇴직연금/IRP,오프라인,종류C-P2 수수료미징구-오 프라인-퇴직연금,R2_KR510902511M.pdf,1.4100,1.4100,144,296,454,793,1762,SOURCE_PARSED,,,,,,,,,,,
1,KR510902511M,C-P2E,퇴직연금/IRP,온라인,종류C-P2e 수수료미징구-온 라인-퇴직연금,R2_KR510902511M.pdf,1.0900,1.0900,111,228,351,613,1362,SOURCE_PARSED,,,,,,,,,,,
1,KR510902511M,C-PE,연금저축,온라인,종류C-Pe 수수료미징구-온 라인-개인연금,R2_KR510902511M.pdf,1.1700,1.1700,119,245,377,658,1462,SOURCE_PARSED,,,,,,,,,,,
1,KR510902511M,C1,일반,오프라인,종류C1 수수료미징구-오 프라인-보수체감,R2_KR510902511M.pdf,2.0700,2.0700,212,413,601,953,1964,SOURCE_PARSED,,,일반 클래스: Cost Guard 연금 비교 대상 여부 별도 판단,,,,,,,,
1,KR510902511M,C2,일반,오프라인,종류C2 수수료미징구-오 프라인-보수체감,R2_KR510902511M.pdf,1.8700,1.8700,,,,,,SOURCE_PARSED,,,기간별 비용 예시가 없거나 클래스 연결 실패; 일반 클래스: Cost Guard 연금 비교 대상 여부 별도 판단,,,,,,,,
1,KR510902511M,C3,일반,오프라인,종류C3 수수료미징구-오 프라인-보수체감,R2_KR510902511M.pdf,1.6700,1.6700,,,,,,SOURCE_PARSED,,,기간별 비용 예시가 없거나 클래스 연결 실패; 일반 클래스: Cost Guard 연금 비교 대상 여부 별도 판단,,,,,,,,
1,KR510902511M,C4,일반,오프라인,종류C4 수수료미징구-오 프라인-보수체감,R2_KR510902511M.pdf,1.4700,1.4700,,,,,,SOURCE_PARSED,,,기간별 비용 예시가 없거나 클래스 연결 실패; 일반 클래스: Cost Guard 연금 비교 대상 여부 별도 판단,,,,,,,,
1,KR510902511M,CG,일반,오프라인,종류CG 수수료미징구-오 프라인-무권유저 비용,R2_KR510902511M.pdf,1.4200,1.4200,145,298,457,798,1774,SOURCE_PARSED,,,일반 클래스: Cost Guard 연금 비교 대상 여부 별도 판단,,,,,,,,
1,KR510902511M,F,일반,오프라인,"종류F 수수료미징구-오 프라인-랩, 펀드 등",R2_KR510902511M.pdf,0.7700,0.7700,78,161,248,433,962,SOURCE_PARSED,,,일반 클래스: Cost Guard 연금 비교 대상 여부 별도 판단,,,,,,,,
1,KR510902511M,S,일반,온라인슈퍼,종류S 수수료후취-온라 인슈퍼,R2_KR510902511M.pdf,1.1100,1.1100,129,233,357,624,1387,SOURCE_PARSED,,,일반 클래스: Cost Guard 연금 비교 대상 여부 별도 판단,,,,,,,,
2,KR510902773M,C,일반,불명,수수료미징구형(C),R2_KR510902773M.pdf,1.5400,1.5400,157,323,496,866,1924,SOURCE_PARSED,,,일반 클래스: Cost Guard 연금 비교 대상 여부 별도 판단,,,,,,,,
2,KR510902773M,C-E,연금저축,온라인,종류C-e 수수료미징구-온 라인-개인연금,R2_KR510902773M.pdf,1.0650,1.0650,109,223,343,599,1331,SOURCE_PARSED,,,,,,,,,,,
2,KR510902773M,C-F,연금저축,직판,"종류C-F 수수료미징구-직 판-개인연금, 펀 드 등",R2_KR510902773M.pdf,0.5900,0.5900,60,123,190,331,737,SOURCE_PARSED,,,,,,,,,,,
3,KR510902777M,C,일반,불명,수수료미징구형(C),R2_KR510902777M.pdf,1.5400,1.5400,157,323,496,866,1924,SOURCE_PARSED,,,일반 클래스: Cost Guard 연금 비교 대상 여부 별도 판단,,,,,,,,
3,KR510902777M,C-E,연금저축,온라인,종류C-e 수수료미징구-온 라인-개인연금,R2_KR510902777M.pdf,1.0650,1.0650,109,223,343,599,1331,SOURCE_PARSED,,,,,,,,,,,
3,KR510902777M,C-F,연금저축,직판,"종류C-F 수수료미징구-직 판-개인연금, 펀 드 등",R2_KR510902777M.pdf,0.5900,0.5900,60,123,190,331,737,SOURCE_PARSED,,,,,,,,,,,
3,KR510902777M,S-P,연금저축,온라인슈퍼,종류S-P 수수료미징구-온 라인슈퍼-개인연 금,R2_KR510902777M.pdf,0.9700,0.9700,99,203,312,545,1212,SOURCE_PARSED,,,,,,,,,,,
4,KR5110501016,A,일반,불명,수수료선취형(A),R2_KR5110501016.pdf,0.3000,0.3000,40,72,106,178,384,SOURCE_PARSED,,,일반 클래스: Cost Guard 연금 비교 대상 여부 별도 판단,,,,,,,,
4,KR5110501016,A-E,일반,온라인,수수료선취-온라인(A-e),R2_KR5110501016.pdf,,,26,49,72,123,267,SOURCE_PARSED_NEEDS_REVIEW,,,일반 클래스: Cost Guard 연금 비교 대상 여부 별도 판단,,,,,,,,
4,KR5110501016,AE,일반,온라인,종류Ae 수수료선취-온라 인,R2_KR5110501016.pdf,0.2000,0.2100,26,49,72,123,267,SOURCE_PARSED,,,일반 클래스: Cost Guard 연금 비교 대상 여부 별도 판단,,,,,,,,
4,KR5110501016,AG,일반,오프라인,종류AG 수수료선취-오프 라인-무권유저비 용,R2_KR5110501016.pdf,0.2400,0.2400,31,57,84,141,306,SOURCE_PARSED,,,일반 클래스: Cost Guard 연금 비교 대상 여부 별도 판단,,,,,,,,
4,KR5110501016,C,일반,불명,수수료미징구형(C),R2_KR5110501016.pdf,0.3900,0.3900,39,81,125,219,487,SOURCE_PARSED,,,일반 클래스: Cost Guard 연금 비교 대상 여부 별도 판단,,,,,,,,
4,KR5110501016,C-F,일반,불명,C-F,R2_KR5110501016.pdf,,,11,23,35,61,137,SOURCE_PARSED_NEEDS_REVIEW,,,일반 클래스: Cost Guard 연금 비교 대상 여부 별도 판단,,,,,,,,
4,KR5110501016,C-I,일반,불명,C-I,R2_KR5110501016.pdf,,,20,41,64,112,249,SOURCE_PARSED_NEEDS_REVIEW,,,일반 클래스: Cost Guard 연금 비교 대상 여부 별도 판단,,,,,,,,
4,KR5110501016,C-I2,일반,불명,C-I2,R2_KR5110501016.pdf,,,15,31,48,84,187,SOURCE_PARSED_NEEDS_REVIEW,,,일반 클래스: Cost Guard 연금 비교 대상 여부 별도 판단,,,,,,,,
4,KR5110501016,C-P,연금저축,오프라인,종류C-P 수수료미징구-오 프라인-개인연금,R2_KR5110501016.pdf,0.3300,0.3400,34,71,109,191,424,SOURCE_PARSED,,,,,,,,,,,
4,KR5110501016,C-PE,연금저축,온라인,종류C-Pe 수수료미징구-온 라인-개인연금,R2_KR5110501016.pdf,0.2100,0.2200,22,46,70,123,274,SOURCE_PARSED,,,,,,,,,,,
4,KR5110501016,CE,일반,온라인,수수료미징구-온라인(Ce),R2_KR5110501016.pdf,0.2450,0.2450,25,51,79,137,306,SOURCE_PARSED,,,일반 클래스: Cost Guard 연금 비교 대상 여부 별도 판단,,,,,,,,
4,KR5110501016,CG,일반,오프라인,종류CG 수수료미징구-오 프라인-무권유저 비용,R2_KR5110501016.pdf,0.3030,0.3030,31,63,97,170,378,SOURCE_PARSED,,,일반 클래스: Cost Guard 연금 비교 대상 여부 별도 판단,,,,,,,,
4,KR5110501016,CRP,일반,불명,CRP,R2_KR5110501016.pdf,,,33,69,106,185,412,SOURCE_PARSED_NEEDS_REVIEW,,,일반 클래스: Cost Guard 연금 비교 대상 여부 별도 판단,,,,,,,,
4,KR5110501016,CRP-E,일반,불명,CRP-E,R2_KR5110501016.pdf,,,22,45,69,120,268,SOURCE_PARSED_NEEDS_REVIEW,,,일반 클래스: Cost Guard 연금 비교 대상 여부 별도 판단,,,,,,,,
4,KR5110501016,S,일반,온라인슈퍼,종류S 수수료후취-온라 인슈퍼,R2_KR5110501016.pdf,0.1800,0.1800,34,37,58,101,224,SOURCE_PARSED,,,일반 클래스: Cost Guard 연금 비교 대상 여부 별도 판단,,,,,,,,
4,KR5110501016,S-P,일반,불명,S-P,R2_KR5110501016.pdf,,,16,33,51,89,199,SOURCE_PARSED_NEEDS_REVIEW,,,일반 클래스: Cost Guard 연금 비교 대상 여부 별도 판단,,,,,,,,
5,KR5110601022,A,일반,불명,수수료선취형(A),R2_KR5110601022.pdf,0.2775,0.2775,78,108,139,206,396,SOURCE_PARSED,,,일반 클래스: Cost Guard 연금 비교 대상 여부 별도 판단,,,,,,,,
5,KR5110601022,AE,일반,온라인,수수료선취-온라인(Ae),R2_KR5110601022.pdf,0.2275,0.2275,48,72,98,152,309,SOURCE_PARSED,,,일반 클래스: Cost Guard 연금 비교 대상 여부 별도 판단,,,,,,,,
5,KR5110601022,AG,일반,불명,AG,R2_KR5110601022.pdf,,,53,73,94,138,265,SOURCE_PARSED_NEEDS_REVIEW,,,일반 클래스: Cost Guard 연금 비교 대상 여부 별도 판단,,,,,,,,
5,KR5110601022,C,일반,불명,수수료미징구형(C),R2_KR5110601022.pdf,0.5775,0.5775,59,115,163,278,606,SOURCE_PARSED,,,일반 클래스: Cost Guard 연금 비교 대상 여부 별도 판단,,,,,,,,
5,KR5110601022,C-2,일반,불명,C-2,R2_KR5110601022.pdf,,,18,37,57,99,221,SOURCE_PARSED_NEEDS_REVIEW,,,일반 클래스: Cost Guard 연금 비교 대상 여부 별도 판단,,,,,,,,
5,KR5110601022,C-3,일반,불명,C-3,R2_KR5110601022.pdf,,,38,79,121,212,471,SOURCE_PARSED_NEEDS_REVIEW,,,일반 클래스: Cost Guard 연금 비교 대상 여부 별도 판단,,,,,,,,
5,KR5110601022,C-P,연금저축,오프라인,종류C-P 수수료미징구-오 프라인-개인연금,R2_KR5110601022.pdf,0.4825,0.4825,49,101,155,271,603,SOURCE_PARSED,,,,,,,,,,,
5,KR5110601022,C-PE,연금저축,온라인,종류C-Pe 수수료미징구-온 라인-개인연금,R2_KR5110601022.pdf,0.3305,0.3305,33,69,106,185,413,SOURCE_PARSED,,,,,,,,,,,
5,KR5110601022,CE,일반,온라인,수수료미징구-온라인(Ce),R2_KR5110601022.pdf,0.2775,0.2775,28,58,89,156,346,SOURCE_PARSED,,,일반 클래스: Cost Guard 연금 비교 대상 여부 별도 판단,,,,,,,,
5,KR5110601022,CG,일반,불명,CG,R2_KR5110601022.pdf,,,21,43,66,115,256,SOURCE_PARSED_NEEDS_REVIEW,,,일반 클래스: Cost Guard 연금 비교 대상 여부 별도 판단,,,,,,,,
5,KR5110601022,CI,일반,불명,CI,R2_KR5110601022.pdf,,,21,43,66,116,259,SOURCE_PARSED_NEEDS_REVIEW,,,일반 클래스: Cost Guard 연금 비교 대상 여부 별도 판단,,,,,,,,
5,KR5110601022,CRP,퇴직연금/IRP,오프라인,종류Crp 수수료미징구-오 프라인-퇴직연금,R2_KR5110601022.pdf,0.4275,0.4275,43,89,137,240,534,SOURCE_PARSED,,,,,,,,,,,
5,KR5110601022,CRP-E,일반,불명,CRP-E,R2_KR5110601022.pdf,,,31,63,97,170,378,SOURCE_PARSED_NEEDS_REVIEW,,,일반 클래스: Cost Guard 연금 비교 대상 여부 별도 판단,,,,,,,,
5,KR5110601022,S-P,일반,불명,S-P,R2_KR5110601022.pdf,,,22,45,70,122,271,SOURCE_PARSED_NEEDS_REVIEW,,,일반 클래스: Cost Guard 연금 비교 대상 여부 별도 판단,,,,,,,,
6,KR5111420047,A,일반,불명,수수료선취형(A),R2_KR5111420047.pdf,0.1736,0.1759,28,47,67,110,237,SOURCE_PARSED_NEEDS_REVIEW,,,기간별 비용표에 서로 다른 값 3종 존재; 일반 클래스: Cost Guard 연금 비교 대상 여부 별도 판단,,,,,,,,
6,KR5111420047,A-E,일반,온라인,수수료선취- 납입금액의 0.1236 0.0500 0.25 0.1331 19 33 48 80 176 온라인(A-E),R2_KR5111420047.pdf,0.1236,0.1259,18,31,46,76,167,SOURCE_PARSED_NEEDS_REVIEW,,,기간별 비용표에 서로 다른 값 3종 존재; 일반 클래스: Cost Guard 연금 비교 대상 여부 별도 판단,,,,,,,,
6,KR5111420047,A2,일반,불명,A2 수수료선취-오,R2_KR5111420047.pdf,0.0836,0.0857,29,38,48,68,130,SOURCE_PARSED_NEEDS_REVIEW,,,기간별 비용표에 서로 다른 값 2종 존재; 일반 클래스: Cost Guard 연금 비교 대상 여부 별도 판단,,,,,,,,
6,KR5111420047,AG,일반,불명,AG 프라인-무권유,R2_KR5111420047.pdf,,,19,35,51,85,187,SOURCE_PARSED_NEEDS_REVIEW,,,기간별 비용표에 서로 다른 값 2종 존재; 일반 클래스: Cost Guard 연금 비교 대상 여부 별도 판단,,,,,,,,
6,KR5111420047,C,일반,불명,수수료미징구형(C),R2_KR5111420047.pdf,0.1870,0.1893,19,40,61,107,244,SOURCE_PARSED_NEEDS_REVIEW,,,기간별 비용표에 서로 다른 값 3종 존재; 일반 클래스: Cost Guard 연금 비교 대상 여부 별도 판단,,,,,,,,
6,KR5111420047,C-E,일반,온라인,수수료미징구- 없음 0.1303 0.0567 0.26 0.1398 14 29 45 79 180 온라인(C-E),R2_KR5111420047.pdf,0.1303,0.1327,14,28,43,75,171,SOURCE_PARSED_NEEDS_REVIEW,,,기간별 비용표에 서로 다른 값 3종 존재; 일반 클래스: Cost Guard 연금 비교 대상 여부 별도 판단,,,,,,,,
6,KR5111420047,C-F,일반,불명,C-F 수수료미징구-,R2_KR5111420047.pdf,0.0936,0.0959,10,20,31,54,124,SOURCE_PARSED_NEEDS_REVIEW,,,기간별 비용표에 서로 다른 값 2종 존재; 일반 클래스: Cost Guard 연금 비교 대상 여부 별도 판단,,,,,,,,
6,KR5111420047,C-P,연금저축,오프라인,수수료미징구- 오프라인- 없음 0.1770 0.1034 - 0.1864 19 39 60 106 240 개인연금(C-P),R2_KR5111420047.pdf,,,18,38,58,102,231,SOURCE_PARSED_NEEDS_REVIEW,,,기간별 비용표에 서로 다른 값 3종 존재,,,,,,,,
6,KR5111420047,C-P2,퇴직연금/IRP,오프라인,수수료미징구- 오프라인- 없음 0.1736 0.1000 - 0.1831 19 38 59 104 236 퇴직연금(C-P2),R2_KR5111420047.pdf,,,18,37,57,100,227,SOURCE_PARSED_NEEDS_REVIEW,,,기간별 비용표에 서로 다른 값 2종 존재,,,,,,,,
6,KR5111420047,C-P2E,일반,온라인,C-P2E 온라인-퇴직연,R2_KR5111420047.pdf,,,13,26,41,71,162,SOURCE_PARSED_NEEDS_REVIEW,,,기간별 비용표에 서로 다른 값 2종 존재; 일반 클래스: Cost Guard 연금 비교 대상 여부 별도 판단,,,,,,,,
6,KR5111420047,C-PE,일반,온라인,C-PE 온라인-개인연,R2_KR5111420047.pdf,,,14,28,43,75,171,SOURCE_PARSED_NEEDS_REVIEW,,,기간별 비용표에 서로 다른 값 2종 존재; 일반 클래스: Cost Guard 연금 비교 대상 여부 별도 판단,,,,,,,,
6,KR5111420047,CG,일반,오프라인,CG 오프라인-무권,R2_KR5111420047.pdf,,,15,31,48,85,192,SOURCE_PARSED_NEEDS_REVIEW,,,기간별 비용표에 서로 다른 값 2종 존재; 일반 클래스: Cost Guard 연금 비교 대상 여부 별도 판단,,,,,,,,
6,KR5111420047,I,일반,오프라인,I 오프라인-고액,R2_KR5111420047.pdf,,,11,22,34,60,137,SOURCE_PARSED_NEEDS_REVIEW,,,기간별 비용표에 서로 다른 값 2종 존재; 일반 클래스: Cost Guard 연금 비교 대상 여부 별도 판단,,,,,,,,
6,KR5111420047,W,일반,불명,W 수수료미징구-,R2_KR5111420047.pdf,0.0736,0.0759,8,16,25,43,98,SOURCE_PARSED_NEEDS_REVIEW,,,기간별 비용표에 서로 다른 값 2종 존재; 일반 클래스: Cost Guard 연금 비교 대상 여부 별도 판단,,,,,,,,
7,KR5111450067,A,일반,오프라인,수수료선취형-오프라인,R2_KR5111450067.pdf,,,256,420,593,963,2065,SOURCE_PARSED_NEEDS_REVIEW,,,기간별 비용표에 서로 다른 값 3종 존재; 일반 클래스: Cost Guard 연금 비교 대상 여부 별도 판단,,,,,,,,
7,KR5111450067,A-E,일반,온라인,수수료선취-온라인,R2_KR5111450067.pdf,1.1713,1.1729,169,295,426,710,1552,SOURCE_PARSED_NEEDS_REVIEW,,,기간별 비용표에 서로 다른 값 3종 존재; 일반 클래스: Cost Guard 연금 비교 대상 여부 별도 판단,,,,,,,,
7,KR5111450067,A-U,일반,오프라인오프라인,수수료선취-오프라인-전환가능,R2_KR5111450067.pdf,1.6400,1.6400,266,441,624,1019,2193,SOURCE_PARSED_NEEDS_REVIEW,,,기간별 비용표에 서로 다른 값 2종 존재; 일반 클래스: Cost Guard 연금 비교 대상 여부 별도 판단,,,,,,,,
7,KR5111450067,AG,일반,오프라인,수수료선취-오프라인-무권유저비용,R2_KR5111450067.pdf,,,165,283,407,674,1468,SOURCE_PARSED_NEEDS_REVIEW,,,기간별 비용표에 서로 다른 값 2종 존재; 일반 클래스: Cost Guard 연금 비교 대상 여부 별도 판단,,,,,,,,
7,KR5111450067,C-E,일반,온라인,수수료미징구-온라인,R2_KR5111450067.pdf,1.4926,1.4942,153,314,483,846,1926,SOURCE_PARSED_NEEDS_REVIEW,,,기간별 비용표에 서로 다른 값 3종 존재; 일반 클래스: Cost Guard 연금 비교 대상 여부 별도 판단,,,,,,,,
7,KR5111450067,C-F,일반,오프라인,수수료미징구-오프라인-기관,R2_KR5111450067.pdf,0.8326,0.8345,86,175,270,473,1076,SOURCE_PARSED_NEEDS_REVIEW,,,기간별 비용표에 서로 다른 값 2종 존재; 일반 클래스: Cost Guard 연금 비교 대상 여부 별도 판단,,,,,,,,
7,KR5111450067,C-P,일반,오프라인,수수료미징구-오프라인-개인연금,R2_KR5111450067.pdf,1.5026,1.5042,154,316,486,852,1939,SOURCE_PARSED_NEEDS_REVIEW,,,기간별 비용표에 서로 다른 값 3종 존재; 일반 클래스: Cost Guard 연금 비교 대상 여부 별도 판단,,,,,,,,
7,KR5111450067,C-P2,일반,오프라인,수수료미징구-오프라인-퇴직연금,R2_KR5111450067.pdf,1.4026,1.4041,144,295,454,795,1810,SOURCE_PARSED_NEEDS_REVIEW,,,기간별 비용표에 서로 다른 값 2종 존재; 일반 클래스: Cost Guard 연금 비교 대상 여부 별도 판단,,,,,,,,
7,KR5111450067,C-P2E,일반,온라인,수수료미징구-온라인-퇴직연금,R2_KR5111450067.pdf,1.1026,1.1545,118,243,373,654,1488,SOURCE_PARSED,,,기간별 비용 예시가 없거나 클래스 연결 실패; 일반 클래스: Cost Guard 연금 비교 대상 여부 별도 판단,,,,,,,,
7,KR5111450067,C-PE,일반,온라인,수수료미징구-온라인-개인연금,R2_KR5111450067.pdf,1.1526,1.1826,121,248,382,670,1524,SOURCE_PARSED_NEEDS_REVIEW,,,기간별 비용표에 서로 다른 값 2종 존재; 일반 클래스: Cost Guard 연금 비교 대상 여부 별도 판단,,,,,,,,
7,KR5111450067,C1,일반,오프라인,수수료미징구-오프라인-보수체감,R2_KR5111450067.pdf,2.3026,2.3041,236,471,703,1156,2460,SOURCE_PARSED_NEEDS_REVIEW,,,기간별 비용표에 서로 다른 값 3종 존재; 일반 클래스: Cost Guard 연금 비교 대상 여부 별도 판단,,,,,,,,
7,KR5111450067,C2,일반,오프라인,수수료미징구-오프라인-보수체감,R2_KR5111450067.pdf,2.1776,2.1793,,,,,,SOURCE_PARSED,,,기간별 비용 예시가 없거나 클래스 연결 실패; 일반 클래스: Cost Guard 연금 비교 대상 여부 별도 판단,,,,,,,,
7,KR5111450067,C3,일반,오프라인,수수료미징구-오프라인-보수체감,R2_KR5111450067.pdf,2.0526,2.0540,,,,,,SOURCE_PARSED,,,기간별 비용 예시가 없거나 클래스 연결 실패; 일반 클래스: Cost Guard 연금 비교 대상 여부 별도 판단,,,,,,,,
7,KR5111450067,C4,일반,오프라인,수수료미징구-오프라인-보수체감,R2_KR5111450067.pdf,1.9276,1.9291,,,,,,SOURCE_PARSED,,,기간별 비용 예시가 없거나 클래스 연결 실패; 일반 클래스: Cost Guard 연금 비교 대상 여부 별도 판단,,,,,,,,
7,KR5111450067,C5,일반,오프라인,수수료미징구-오프라인-보수체감,R2_KR5111450067.pdf,1.8026,1.8042,,,,,,SOURCE_PARSED,,,기간별 비용 예시가 없거나 클래스 연결 실패; 일반 클래스: Cost Guard 연금 비교 대상 여부 별도 판단,,,,,,,,
7,KR5111450067,CG,일반,오프라인,수수료미징구-오프라인-무권유저비용,R2_KR5111450067.pdf,,,157,322,495,868,1976,SOURCE_PARSED_NEEDS_REVIEW,,,기간별 비용표에 서로 다른 값 2종 존재; 일반 클래스: Cost Guard 연금 비교 대상 여부 별도 판단,,,,,,,,
7,KR5111450067,S,일반,온라인,수수료후취-온라인슈퍼,R2_KR5111450067.pdf,1.1026,1.1044,113,232,357,625,1423,SOURCE_PARSED_NEEDS_REVIEW,,,기간별 비용표에 서로 다른 값 2종 존재; 일반 클래스: Cost Guard 연금 비교 대상 여부 별도 판단,,,,,,,,
7,KR5111450067,S-P2,일반,온라인,수수료미징구-온 라인슈퍼-퇴직연 금,R2_KR5111450067.pdf,,,103,211,324,568,1292,SOURCE_PARSED_NEEDS_REVIEW,,,일반 클래스: Cost Guard 연금 비교 대상 여부 별도 판단,,,,,,,,
7,KR5111450067,W,일반,오프라인,수수료미징구-오프라인-랩,R2_KR5111450067.pdf,0.8026,0.8044,82,169,260,455,1037,SOURCE_PARSED_NEEDS_REVIEW,,,기간별 비용표에 서로 다른 값 2종 존재; 일반 클래스: Cost Guard 연금 비교 대상 여부 별도 판단,,,,,,,,
8,KR5113420012,C,일반,불명,수수료후취형 또는 판 수수료 (C),R2_KR5113420012.pdf,0.5440,0.5517,57,116,177,309,693,SOURCE_PARSED,,,일반 클래스: Cost Guard 연금 비교 대상 여부 별도 판단,,,,,,,,
8,KR5113420012,C-E,연금저축,온라인,수수료미징구-온라인-개인연금 (C-e),R2_KR5113420012.pdf,0.3490,0.3564,37,75,115,200,452,SOURCE_PARSED,,,,,,,,,,,
8,KR5113420012,S-P,연금저축,온라인슈퍼,수수료미징구-온라인슈퍼-개인연금 (S-P),R2_KR5113420012.pdf,,,29,59,90,157,355,SOURCE_PARSED_NEEDS_REVIEW,,,,,,,,,,,
9,KR5113420013,C,일반,불명,수수료후취형 또는 판 수수료 (C),R2_KR5113420013.pdf,0.5440,0.5468,57,116,179,311,698,SOURCE_PARSED,,,일반 클래스: Cost Guard 연금 비교 대상 여부 별도 판단,,,,,,,,
9,KR5113420013,C-E,연금저축,온라인,수수료미징구-온라인-개인연금 (C-e),R2_KR5113420013.pdf,0.3490,0.3517,36,74,113,198,446,SOURCE_PARSED_NEEDS_REVIEW,,,기간별 비용표에 서로 다른 값 3종 존재,,,,,,,,
9,KR5113420013,C-F,연금저축,오프라인,"수수료미징구-오프라인-개인연금,기관 (C-F)",R2_KR5113420013.pdf,0.1840,0.1840,,,,,,SOURCE_PARSED,,,기간별 비용 예시가 없거나 클래스 연결 실패,,,,,,,,
9,KR5113420013,C-R,퇴직연금/IRP,오프라인,수수료미징구-오프라인-퇴직연금 (C-R),R2_KR5113420013.pdf,0.5390,0.5390,55,113,173,302,677,SOURCE_PARSED_NEEDS_REVIEW,,,기간별 비용표에 서로 다른 값 2종 존재,,,,,,,,
9,KR5113420013,C-RF,퇴직연금/IRP,오프라인,"수수료미징구-오프라인-퇴직연금,기관 (C-RF)",R2_KR5113420013.pdf,0.1740,0.1740,,,,,,SOURCE_PARSED,,,기간별 비용 예시가 없거나 클래스 연결 실패,,,,,,,,
9,KR5113420013,C-RJ,퇴직연금/IRP,직판,수수료미징구-직판-퇴직연금 (C-RJ),R2_KR5113420013.pdf,0.1540,0.1540,16,32,50,87,197,SOURCE_PARSED,,,,,,,,,,,
9,KR5113420013,S-P,연금저축,온라인슈퍼,수수료미징구-온라인슈퍼-개인연금 (S-P),R2_KR5113420013.pdf,,,28,58,88,155,349,SOURCE_PARSED_NEEDS_REVIEW,,,기간별 비용표에 서로 다른 값 2종 존재,,,,,,,,
10,KR5113420015,C,일반,불명,수수료후취형 또는 판 수수료 (C),R2_KR5113420015.pdf,0.5440,0.5468,57,116,179,311,698,SOURCE_PARSED,,,일반 클래스: Cost Guard 연금 비교 대상 여부 별도 판단,,,,,,,,
10,KR5113420015,C-E,연금저축,온라인,수수료미징구-온라인-개인연금 (C-e),R2_KR5113420015.pdf,0.3490,0.3517,36,74,113,198,446,SOURCE_PARSED_NEEDS_REVIEW,,,기간별 비용표에 서로 다른 값 3종 존재,,,,,,,,
10,KR5113420015,C-F,연금저축,오프라인,"수수료미징구-오프라인-개인연금,기관 (C-F)",R2_KR5113420015.pdf,0.1840,0.1840,,,,,,SOURCE_PARSED,,,기간별 비용 예시가 없거나 클래스 연결 실패,,,,,,,,
10,KR5113420015,C-R,퇴직연금/IRP,오프라인,수수료미징구-오프라인-퇴직연금 (C-R),R2_KR5113420015.pdf,0.5390,0.5390,55,113,173,302,677,SOURCE_PARSED_NEEDS_REVIEW,,,기간별 비용표에 서로 다른 값 2종 존재,,,,,,,,
10,KR5113420015,C-RF,퇴직연금/IRP,오프라인,"수수료미징구-오프라인-퇴직연금,기관 (C-RF)",R2_KR5113420015.pdf,0.1740,0.1740,,,,,,SOURCE_PARSED,,,기간별 비용 예시가 없거나 클래스 연결 실패,,,,,,,,
10,KR5113420015,C-RJ,퇴직연금/IRP,직판,수수료미징구-직판-퇴직연금 (C-RJ),R2_KR5113420015.pdf,0.1540,0.1540,16,32,50,87,197,SOURCE_PARSED,,,,,,,,,,,
10,KR5113420015,S-P,연금저축,온라인슈퍼,수수료미징구-온라인슈퍼-개인연금 (S-P),R2_KR5113420015.pdf,,,28,58,88,155,349,SOURCE_PARSED_NEEDS_REVIEW,,,기간별 비용표에 서로 다른 값 2종 존재,,,,,,,,
11,KR5113420069,A,일반,불명,수수료선취형(A),R2_KR5113420069.pdf,0.3910,0.3934,42,84,129,223,500,SOURCE_PARSED_NEEDS_REVIEW,,,기간별 비용표에 서로 다른 값 2종 존재; 일반 클래스: Cost Guard 연금 비교 대상 여부 별도 판단,,,,,,,,
11,KR5113420069,A-E,일반,온라인,수수료선취-온라인 (A-e),R2_KR5113420069.pdf,0.2860,0.2885,31,62,94,163,368,SOURCE_PARSED_NEEDS_REVIEW,,,기간별 비용표에 서로 다른 값 3종 존재; 일반 클래스: Cost Guard 연금 비교 대상 여부 별도 판단,,,,,,,,
11,KR5113420069,A-G,일반,오프라인,수수료선취-오프라인-무권유저비용 (A-G),R2_KR5113420069.pdf,0.3280,0.3280,"35,000","70,000","107,000","186,000","418,000",SOURCE_PARSED,,,기간별 비용 예시가 없거나 클래스 연결 실패; 일반 클래스: Cost Guard 연금 비교 대상 여부 별도 판단,,,,,,,,
11,KR5113420069,A1,일반,오프라인,수수료선취-오프라인 (A1),R2_KR5113420069.pdf,0.3110,0.3134,42,76,111,186,407,SOURCE_PARSED_NEEDS_REVIEW,,,기간별 비용표에 서로 다른 값 2종 존재; 일반 클래스: Cost Guard 연금 비교 대상 여부 별도 판단,,,,,,,,
11,KR5113420069,C,일반,불명,수수료미징구형(C),R2_KR5113420069.pdf,0.4110,0.4134,42,87,133,232,523,SOURCE_PARSED_NEEDS_REVIEW,,,기간별 비용표에 서로 다른 값 2종 존재; 일반 클래스: Cost Guard 연금 비교 대상 여부 별도 판단,,,,,,,,
11,KR5113420069,C-E,일반,온라인,수수료미징구-온라인 (C-e),R2_KR5113420069.pdf,0.3417,72.0000,34,70,107,188,423,SOURCE_PARSED_NEEDS_REVIEW,,,기간별 비용표에 서로 다른 값 4종 존재; 일반 클래스: Cost Guard 연금 비교 대상 여부 별도 판단,,,,,,,,
11,KR5113420069,C-F,일반,오프라인,수수료미징구-오프라인-기관 (C-F),R2_KR5113420069.pdf,0.2110,0.2134,"22,000","45,000","69,000","120,000","272,000",SOURCE_PARSED,,,기간별 비용 예시가 없거나 클래스 연결 실패; 일반 클래스: Cost Guard 연금 비교 대상 여부 별도 판단,,,,,,,,
11,KR5113420069,C-G,일반,오프라인,수수료미징구-오프라인-무권유저비용 (C-G),R2_KR5113420069.pdf,0.3410,0.3410,35,72,110,192,433,SOURCE_PARSED,,,일반 클래스: Cost Guard 연금 비교 대상 여부 별도 판단,,,,,,,,
11,KR5113420069,C-P,연금저축,오프라인,수수료미징구-오프라인-개인연금 (C-P),R2_KR5113420069.pdf,0.4060,0.4084,42,86,131,229,516,SOURCE_PARSED_NEEDS_REVIEW,,,기간별 비용표에 서로 다른 값 2종 존재,,,,,,,,
11,KR5113420069,C-PE,연금저축,온라인,수수료미징구-온라인-개인연금 (C-Pe),R2_KR5113420069.pdf,0.2940,0.2964,30,62,95,167,377,SOURCE_PARSED_NEEDS_REVIEW,,,기간별 비용표에 서로 다른 값 2종 존재,,,,,,,,
11,KR5113420069,C-R,퇴직연금/IRP,오프라인,수수료미징구-오프라인-퇴직연금 (C-R),R2_KR5113420069.pdf,0.4010,0.4034,41,85,130,227,510,SOURCE_PARSED_NEEDS_REVIEW,,,기간별 비용표에 서로 다른 값 2종 존재,,,,,,,,
11,KR5113420069,C-RE,퇴직연금/IRP,온라인,수수료미징구-온라인-퇴직연금 (C-Re),R2_KR5113420069.pdf,0.2910,0.2935,30,62,95,165,373,SOURCE_PARSED_NEEDS_REVIEW,,,기간별 비용표에 서로 다른 값 2종 존재,,,,,,,,
11,KR5113420069,C-W,일반,직판,"수수료미징구-오프라인,직판-랩 (C-W)",R2_KR5113420069.pdf,0.1810,0.1834,19,39,59,103,234,SOURCE_PARSED_NEEDS_REVIEW,,,기간별 비용표에 서로 다른 값 2종 존재; 일반 클래스: Cost Guard 연금 비교 대상 여부 별도 판단,,,,,,,,
11,KR5113420069,S,일반,온라인슈퍼,수수료후취-온라인슈퍼 (S),R2_KR5113420069.pdf,0.2810,0.2834,29,59,91,160,360,SOURCE_PARSED_NEEDS_REVIEW,,,기간별 비용표에 서로 다른 값 2종 존재; 일반 클래스: Cost Guard 연금 비교 대상 여부 별도 판단,,,,,,,,
11,KR5113420069,S-P,연금저축,온라인슈퍼,수수료미징구-온라인슈퍼-개인연금 (S-P),R2_KR5113420069.pdf,,,28,57,88,154,348,SOURCE_PARSED_NEEDS_REVIEW,,,기간별 비용표에 서로 다른 값 2종 존재,,,,,,,,
11,KR5113420069,S-R,퇴직연금/IRP,온라인슈퍼,수수료미징구-온라인슈퍼-퇴직연금 (S-R),R2_KR5113420069.pdf,,,27,55,85,148,335,SOURCE_PARSED_NEEDS_REVIEW,,,기간별 비용표에 서로 다른 값 2종 존재,,,,,,,,
12,KR5113450111,C,일반,불명,수수료후취형 또는 판 수수료 (C),R2_KR5113450111.pdf,1.1820,1.1856,122,248,379,655,1445,SOURCE_PARSED,,,일반 클래스: Cost Guard 연금 비교 대상 여부 별도 판단,,,,,,,,
12,KR5113450111,C-E,연금저축,온라인,수수료미징구-온라인-개인연금 (C-e),R2_KR5113450111.pdf,0.7070,0.7104,73,149,228,397,885,SOURCE_PARSED,,,,,,,,,,,
12,KR5113450111,S-P,연금저축,온라인슈퍼,수수료미징구-온라인슈퍼-개인연금 (S-P),R2_KR5113450111.pdf,,,53,108,165,288,647,SOURCE_PARSED_NEEDS_REVIEW,,,,,,,,,,,
13,KR5113450401,A,일반,불명,수수료선취형(A),R2_KR5113450401.pdf,1.3000,1.3020,183,320,462,762,1613,SOURCE_PARSED_NEEDS_REVIEW,,,기간별 비용표에 서로 다른 값 2종 존재; 일반 클래스: Cost Guard 연금 비교 대상 여부 별도 판단,,,,,,,,
13,KR5113450401,A-E,일반,온라인,수수료선취-온라인 (A-e),R2_KR5113450401.pdf,0.6800,0.6819,120,192,267,427,893,SOURCE_PARSED_NEEDS_REVIEW,,,기간별 비용표에 서로 다른 값 2종 존재; 일반 클래스: Cost Guard 연금 비교 대상 여부 별도 판단,,,,,,,,
13,KR5113450401,A-G,일반,오프라인,수수료선취-오프라인-무권유저비용 (A-G),R2_KR5113450401.pdf,1.0800,1.0800,160,274,392,643,1360,SOURCE_PARSED,,,일반 클래스: Cost Guard 연금 비교 대상 여부 별도 판단,,,,,,,,
13,KR5113450401,A1,일반,오프라인,수수료선취-오프라인 (A1),R2_KR5113450401.pdf,0.8000,0.8019,181,265,353,539,1076,SOURCE_PARSED_NEEDS_REVIEW,,,기간별 비용표에 서로 다른 값 2종 존재; 일반 클래스: Cost Guard 연금 비교 대상 여부 별도 판단,,,,,,,,
13,KR5113450401,C,일반,불명,수수료미징구형(C),R2_KR5113450401.pdf,1.5700,1.5719,161,328,500,862,1880,SOURCE_PARSED_NEEDS_REVIEW,,,기간별 비용표에 서로 다른 값 2종 존재; 일반 클래스: Cost Guard 연금 비교 대상 여부 별도 판단,,,,,,,,
13,KR5113450401,C-E,일반,온라인,수수료미징구-온라인 (C-e),R2_KR5113450401.pdf,1.0054,210.0000,103,209,321,556,1232,SOURCE_PARSED_NEEDS_REVIEW,,,기간별 비용표에 서로 다른 값 2종 존재; 일반 클래스: Cost Guard 연금 비교 대상 여부 별도 판단,,,,,,,,
13,KR5113450401,C-F,일반,오프라인,수수료미징구-오프라인-기관 (C-F),R2_KR5113450401.pdf,0.6000,0.6028,62,126,194,337,755,SOURCE_PARSED_NEEDS_REVIEW,,,기간별 비용표에 서로 다른 값 2종 존재; 일반 클래스: Cost Guard 연금 비교 대상 여부 별도 판단,,,,,,,,
13,KR5113450401,C-G,일반,오프라인,수수료미징구-오프라인-무권유저비용 (C-G),R2_KR5113450401.pdf,,,130,265,405,701,1541,SOURCE_PARSED_NEEDS_REVIEW,,,기간별 비용표에 서로 다른 값 2종 존재; 일반 클래스: Cost Guard 연금 비교 대상 여부 별도 판단,,,,,,,,
13,KR5113450401,C-P,연금저축,오프라인,수수료미징구-오프라인-개인연금 (C-P),R2_KR5113450401.pdf,1.5200,1.5219,156,317,484,836,1825,SOURCE_PARSED_NEEDS_REVIEW,,,기간별 비용표에 서로 다른 값 2종 존재,,,,,,,,
13,KR5113450401,C-PE,연금저축,온라인,수수료미징구-온라인-개인연금 (C-Pe),R2_KR5113450401.pdf,1.0450,1.0470,107,219,335,580,1284,SOURCE_PARSED_NEEDS_REVIEW,,,기간별 비용표에 서로 다른 값 2종 존재,,,,,,,,
13,KR5113450401,C-R,퇴직연금/IRP,오프라인,수수료미징구-오프라인-퇴직연금 (C-R),R2_KR5113450401.pdf,1.2000,1.2019,123,251,384,664,1463,SOURCE_PARSED_NEEDS_REVIEW,,,기간별 비용표에 서로 다른 값 2종 존재,,,,,,,,
13,KR5113450401,C-RE,퇴직연금/IRP,온라인,수수료미징구-온라인-퇴직연금 (C-Re),R2_KR5113450401.pdf,0.8850,0.8872,91,186,284,493,1096,SOURCE_PARSED_NEEDS_REVIEW,,,기간별 비용표에 서로 다른 값 2종 존재,,,,,,,,
13,KR5113450401,C-W,일반,오프라인,수수료미징구-오프라인-랩 (C-W),R2_KR5113450401.pdf,0.5700,0.5720,59,120,184,320,718,SOURCE_PARSED_NEEDS_REVIEW,,,기간별 비용표에 서로 다른 값 2종 존재; 일반 클래스: Cost Guard 연금 비교 대상 여부 별도 판단,,,,,,,,
13,KR5113450401,S,일반,온라인슈퍼,수수료후취-온라인슈퍼 (S),R2_KR5113450401.pdf,0.9200,0.9215,94,193,295,512,1137,SOURCE_PARSED_NEEDS_REVIEW,,,기간별 비용표에 서로 다른 값 4종 존재; 일반 클래스: Cost Guard 연금 비교 대상 여부 별도 판단,,,,,,,,
14,KR5113470030,A,일반,오프라인,수수료선취형(A),R2_KR5113470030.pdf,0.5440,0.5717,148,208,271,405,795,SOURCE_PARSED_NEEDS_REVIEW,,,기간별 비용표에 서로 다른 값 2종 존재; 일반 클래스: Cost Guard 연금 비교 대상 여부 별도 판단,,,,,,,,
14,KR5113470030,A-E,일반,온라인,수수료선취-온라인 (A-e),R2_KR5113470030.pdf,0.3720,122.0000,83,122,164,252,512,SOURCE_PARSED,,,일반 클래스: Cost Guard 연금 비교 대상 여부 별도 판단,,,,,,,,
14,KR5113470030,A-H,일반,오프라인,수수료선취-오프라인-주택마련 (A-H),R2_KR5113470030.pdf,0.5340,0.5599,147,206,267,398,781,SOURCE_PARSED,,,일반 클래스: Cost Guard 연금 비교 대상 여부 별도 판단,,,,,,,,
14,KR5113470030,C,일반,오프라인,수수료미징구형(C),R2_KR5113470030.pdf,1.1440,1.1716,120,245,374,648,1428,SOURCE_PARSED,,,일반 클래스: Cost Guard 연금 비교 대상 여부 별도 판단,,,,,,,,
14,KR5113470030,C-E,일반,온라인,수수료미징구-온라인 (C-e),R2_KR5113470030.pdf,0.6440,0.6717,69,141,216,375,839,SOURCE_PARSED_NEEDS_REVIEW,,,기간별 비용표에 서로 다른 값 2종 존재; 일반 클래스: Cost Guard 연금 비교 대상 여부 별도 판단,,,,,,,,
14,KR5113470030,C-P,연금저축,오프라인,수수료미징구-오프라인-개인연금 (C-P),R2_KR5113470030.pdf,0.6340,0.6615,68,139,212,370,826,SOURCE_PARSED,,,,,,,,,,,
14,KR5113470030,C-PE,연금저축,온라인,수수료미징구-온라인-개인연금 (C-Pe),R2_KR5113470030.pdf,0.3890,0.4167,43,87,134,234,527,SOURCE_PARSED,,,,,,,,,,,
14,KR5113470030,C-W,일반,직판,"수수료미징구-오프라인,직판-랩 (C-W)",R2_KR5113470030.pdf,0.1440,0.1440,15,30,46,81,184,SOURCE_PARSED_NEEDS_REVIEW,,,기간별 비용표에 서로 다른 값 2종 존재; 일반 클래스: Cost Guard 연금 비교 대상 여부 별도 판단,,,,,,,,
14,KR5113470030,S,일반,온라인,수수료후취-온라인슈퍼 (S),R2_KR5113470030.pdf,0.3340,0.3610,"37,000","76,000","116,000","203,000","457,000",SOURCE_PARSED,,,기간별 비용 예시가 없거나 클래스 연결 실패; 일반 클래스: Cost Guard 연금 비교 대상 여부 별도 판단,,,,,,,,
14,KR5113470030,S-P,연금저축,온라인,수수료미징구-온라인슈퍼-개인연금 (S-P),R2_KR5113470030.pdf,0.2910,0.3169,32,66,102,178,402,SOURCE_PARSED,,,,,,,,,,,
15,KR5113470031,A,일반,오프라인,수수료선취형(A),R2_KR5113470031.pdf,0.5440,0.5717,148,208,271,405,795,SOURCE_PARSED_NEEDS_REVIEW,,,기간별 비용표에 서로 다른 값 2종 존재; 일반 클래스: Cost Guard 연금 비교 대상 여부 별도 판단,,,,,,,,
15,KR5113470031,A-E,일반,온라인,수수료선취-온라인 (A-e),R2_KR5113470031.pdf,0.3720,122.0000,83,122,164,252,512,SOURCE_PARSED,,,일반 클래스: Cost Guard 연금 비교 대상 여부 별도 판단,,,,,,,,
15,KR5113470031,A-H,일반,오프라인,수수료선취-오프라인-주택마련 (A-H),R2_KR5113470031.pdf,0.5340,0.5599,147,206,267,398,781,SOURCE_PARSED,,,일반 클래스: Cost Guard 연금 비교 대상 여부 별도 판단,,,,,,,,
15,KR5113470031,C,일반,오프라인,수수료미징구형(C),R2_KR5113470031.pdf,1.1440,1.1716,120,245,374,648,1428,SOURCE_PARSED,,,일반 클래스: Cost Guard 연금 비교 대상 여부 별도 판단,,,,,,,,
15,KR5113470031,C-E,일반,온라인,수수료미징구-온라인 (C-e),R2_KR5113470031.pdf,0.6440,0.6717,69,141,216,375,839,SOURCE_PARSED_NEEDS_REVIEW,,,기간별 비용표에 서로 다른 값 2종 존재; 일반 클래스: Cost Guard 연금 비교 대상 여부 별도 판단,,,,,,,,
15,KR5113470031,C-P,연금저축,오프라인,수수료미징구-오프라인-개인연금 (C-P),R2_KR5113470031.pdf,0.6340,0.6615,68,139,212,370,826,SOURCE_PARSED,,,,,,,,,,,
15,KR5113470031,C-PE,연금저축,온라인,수수료미징구-온라인-개인연금 (C-Pe),R2_KR5113470031.pdf,0.3890,0.4167,43,87,134,234,527,SOURCE_PARSED,,,,,,,,,,,
15,KR5113470031,C-W,일반,직판,"수수료미징구-오프라인,직판-랩 (C-W)",R2_KR5113470031.pdf,0.1440,0.1440,15,30,46,81,184,SOURCE_PARSED_NEEDS_REVIEW,,,기간별 비용표에 서로 다른 값 2종 존재; 일반 클래스: Cost Guard 연금 비교 대상 여부 별도 판단,,,,,,,,
15,KR5113470031,S,일반,온라인,수수료후취-온라인슈퍼 (S),R2_KR5113470031.pdf,0.3340,0.3610,"37,000","76,000","116,000","203,000","457,000",SOURCE_PARSED,,,기간별 비용 예시가 없거나 클래스 연결 실패; 일반 클래스: Cost Guard 연금 비교 대상 여부 별도 판단,,,,,,,,
15,KR5113470031,S-P,연금저축,온라인,수수료미징구-온라인슈퍼-개인연금 (S-P),R2_KR5113470031.pdf,0.2910,0.3169,32,66,102,178,402,SOURCE_PARSED,,,,,,,,,,,
16,KR5114420016,A,일반,불명,수수료선취형(A),R2_KR5114420016.pdf,0.2350,0.2863,28.630,58.030,88.900,155.347,352.808,SOURCE_PARSED,,,일반 클래스: Cost Guard 연금 비교 대상 여부 별도 판단,,,,,,,,
16,KR5114420016,AG,일반,오프라인,수수료선취-오프라인-무권유저비용(Ag),R2_KR5114420016.pdf,0.3350,0.3350,54.430,88.758,124.803,202.389,432.953,SOURCE_PARSED,,,일반 클래스: Cost Guard 연금 비교 대상 여부 별도 판단,,,,,,,,
16,KR5114420016,C-P,연금저축,오프라인,수수료미징구-오프라인-개인연금(C-P),R2_KR5114420016.pdf,0.5590,0.6099,60.988,123.616,189.375,330.921,751.556,SOURCE_PARSED,,,,,,,,,,,
16,KR5114420016,C-PE,연금저축,온라인,수수료미징구-온라인-개인연금(C-Pe),R2_KR5114420016.pdf,0.3720,0.4253,42.526,86.195,132.047,230.745,524.046,SOURCE_PARSED_NEEDS_REVIEW,,,기간별 비용표에 서로 다른 값 3종 존재,,,,,,,,
16,KR5114420016,CF,일반,오프라인,수수료미징구-오프라인-기관(Cf),R2_KR5114420016.pdf,0.2050,0.2522,25.216,51.110,78.299,136.822,310.737,SOURCE_PARSED,,,일반 클래스: Cost Guard 연금 비교 대상 여부 별도 판단,,,,,,,,
16,KR5114420016,CG,일반,오프라인,수수료미징구-오프라인-무권유저비용(Cg),R2_KR5114420016.pdf,0.4650,0.4650,46.500,94.250,144.387,252.308,573.018,SOURCE_PARSED,,,일반 클래스: Cost Guard 연금 비교 대상 여부 별도 판단,,,,,,,,
16,KR5114420016,CW,일반,오프라인,수수료미징구-오프라인-랩(Cw),R2_KR5114420016.pdf,0.1850,0.2326,23.264,47.153,72.236,126.229,286.678,SOURCE_PARSED,,,일반 클래스: Cost Guard 연금 비교 대상 여부 별도 판단,,,,,,,,
16,KR5114420016,I,일반,오프라인,수수료미징구-오프라인-기관(I),R2_KR5114420016.pdf,0.2350,0.2948,29.481,59.755,91.542,159.964,363.295,SOURCE_PARSED,,,일반 클래스: Cost Guard 연금 비교 대상 여부 별도 판단,,,,,,,,
16,KR5114420016,R,일반,오프라인,수수료미징구-오프라인(R),R2_KR5114420016.pdf,0.6000,0.6488,64.883,131.509,201.467,352.052,799.547,SOURCE_PARSED,,,일반 클래스: Cost Guard 연금 비교 대상 여부 별도 판단,,,,,,,,
16,KR5114420016,R-A,일반,오프라인,수수료선취-오프라인(R-A),R2_KR5114420016.pdf,0.4000,0.4566,75.524,122.272,171.357,277.013,590.993,SOURCE_PARSED,,,일반 클래스: Cost Guard 연금 비교 대상 여부 별도 판단,,,,,,,,
16,KR5114420016,R-AE,일반,온라인,수수료선취-온라인(R-Ae),R2_KR5114420016.pdf,0.2930,0.3481,49.763,85.460,122.942,203.622,443.380,SOURCE_PARSED,,,일반 클래스: Cost Guard 연금 비교 대상 여부 별도 판단,,,,,,,,
16,KR5114420016,RE,일반,온라인,수수료미징구-온라인(Re),R2_KR5114420016.pdf,0.3930,0.4522,45.215,91.646,140.398,245.337,557.186,SOURCE_PARSED,,,일반 클래스: Cost Guard 연금 비교 대상 여부 별도 판단,,,,,,,,
16,KR5114420016,S,일반,온라인슈퍼,수수료후취-온라인슈퍼(S),R2_KR5114420016.pdf,0.3350,0.3862,53.560,93.156,134.732,224.224,490.170,SOURCE_PARSED,,,일반 클래스: Cost Guard 연금 비교 대상 여부 별도 판단,,,,,,,,
16,KR5114420016,S-P,연금저축,온라인슈퍼,수수료미징구-온라인슈퍼-개인연금(S-P),R2_KR5114420016.pdf,,,35.750,72.461,111.008,193.980,440.548,SOURCE_PARSED_NEEDS_REVIEW,,,기간별 비용표에 서로 다른 값 2종 존재,,,,,,,,
17,KR5114420022,C,일반,불명,수수료미징구형(C),R2_KR5114420022.pdf,0.9500,0.9607,96.073,194.728,298.316,521.289,"1,183.901",SOURCE_PARSED,,,일반 클래스: Cost Guard 연금 비교 대상 여부 별도 판단,,,,,,,,
17,KR5114420022,CE,연금저축,온라인,수수료미징구-온라인-개인연금(Ce),R2_KR5114420022.pdf,0.6250,0.6356,63.560,128.828,197.360,344.874,783.245,SOURCE_PARSED,,,,,,,,,,,
17,KR5114420022,S-P,연금저축,온라인,수수료미징구-온라인슈퍼-개인연금(S-P),R2_KR5114420022.pdf,0.4200,0.4283,"42,831","86,813","132,995","232,400","527,804",SOURCE_PARSED_NEEDS_REVIEW,,,,,,,,,,,
18,KR5114420027,A,일반,불명,수수료선취형(A),R2_KR5114420027.pdf,0.3000,0.3144,61.347,93.537,127.337,200.090,416.293,SOURCE_PARSED,,,일반 클래스: Cost Guard 연금 비교 대상 여부 별도 판단,,,,,,,,
18,KR5114420027,AE,일반,온라인,수수료선취-온라인(Ae),R2_KR5114420027.pdf,0.2150,0.2295,37.911,61.438,86.141,139.315,297.331,SOURCE_PARSED,,,일반 클래스: Cost Guard 연금 비교 대상 여부 별도 판단,,,,,,,,
18,KR5114420027,C,일반,불명,수수료미징구형(C),R2_KR5114420027.pdf,0.4500,0.4618,46.183,93.608,143.404,250.589,569.114,SOURCE_PARSED,,,일반 클래스: Cost Guard 연금 비교 대상 여부 별도 판단,,,,,,,,
18,KR5114420027,C-P,연금저축,오프라인,수수료미징구-오프라인-개인연금(C-P),R2_KR5114420027.pdf,0.4300,0.4444,44.439,90.073,137.989,241.128,547.626,SOURCE_PARSED,,,,,,,,,,,
18,KR5114420027,C-PE,연금저축,온라인,수수료미징구-온라인-개인연금(C-Pe),R2_KR5114420027.pdf,0.2900,0.3047,30.467,61.752,94.602,165.311,375.438,SOURCE_PARSED_NEEDS_REVIEW,,,기간별 비용표에 서로 다른 값 3종 존재,,,,,,,,
18,KR5114420027,CE,일반,온라인,수수료미징구-온라인(Ce),R2_KR5114420027.pdf,0.2890,0.3035,30.349,61.514,94.237,164.673,373.989,SOURCE_PARSED,,,일반 클래스: Cost Guard 연금 비교 대상 여부 별도 판단,,,,,,,,
18,KR5114420027,CF,일반,오프라인,수수료미징구-오프라인-기관(Cf),R2_KR5114420027.pdf,0.1500,0.1643,16.434,33.310,51.029,89.171,202.516,SOURCE_PARSED,,,일반 클래스: Cost Guard 연금 비교 대상 여부 별도 판단,,,,,,,,
18,KR5114420027,CI,일반,오프라인,수수료미징구-오프라인-고액(Ci),R2_KR5114420027.pdf,0.1600,0.1600,16.000,32.430,49.682,86.816,197.168,SOURCE_PARSED,,,일반 클래스: Cost Guard 연금 비교 대상 여부 별도 판단,,,,,,,,
18,KR5114420027,CW,일반,오프라인,수수료미징구-오프라인-랩(Cw),R2_KR5114420027.pdf,0.1300,0.1300,13.000,26.349,40.366,70.538,160.199,SOURCE_PARSED,,,일반 클래스: Cost Guard 연금 비교 대상 여부 별도 판단,,,,,,,,
18,KR5114420027,CYE,연금저축,온라인,"수수료미징구-온라인-무권유저 비용,개인연금(CYe)",R2_KR5114420027.pdf,0.2500,0.2641,26.409,53.528,82.003,143.295,325.437,SOURCE_PARSED,,,,,,,,,,,
18,KR5114420027,S,일반,온라인슈퍼,수수료후취-온라인슈퍼(S),R2_KR5114420027.pdf,0.2800,0.2918,44.136,74.056,105.471,173.093,374.045,SOURCE_PARSED,,,일반 클래스: Cost Guard 연금 비교 대상 여부 별도 판단,,,,,,,,
18,KR5114420027,S-P,연금저축,온라인슈퍼,수수료미징구-온라인슈퍼-개인연금(S-P),R2_KR5114420027.pdf,,,24.227,49.104,75.226,131.453,298.544,SOURCE_PARSED_NEEDS_REVIEW,,,기간별 비용표에 서로 다른 값 3종 존재,,,,,,,,
19,KR5114420046,C,일반,불명,수수료미징구형(C),R2_KR5114420046.pdf,0.4200,0.4313,43.131,87.422,133.928,234.030,531.507,SOURCE_PARSED,,,일반 클래스: Cost Guard 연금 비교 대상 여부 별도 판단,,,,,,,,
19,KR5114420046,CE,퇴직연금/IRP,온라인,수수료미징구-온라인-퇴직연금(Ce),R2_KR5114420046.pdf,0.2800,0.2913,29.130,59.043,90.452,158.059,358.968,SOURCE_PARSED,,,,,,,,,,,
19,KR5114420046,CF,퇴직연금/IRP,오프라인,"수수료미징구-오프라인-기관,퇴직연금(Cf)",R2_KR5114420046.pdf,0.1700,0.1700,17.000,34.457,52.787,92.242,209.491,SOURCE_PARSED,,,,,,,,,,,
20,KR5114450222,C,일반,불명,수수료미징구형(C),R2_KR5114450222.pdf,1.4700,1.4742,147.420,298.803,457.755,799.900,"1,816.655",SOURCE_PARSED,,,일반 클래스: Cost Guard 연금 비교 대상 여부 별도 판단,,,,,,,,
20,KR5114450222,CE,연금저축,온라인,수수료미징구-온라인-개인연금(Ce),R2_KR5114450222.pdf,0.9950,0.9990,99.896,202.477,310.187,542.034,"1,231.015",SOURCE_PARSED,,,,,,,,,,,
20,KR5114450222,S-P,연금저축,온라인슈퍼,수수료미징구-온라인슈퍼-개인연금(S-P),R2_KR5114450222.pdf,,,80.224,162.604,249.103,435.293,988.595,SOURCE_PARSED_NEEDS_REVIEW,,,,,,,,,,,
21,KR5114450270,C,일반,불명,수수료미징구형(C),R2_KR5114450270.pdf,0.5900,0.6146,61.456,124.564,190.828,333.461,757.323,SOURCE_PARSED,,,일반 클래스: Cost Guard 연금 비교 대상 여부 별도 판단,,,,,,,,
21,KR5114450270,CE,퇴직연금/IRP,온라인,수수료미징구-온라인-퇴직연금(Ce),R2_KR5114450270.pdf,0.3900,0.4148,41.477,84.070,128.792,225.056,511.125,SOURCE_PARSED,,,,,,,,,,,
21,KR5114450270,CF,퇴직연금/IRP,오프라인,"수수료미징구-오프라인-기관,퇴직연금(Cf)",R2_KR5114450270.pdf,0.2200,0.2200,22.000,44.591,68.312,119.372,271.105,SOURCE_PARSED,,,,,,,,,,,
21,KR5114450270,SP,퇴직연금/IRP,온라인슈퍼,수수료미징구-온라인슈퍼-퇴직연금(Sp),R2_KR5114450270.pdf,0.3500,0.3741,37.414,75.833,116.173,203.005,461.046,SOURCE_PARSED,,,,,,,,,,,
22,KR5116501001,C-P,퇴직연금/IRP,오프라인,C-P 수수료미징구-오프라인- 퇴직연금 판매수수료 및 총보수∙비용,R2_KR5116501001.pdf,0.5350,0.5420,56.000,114.000,174.000,304.000,681.000,SOURCE_PARSED_NEEDS_REVIEW,,,기간별 비용표에 서로 다른 값 2종 존재,,,,,,,,
22,KR5116501001,C-PE,퇴직연금/IRP,온라인,C-Pe 수수료미징구-온라인-퇴 직연금 판매수수료 및 총보수∙비용,R2_KR5116501001.pdf,0.3850,0.3850,39.000,81.000,124.000,216.000,487.000,SOURCE_PARSED_NEEDS_REVIEW,,,,,,,,,,,
23,KR5117420097,A-E,일반,온라인,수수료선취-온라인(A-e),R2_KR5117420097.pdf,,,29.000,44.000,60.000,93.000,192.000,SOURCE_PARSED_NEEDS_REVIEW,,,일반 클래스: Cost Guard 연금 비교 대상 여부 별도 판단,,,,,,,,
23,KR5117420097,A-G,일반,오프라인,수수료선취-오프라인-무권유저비 납입금액의 0.210% - 용(A-g),R2_KR5117420097.pdf,0.1500,0.1500,36.000,52.000,69.000,105.000,212.000,SOURCE_PARSED,,,일반 클래스: Cost Guard 연금 비교 대상 여부 별도 판단,,,,,,,,
23,KR5117420097,A1,일반,불명,수수료선취형(A1),R2_KR5117420097.pdf,0.1800,0.1882,49.000,69.000,90.000,136.000,269.000,SOURCE_PARSED,,,일반 클래스: Cost Guard 연금 비교 대상 여부 별도 판단,,,,,,,,
23,KR5117420097,C-E,일반,온라인,수수료미징구-온라인(C-e),R2_KR5117420097.pdf,0.2300,0.2388,24.000,50.000,77.000,134.000,304.000,SOURCE_PARSED,,,일반 클래스: Cost Guard 연금 비교 대상 여부 별도 판단,,,,,,,,
23,KR5117420097,C-F,일반,오프라인,"수수료미징구-오프라인-고액,기관 - - (C-f)",R2_KR5117420097.pdf,0.0950,0.1035,11.000,22.000,33.000,58.000,133.000,SOURCE_PARSED,,,일반 클래스: Cost Guard 연금 비교 대상 여부 별도 판단,,,,,,,,
23,KR5117420097,C-G,일반,오프라인,수수료미징구-오프라인-무권유저 - - 비용(C-g),R2_KR5117420097.pdf,0.2900,,30.000,61.000,93.000,163.000,368.000,SOURCE_PARSED_NEEDS_REVIEW,,,일반 클래스: Cost Guard 연금 비교 대상 여부 별도 판단,,,,,,,,
23,KR5117420097,C-I,일반,오프라인,수수료미징구-오프라인-고액(C-i),R2_KR5117420097.pdf,0.1400,0.0032,15.000,30.000,46.000,81.000,183.000,SOURCE_PARSED,,,일반 클래스: Cost Guard 연금 비교 대상 여부 별도 판단,,,,,,,,
23,KR5117420097,C-P,연금저축,오프라인,수수료미징구-오프라인-개인연금(C-p),R2_KR5117420097.pdf,0.3300,0.0076,35.000,71.000,109.000,190.000,427.000,SOURCE_PARSED,,,,,,,,,,,
23,KR5117420097,C-PE,연금저축,온라인,수수료미징구-온라인-개인연금(C-pe),R2_KR5117420097.pdf,0.2050,0.0087,22.000,45.000,69.000,120.000,272.000,SOURCE_PARSED,,,,,,,,,,,
23,KR5117420097,C-R,퇴직연금/IRP,오프라인,수수료미징구-오프라인-퇴직연금(C-r),R2_KR5117420097.pdf,0.3100,0.0072,32.000,66.000,102.000,178.000,402.000,SOURCE_PARSED,,,,,,,,,,,
23,KR5117420097,C-RE,퇴직연금/IRP,온라인,수수료미징구-온라인-퇴직연금 - - (C-re),R2_KR5117420097.pdf,0.1950,0.0087,21.000,43.000,66.000,115.000,260.000,SOURCE_PARSED,,,,,,,,,,,
23,KR5117420097,C-S,일반,오프라인,수수료미징구-오프라인-고유재산(C-s),R2_KR5117420097.pdf,0.0900,0.0092,10.000,21.000,32.000,56.000,127.000,SOURCE_PARSED,,,일반 클래스: Cost Guard 연금 비교 대상 여부 별도 판단,,,,,,,,
23,KR5117420097,C-W,일반,오프라인,수수료미징구-오프라인-랩(C-w),R2_KR5117420097.pdf,0.0800,0.0002,8.000,17.000,26.000,45.000,103.000,SOURCE_PARSED,,,일반 클래스: Cost Guard 연금 비교 대상 여부 별도 판단,,,,,,,,
23,KR5117420097,C1,일반,불명,수수료미징구형(C1),R2_KR5117420097.pdf,0.3800,0.3888,40.000,81.000,125.000,218.000,491.000,SOURCE_PARSED,,,일반 클래스: Cost Guard 연금 비교 대상 여부 별도 판단,,,,,,,,
24,KR5118201004,A,일반,오프라인,수수료미징구형(A),R2_KR5118201004.pdf,0.5900,0.5923,61.000,124.000,190.000,331.000,740.000,SOURCE_PARSED_NEEDS_REVIEW,,,기간별 비용표에 서로 다른 값 2종 존재; 일반 클래스: Cost Guard 연금 비교 대상 여부 별도 판단,,,,,,,,
24,KR5118201004,A-E,일반,온라인,A-e 수수료미징구- 온라인 판매수수료 및 보수ᆞ비용,R2_KR5118201004.pdf,0.3910,0.3933,40.000,82.000,126.000,221.000,497.000,SOURCE_PARSED_NEEDS_REVIEW,,,기간별 비용표에 서로 다른 값 2종 존재; 일반 클래스: Cost Guard 연금 비교 대상 여부 별도 판단,,,,,,,,
24,KR5118201004,A-G,일반,오프라인,A-G 수수료미징구- 오프라인- 무권유저비용 판매수수료 및 보수ᆞ비용,R2_KR5118201004.pdf,0.4905,0.4905,50.000,103.000,157.000,274.000,616.000,SOURCE_PARSED_NEEDS_REVIEW,,,기간별 비용표에 서로 다른 값 2종 존재; 일반 클래스: Cost Guard 연금 비교 대상 여부 별도 판단,,,,,,,,
24,KR5118201004,B,일반,오프라인,수수료선취형(B),R2_KR5118201004.pdf,0.3920,0.3943,70.000,112.000,156.000,250.000,526.000,SOURCE_PARSED_NEEDS_REVIEW,,,기간별 비용표에 서로 다른 값 2종 존재; 일반 클래스: Cost Guard 연금 비교 대상 여부 별도 판단,,,,,,,,
24,KR5118201004,B-E,일반,온라인,B-e 수수료선취- 온라인 판매수수료 및 보수ᆞ비용,R2_KR5118201004.pdf,0.2920,0.2944,45.000,77.000,110.000,180.000,388.000,SOURCE_PARSED_NEEDS_REVIEW,,,기간별 비용표에 서로 다른 값 2종 존재; 일반 클래스: Cost Guard 연금 비교 대상 여부 별도 판단,,,,,,,,
24,KR5118201004,B-G,일반,오프라인,B-G 수수료선취- 오프라인- 무권유저비용 판매수수료 및 보수ᆞ비용,R2_KR5118201004.pdf,0.3420,0.3443,58.000,94.000,133.000,215.000,457.000,SOURCE_PARSED_NEEDS_REVIEW,,,기간별 비용표에 서로 다른 값 2종 존재; 일반 클래스: Cost Guard 연금 비교 대상 여부 별도 판단,,,,,,,,
24,KR5118201004,B2,일반,오프라인,B2 수수료선취- 오프라인 판매수수료 및 보수ᆞ비용,R2_KR5118201004.pdf,0.2920,0.2941,70.000,101.000,134.000,205.000,412.000,SOURCE_PARSED_NEEDS_REVIEW,,,기간별 비용표에 서로 다른 값 2종 존재; 일반 클래스: Cost Guard 연금 비교 대상 여부 별도 판단,,,,,,,,
24,KR5118201004,C-I,일반,오프라인,C-I 수수료미징구- 오프라인-고액 판매수수료 및 보수ᆞ비용,R2_KR5118201004.pdf,0.2120,0.2143,22.000,45.000,69.000,121.000,273.000,SOURCE_PARSED_NEEDS_REVIEW,,,기간별 비용표에 서로 다른 값 2종 존재; 일반 클래스: Cost Guard 연금 비교 대상 여부 별도 판단,,,,,,,,
24,KR5118201004,C-P,퇴직연금/IRP,오프라인,C-P 수수료미징구- 오프라인- 퇴직연금 판매수수료 및 보수ᆞ비용,R2_KR5118201004.pdf,0.3520,0.3543,36.000,74.000,114.000,199.000,448.000,SOURCE_PARSED_NEEDS_REVIEW,,,기간별 비용표에 서로 다른 값 2종 존재,,,,,,,,
24,KR5118201004,C-P1,연금저축,오프라인,C-P1 수수료미징구- 오프라인- 개인연금 판매수수료 및 보수ᆞ비용,R2_KR5118201004.pdf,0.4710,0.4734,48.000,99.000,152.000,265.000,595.000,SOURCE_PARSED_NEEDS_REVIEW,,,기간별 비용표에 서로 다른 값 2종 존재,,,,,,,,
24,KR5118201004,C-P1E,연금저축,온라인,C-P1e 수수료미징구- 온라인- 개인연금 판매수수료 및 보수ᆞ비용,R2_KR5118201004.pdf,0.3315,0.3339,34.000,70.000,107.000,188.000,423.000,SOURCE_PARSED_NEEDS_REVIEW,,,기간별 비용표에 서로 다른 값 2종 존재,,,,,,,,
24,KR5118201004,C-PE,퇴직연금/IRP,온라인,C-Pe 수수료미징구- 온라인- 퇴직연금 판매수수료 및 보수ᆞ비용,R2_KR5118201004.pdf,0.2720,0.2744,28.000,58.000,88.000,154.000,349.000,SOURCE_PARSED_NEEDS_REVIEW,,,기간별 비용표에 서로 다른 값 2종 존재,,,,,,,,
24,KR5118201004,C-W,일반,오프라인,C-W 수수료미징구- 오프라인-랩 판매수수료 및 보수ᆞ비용,R2_KR5118201004.pdf,0.1920,0.1943,20.000,41.000,63.000,110.000,248.000,SOURCE_PARSED_NEEDS_REVIEW,,,기간별 비용표에 서로 다른 값 2종 존재; 일반 클래스: Cost Guard 연금 비교 대상 여부 별도 판단,,,,,,,,
24,KR5118201004,I,일반,오프라인,I 수수료미징구- 오프라인- 펀드 등 판매수수료 및 보수ᆞ비용,R2_KR5118201004.pdf,0.1920,0.1943,20.000,41.000,63.000,110.000,248.000,SOURCE_PARSED_NEEDS_REVIEW,,,기간별 비용표에 서로 다른 값 2종 존재; 일반 클래스: Cost Guard 연금 비교 대상 여부 별도 판단,,,,,,,,
24,KR5118201004,S,일반,온라인,S 수수료후취- 온라인슈퍼 판매수수료 및 보수ᆞ비용,R2_KR5118201004.pdf,0.2920,0.2939,30.000,62.000,95.000,165.000,373.000,SOURCE_PARSED_NEEDS_REVIEW,,,기간별 비용표에 서로 다른 값 2종 존재; 일반 클래스: Cost Guard 연금 비교 대상 여부 별도 판단,,,,,,,,
24,KR5118201004,S-P,연금저축,온라,S-P 수수료미징구- 온라인슈퍼- 개인연금 판매수수료 및 보수ᆞ비용,R2_KR5118201004.pdf,0.2720,0.2744,28.000,58.000,89.000,156.000,353.000,SOURCE_PARSED_NEEDS_REVIEW,,,기간별 비용표에 서로 다른 값 3종 존재,,,,,,,,
25,KR5118420006,A-E,일반,불명,A-e 판매수수료 및 보수ᆞ비용 (피투자 집합투자기구 보수 포함),R2_KR5118420006.pdf,0.1500,0.1595,31.000,48.000,66.000,105.000,219.000,SOURCE_PARSED_NEEDS_REVIEW,,,기간별 비용표에 서로 다른 값 2종 존재; 일반 클래스: Cost Guard 연금 비교 대상 여부 별도 판단,,,,,,,,
25,KR5118420006,A1,일반,불명,수수료선취형(A1),R2_KR5118420006.pdf,0.2000,0.2095,51.000,74.000,97.000,148.000,296.000,SOURCE_PARSED_NEEDS_REVIEW,,,기간별 비용표에 서로 다른 값 2종 존재; 일반 클래스: Cost Guard 연금 비교 대상 여부 별도 판단,,,,,,,,
25,KR5118420006,A2,일반,오프라인,수수료선취형(A2),R2_KR5118420006.pdf,0.3000,0.3095,52.000,85.000,119.000,194.000,412.000,SOURCE_PARSED_NEEDS_REVIEW,,,기간별 비용표에 서로 다른 값 2종 존재; 일반 클래스: Cost Guard 연금 비교 대상 여부 별도 판단,,,,,,,,
25,KR5118420006,C,일반,오프라인,수수료미징구형(C),R2_KR5118420006.pdf,0.4000,0.4095,42.000,86.000,132.000,230.000,517.000,SOURCE_PARSED_NEEDS_REVIEW,,,기간별 비용표에 서로 다른 값 2종 존재; 일반 클래스: Cost Guard 연금 비교 대상 여부 별도 판단,,,,,,,,
25,KR5118420006,C-E,일반,온라인,C-e 판매수수료 및 보수ᆞ비용 (피투자 집합투자기구 보수 포함),R2_KR5118420006.pdf,0.2500,0.2595,27.000,54.000,84.000,146.000,330.000,SOURCE_PARSED_NEEDS_REVIEW,,,일반 클래스: Cost Guard 연금 비교 대상 여부 별도 판단,,,,,,,,
25,KR5118420006,C-F,일반,오프라인,C-F 오프라인- 판매수수료 및 보수ᆞ비용 (피투자 집합투자기구 보수 포함),R2_KR5118420006.pdf,0.1100,0.1195,12.000,25.000,39.000,67.000,153.000,SOURCE_PARSED_NEEDS_REVIEW,,,기간별 비용표에 서로 다른 값 2종 존재; 일반 클래스: Cost Guard 연금 비교 대상 여부 별도 판단,,,,,,,,
25,KR5118420006,C-I,일반,오프라인,C-I 오프라인- 판매수수료 및 보수ᆞ비용 (피투자 집합투자기구 보수 포함),R2_KR5118420006.pdf,0.1300,0.1395,14.000,29.000,45.000,79.000,179.000,SOURCE_PARSED_NEEDS_REVIEW,,,기간별 비용표에 서로 다른 값 2종 존재; 일반 클래스: Cost Guard 연금 비교 대상 여부 별도 판단,,,,,,,,
25,KR5118420006,C-P,일반,오프라인,C-P 오프라인- 판매수수료 및 보수ᆞ비용 (피투자 집합투자기구 보수 포함),R2_KR5118420006.pdf,0.3000,0.3095,32.000,65.000,100.000,174.000,393.000,SOURCE_PARSED_NEEDS_REVIEW,,,기간별 비용표에 서로 다른 값 2종 존재; 일반 클래스: Cost Guard 연금 비교 대상 여부 별도 판단,,,,,,,,
25,KR5118420006,C-P1,일반,오프라인,C-P1 오프라인- 판매수수료 및 보수ᆞ비용 (피투자 집합투자기구 보수 포함),R2_KR5118420006.pdf,0.2400,0.2495,26.000,52.000,80.000,140.000,318.000,SOURCE_PARSED_NEEDS_REVIEW,,,기간별 비용표에 서로 다른 값 2종 존재; 일반 클래스: Cost Guard 연금 비교 대상 여부 별도 판단,,,,,,,,
25,KR5118420006,C-P1E,일반,온라인,C-P1e 온라인- 판매수수료 및 보수ᆞ비용 (피투자 집합투자기구 보수 포함),R2_KR5118420006.pdf,0.1700,0.1795,18.000,38.000,58.000,101.000,229.000,SOURCE_PARSED_NEEDS_REVIEW,,,기간별 비용표에 서로 다른 값 2종 존재; 일반 클래스: Cost Guard 연금 비교 대상 여부 별도 판단,,,,,,,,
25,KR5118420006,C-PE,일반,온라인,C-Pe 온라인- 판매수수료 및 보수ᆞ비용 (피투자 집합투자기구 보수 포함),R2_KR5118420006.pdf,0.2000,0.2095,21.000,44.000,67.000,118.000,267.000,SOURCE_PARSED_NEEDS_REVIEW,,,기간별 비용표에 서로 다른 값 2종 존재; 일반 클래스: Cost Guard 연금 비교 대상 여부 별도 판단,,,,,,,,
25,KR5118420006,C-PI,일반,오프라인,C-Pi 오프라인- 판매수수료 및 보수ᆞ비용 (피투자 집합투자기구 보수 포함),R2_KR5118420006.pdf,0.1300,0.1395,14.000,29.000,45.000,79.000,179.000,SOURCE_PARSED_NEEDS_REVIEW,,,기간별 비용표에 서로 다른 값 2종 존재; 일반 클래스: Cost Guard 연금 비교 대상 여부 별도 판단,,,,,,,,
25,KR5118420006,C-W,일반,오프라인,C-W 오프라인- 판매수수료 및 보수ᆞ비용 (피투자 집합투자기구 보수 포함),R2_KR5118420006.pdf,0.1000,0.1095,11.000,23.000,35.000,62.000,140.000,SOURCE_PARSED_NEEDS_REVIEW,,,기간별 비용표에 서로 다른 값 2종 존재; 일반 클래스: Cost Guard 연금 비교 대상 여부 별도 판단,,,,,,,,
25,KR5118420006,S,일반,온라인,S 판매수수료 및 보수ᆞ비용 (피투자 집합투자기구 보수 포함),R2_KR5118420006.pdf,0.1400,0.1495,15.000,31.000,48.000,84.000,191.000,SOURCE_PARSED_NEEDS_REVIEW,,,기간별 비용표에 서로 다른 값 2종 존재; 일반 클래스: Cost Guard 연금 비교 대상 여부 별도 판단,,,,,,,,
25,KR5118420006,S-P,일반,온라인,S-P,R2_KR5118420006.pdf,0.1500,0.1595,16.000,33.000,51.000,90.000,204.000,SOURCE_PARSED_NEEDS_REVIEW,,,기간별 비용표에 서로 다른 값 3종 존재; 일반 클래스: Cost Guard 연금 비교 대상 여부 별도 판단,,,,,,,,
26,KR5118420036,A,일반,오프라인,수수료선취형(A),R2_KR5118420036.pdf,0.2200,0.2223,43.000,67.000,91.000,145.000,303.000,SOURCE_PARSED_NEEDS_REVIEW,,,기간별 비용표에 서로 다른 값 2종 존재; 일반 클래스: Cost Guard 연금 비교 대상 여부 별도 판단,,,,,,,,
26,KR5118420036,A-E,일반,온라인,A-e 수수료후취- 온라인슈퍼 판매수수료 및 보수ᆞ비용,R2_KR5118420036.pdf,0.2000,0.2023,31.000,52.000,75.000,124.000,268.000,SOURCE_PARSED_NEEDS_REVIEW,,,기간별 비용표에 서로 다른 값 2종 존재; 일반 클래스: Cost Guard 연금 비교 대상 여부 별도 판단,,,,,,,,
26,KR5118420036,A-G,일반,오프라인,A-G 수수료선취- 오프라인- 무권유저비용 판매수수료 및 보수ᆞ비용,R2_KR5118420036.pdf,0.2075,0.2075,36.000,58.000,82.000,132.000,279.000,SOURCE_PARSED_NEEDS_REVIEW,,,기간별 비용표에 서로 다른 값 2종 존재; 일반 클래스: Cost Guard 연금 비교 대상 여부 별도 판단,,,,,,,,
26,KR5118420036,C,일반,불명,수수료미징구형(C),R2_KR5118420036.pdf,0.5680,0.5703,58.000,119.000,183.000,318.000,714.000,SOURCE_PARSED_NEEDS_REVIEW,,,기간별 비용표에 서로 다른 값 2종 존재; 일반 클래스: Cost Guard 연금 비교 대상 여부 별도 판단,,,,,,,,
26,KR5118420036,C-E,일반,온라인,C-e 수수료미징구- 온라인 판매수수료 및 보수ᆞ비용,R2_KR5118420036.pdf,0.4900,0.4923,50.000,103.000,158.000,275.000,619.000,SOURCE_PARSED_NEEDS_REVIEW,,,기간별 비용표에 서로 다른 값 2종 존재; 일반 클래스: Cost Guard 연금 비교 대상 여부 별도 판단,,,,,,,,
26,KR5118420036,C-F,일반,오프라인,"C-F 수수료미징구- 오프라인-랩, 펀드 등 판매수수료 및 보수ᆞ비용",R2_KR5118420036.pdf,0.1700,0.1723,18.000,36.000,56.000,97.000,220.000,SOURCE_PARSED_NEEDS_REVIEW,,,기간별 비용표에 서로 다른 값 2종 존재; 일반 클래스: Cost Guard 연금 비교 대상 여부 별도 판단,,,,,,,,
26,KR5118420036,C-G,일반,오프라인,C-G 수수료미징구- 오프라인-무권 유저비용 판매수수료 및 보수ᆞ비용,R2_KR5118420036.pdf,0.4685,0.4685,48.000,98.000,150.000,262.000,589.000,SOURCE_PARSED_NEEDS_REVIEW,,,기간별 비용표에 서로 다른 값 2종 존재; 일반 클래스: Cost Guard 연금 비교 대상 여부 별도 판단,,,,,,,,
26,KR5118420036,C-I,일반,오프라인,C-I 수수료미징구- 오프라인-고액 판매수수료 및 보수ᆞ비용,R2_KR5118420036.pdf,0.1800,0.1823,19.000,38.000,59.000,103.000,233.000,SOURCE_PARSED_NEEDS_REVIEW,,,기간별 비용표에 서로 다른 값 2종 존재; 일반 클래스: Cost Guard 연금 비교 대상 여부 별도 판단,,,,,,,,
26,KR5118420036,C-P,퇴직연금/IRP,오프라인,C-P 수수료미징구- 오프라인- 퇴직연금 판매수수료 및 보수ᆞ비용,R2_KR5118420036.pdf,0.3300,0.3322,34.000,70.000,107.000,187.000,421.000,SOURCE_PARSED_NEEDS_REVIEW,,,기간별 비용표에 서로 다른 값 2종 존재,,,,,,,,
26,KR5118420036,C-P1,연금저축,오프라인,C-P1 수수료미징구- 오프라인-개인 연금 판매수수료 및 보수ᆞ비용,R2_KR5118420036.pdf,0.4490,0.4490,46.000,94.000,144.000,251.000,565.000,SOURCE_PARSED_NEEDS_REVIEW,,,기간별 비용표에 서로 다른 값 2종 존재,,,,,,,,
26,KR5118420036,C-P1E,연금저축,온라인,C-P1e 수수료미징구- 온라인- 개인연금 판매수수료 및 보수ᆞ비용,R2_KR5118420036.pdf,0.3095,0.3095,32.000,65.000,100.000,174.000,393.000,SOURCE_PARSED_NEEDS_REVIEW,,,기간별 비용표에 서로 다른 값 2종 존재,,,,,,,,
26,KR5118420036,C-PE,퇴직연금/IRP,온라인,C-Pe 수수료미징구- 온라인- 퇴직연금 판매수수료 및 보수ᆞ비용,R2_KR5118420036.pdf,0.2500,0.2520,26.000,53.000,81.000,142.000,321.000,SOURCE_PARSED_NEEDS_REVIEW,,,기간별 비용표에 서로 다른 값 2종 존재,,,,,,,,
26,KR5118420036,S,일반,온라인,S 수수료후취-온 라인슈퍼 판매수수료 및 보수ᆞ비용,R2_KR5118420036.pdf,0.2000,0.2000,20.000,42.000,64.000,113.000,255.000,SOURCE_PARSED_NEEDS_REVIEW,,,기간별 비용표에 서로 다른 값 2종 존재; 일반 클래스: Cost Guard 연금 비교 대상 여부 별도 판단,,,,,,,,
26,KR5118420036,S-P,연금저축,온라인,S-P 수수료미징구- 온라인슈퍼- 개인연금 판매수수료 및 보수ᆞ비용,R2_KR5118420036.pdf,0.1940,0.1940,20.000,41.000,63.000,109.000,248.000,SOURCE_PARSED_NEEDS_REVIEW,,,기간별 비용표에 서로 다른 값 4종 존재,,,,,,,,
27,KR5118420062,A,일반,오프라인,수수료선취형(A),R2_KR5118420062.pdf,0.2500,0.2594,32.000,59.000,88.000,151.000,335.000,SOURCE_PARSED_NEEDS_REVIEW,,,일반 클래스: Cost Guard 연금 비교 대상 여부 별도 판단,,,,,,,,
27,KR5118420062,A-E,일반,온라인,A-e 수수료선취- 온라인,R2_KR5118420062.pdf,0.2000,0.2094,24.000,47.000,70.000,121.000,270.000,SOURCE_PARSED_NEEDS_REVIEW,,,일반 클래스: Cost Guard 연금 비교 대상 여부 별도 판단,,,,,,,,
27,KR5118420062,A-G,일반,오프라인,A-G,R2_KR5118420062.pdf,0.2125,0.2195,26.000,50.000,74.000,127.000,283.000,SOURCE_PARSED_NEEDS_REVIEW,,,일반 클래스: Cost Guard 연금 비교 대상 여부 별도 판단,,,,,,,,
27,KR5118420062,A2,일반,오프라인,A2 수수료선취- 오프라인,R2_KR5118420062.pdf,0.1000,0.1095,26.000,38.000,50.000,77.000,155.000,SOURCE_PARSED_NEEDS_REVIEW,,,일반 클래스: Cost Guard 연금 비교 대상 여부 별도 판단,,,,,,,,
27,KR5118420062,C,일반,오프라인,수수료미징구형(C),R2_KR5118420062.pdf,0.4500,0.4594,47.000,96.000,147.000,257.000,578.000,SOURCE_PARSED_NEEDS_REVIEW,,,일반 클래스: Cost Guard 연금 비교 대상 여부 별도 판단,,,,,,,,
27,KR5118420062,C-E,일반,온라인,C-e 수수료미징구- 온라인,R2_KR5118420062.pdf,0.2750,0.2844,29.000,60.000,92.000,160.000,361.000,SOURCE_PARSED_NEEDS_REVIEW,,,일반 클래스: Cost Guard 연금 비교 대상 여부 별도 판단,,,,,,,,
27,KR5118420062,C-F,일반,오프라인,C-F 수수료미징구-,R2_KR5118420062.pdf,0.1180,0.1275,13.000,27.000,41.000,72.000,163.000,SOURCE_PARSED_NEEDS_REVIEW,,,일반 클래스: Cost Guard 연금 비교 대상 여부 별도 판단,,,,,,,,
27,KR5118420062,C-G,일반,오프라인,C-G,R2_KR5118420062.pdf,0.3625,0.3701,38.000,77.000,119.000,208.000,468.000,SOURCE_PARSED_NEEDS_REVIEW,,,일반 클래스: Cost Guard 연금 비교 대상 여부 별도 판단,,,,,,,,
27,KR5118420062,C-P,일반,오프라인,C-P 수수료미징구-,R2_KR5118420062.pdf,0.3300,0.3394,35.000,71.000,109.000,191.000,430.000,SOURCE_PARSED_NEEDS_REVIEW,,,일반 클래스: Cost Guard 연금 비교 대상 여부 별도 판단,,,,,,,,
27,KR5118420062,C-P1,일반,오프라인,C-P1 수수료미징구-,R2_KR5118420062.pdf,0.3800,0.3895,40.000,82.000,125.000,218.000,492.000,SOURCE_PARSED_NEEDS_REVIEW,,,일반 클래스: Cost Guard 연금 비교 대상 여부 별도 판단,,,,,,,,
27,KR5118420062,C-P1E,일반,온라인,C-P1e 수수료미징구-,R2_KR5118420062.pdf,0.2400,0.2495,26.000,52.000,80.000,140.000,317.000,SOURCE_PARSED_NEEDS_REVIEW,,,일반 클래스: Cost Guard 연금 비교 대상 여부 별도 판단,,,,,,,,
27,KR5118420062,C-PE,일반,온라인,C-Pe 수수료미징구-,R2_KR5118420062.pdf,0.2150,0.2245,23.000,47.000,72.000,126.000,286.000,SOURCE_PARSED_NEEDS_REVIEW,,,일반 클래스: Cost Guard 연금 비교 대상 여부 별도 판단,,,,,,,,
27,KR5118420062,C-W,일반,오프라인,C-W 수수료미징구- 오프라인-랩,R2_KR5118420062.pdf,0.1000,0.1094,11.000,23.000,35.000,62.000,140.000,SOURCE_PARSED_NEEDS_REVIEW,,,일반 클래스: Cost Guard 연금 비교 대상 여부 별도 판단,,,,,,,,
27,KR5118420062,S,일반,온라인,S 수수료후취- 온라인슈퍼,R2_KR5118420062.pdf,0.1900,0.1994,20.000,42.000,64.000,112.000,254.000,SOURCE_PARSED_NEEDS_REVIEW,,,일반 클래스: Cost Guard 연금 비교 대상 여부 별도 판단,,,,,,,,
27,KR5118420062,S-P,일반,온라인,S-P 수수료미징구-,R2_KR5118420062.pdf,0.1700,0.1794,18.000,38.000,58.000,101.000,229.000,SOURCE_PARSED_NEEDS_REVIEW,,,기간별 비용표에 서로 다른 값 2종 존재; 일반 클래스: Cost Guard 연금 비교 대상 여부 별도 판단,,,,,,,,
28,KR5119450058,A-E,일반,온라인,수수료선취-온라인(A-e),R2_KR5119450058.pdf,1.0400,1.0416,156.000,266.000,380.000,622.000,"1,314.000",SOURCE_PARSED_NEEDS_REVIEW,,,기간별 비용표에 서로 다른 값 2종 존재; 일반 클래스: Cost Guard 연금 비교 대상 여부 별도 판단,,,,,,,,
28,KR5119450058,A1,일반,오프라인,수수료선취형(A1),R2_KR5119450058.pdf,1.3900,1.3912,240.000,386.000,536.000,853.000,"1,750.000",SOURCE_PARSED_NEEDS_REVIEW,,,기간별 비용표에 서로 다른 값 2종 존재; 일반 클래스: Cost Guard 연금 비교 대상 여부 별도 판단,,,,,,,,
28,KR5119450058,C-E,일반,온라인,수수료미징구-온라인(C-e),R2_KR5119450058.pdf,1.1900,0.0016,122.000,248.000,378.000,655.000,"1,443.000",SOURCE_PARSED_NEEDS_REVIEW,,,기간별 비용표에 서로 다른 값 2종 존재; 일반 클래스: Cost Guard 연금 비교 대상 여부 별도 판단,,,,,,,,
28,KR5119450058,C-I,일반,오프라인,"수수료미징구-오프라인-고액,기관 - - (C-i)",R2_KR5119450058.pdf,0.7200,0.7200,74.000,150.000,230.000,400.000,893.000,SOURCE_PARSED_NEEDS_REVIEW,,,기간별 비용표에 서로 다른 값 2종 존재; 일반 클래스: Cost Guard 연금 비교 대상 여부 별도 판단,,,,,,,,
28,KR5119450058,C-P,연금저축,오프라인,수수료미징구-오프라인-개인연금 - - (C-p),R2_KR5119450058.pdf,1.5300,1.5300,156.000,317.000,483.000,834.000,"1,820.000",SOURCE_PARSED_NEEDS_REVIEW,,,기간별 비용표에 서로 다른 값 2종 존재,,,,,,,,
28,KR5119450058,C-PE,연금저축,온라인,수수료미징구-온라인-개인연금 - - (C-pe),R2_KR5119450058.pdf,1.1100,0.0017,113.000,231.000,353.000,612.000,"1,351.000",SOURCE_PARSED_NEEDS_REVIEW,,,기간별 비용표에 서로 다른 값 2종 존재,,,,,,,,
28,KR5119450058,C-R,퇴직연금/IRP,오프라인,수수료미징구-오프라인-퇴직연금(C-r),R2_KR5119450058.pdf,1.4700,0.0016,150.000,305.000,465.000,803.000,"1,756.000",SOURCE_PARSED_NEEDS_REVIEW,,,기간별 비용표에 서로 다른 값 2종 존재,,,,,,,,
28,KR5119450058,C-RE,퇴직연금/IRP,온라인,수수료미징구-온라인-퇴직연금(C-re),R2_KR5119450058.pdf,1.0800,0.0021,110.000,225.000,344.000,596.000,"1,317.000",SOURCE_PARSED_NEEDS_REVIEW,,,기간별 비용표에 서로 다른 값 2종 존재,,,,,,,,
28,KR5119450058,C-W,일반,오프라인,수수료미징구-오프라인-랩(C-w),R2_KR5119450058.pdf,0.6900,0.6900,71.000,144.000,221.000,384.000,858.000,SOURCE_PARSED_NEEDS_REVIEW,,,기간별 비용표에 서로 다른 값 2종 존재; 일반 클래스: Cost Guard 연금 비교 대상 여부 별도 판단,,,,,,,,
28,KR5119450058,C1,일반,오프라인,수수료미징구형(C1),R2_KR5119450058.pdf,1.8900,0.0006,192.000,380.000,552.000,891.000,"1,846.000",SOURCE_PARSED_NEEDS_REVIEW,,,기간별 비용표에 서로 다른 값 2종 존재; 일반 클래스: Cost Guard 연금 비교 대상 여부 별도 판단,,,,,,,,
28,KR5119450058,C2,일반,오프라인,수수료미징구-오프라인-보수체감(C2),R2_KR5119450058.pdf,1.7900,0.0005,,,,,,SOURCE_PARSED,,,기간별 비용 예시가 없거나 클래스 연결 실패; 일반 클래스: Cost Guard 연금 비교 대상 여부 별도 판단,,,,,,,,
28,KR5119450058,C3,일반,오프라인,수수료미징구-오프라인-보수체감 - - (C3),R2_KR5119450058.pdf,1.5900,1.5900,,,,,,SOURCE_PARSED_NEEDS_REVIEW,,,기간별 비용 예시가 없거나 클래스 연결 실패; 일반 클래스: Cost Guard 연금 비교 대상 여부 별도 판단,,,,,,,,
28,KR5119450058,C4,일반,오프라인,수수료미징구-오프라인-보수체감(C4),R2_KR5119450058.pdf,1.4900,1.4900,,,,,,SOURCE_PARSED_NEEDS_REVIEW,,,기간별 비용 예시가 없거나 클래스 연결 실패; 일반 클래스: Cost Guard 연금 비교 대상 여부 별도 판단,,,,,,,,
28,KR5119450058,S,일반,온라인,수수료후취-온라인슈퍼(S),R2_KR5119450058.pdf,1.0300,1.0300,105.000,214.000,328.000,568.000,"1,257.000",SOURCE_PARSED_NEEDS_REVIEW,,,기간별 비용표에 서로 다른 값 2종 존재; 일반 클래스: Cost Guard 연금 비교 대상 여부 별도 판단,,,,,,,,
28,KR5119450058,S-P,연금저축,온라인,수수료미징구-온라인슈퍼-개인연금(S-P),R2_KR5119450058.pdf,0.9400,0.9400,96.000,196.000,300.000,520.000,"1,153.000",SOURCE_PARSED_NEEDS_REVIEW,,,기간별 비용표에 서로 다른 값 2종 존재,,,,,,,,
29,KR5119501001,C-E,퇴직연금/IRP,온라인,수수료미징구-온라인-퇴직연금(C-e),R2_KR5119501001.pdf,0.3150,0.3160,33.000,67.000,104.000,181.000,408.000,SOURCE_PARSED,,,,,,,,,,,
29,KR5119501001,C1,퇴직연금/IRP,오프라인,수수료미징구-오프라인-퇴직연금(C1),R2_KR5119501001.pdf,0.4500,0.4523,47.000,96.000,147.000,257.000,577.000,SOURCE_PARSED,,,,,,,,,,,
30,KR5119520012,A-E,일반,온라인,수수료선취-온라인(A-e),R2_KR5119520012.pdf,0.3500,0.3500,51.000,88.000,127.000,211.000,457.000,SOURCE_PARSED_NEEDS_REVIEW,,,기간별 비용표에 서로 다른 값 2종 존재; 일반 클래스: Cost Guard 연금 비교 대상 여부 별도 판단,,,,,,,,
30,KR5119520012,A-G,일반,오프라인,수수료선취-오프라인-무권유저비 납입금액의 0.210% - 용(A-g),R2_KR5119520012.pdf,0.3900,0.3900,61.000,102.000,146.000,239.000,512.000,SOURCE_PARSED_NEEDS_REVIEW,,,기간별 비용표에 서로 다른 값 2종 존재; 일반 클래스: Cost Guard 연금 비교 대상 여부 별도 판단,,,,,,,,
30,KR5119520012,A1,일반,오프라인,수수료선취형(A1),R2_KR5119520012.pdf,0.4500,0.4500,76.000,124.000,174.000,281.000,595.000,SOURCE_PARSED_NEEDS_REVIEW,,,기간별 비용표에 서로 다른 값 2종 존재; 일반 클래스: Cost Guard 연금 비교 대상 여부 별도 판단,,,,,,,,
30,KR5119520012,C-E,일반,온라인,수수료미징구-온라인(C-e),R2_KR5119520012.pdf,0.4400,0.4400,45.000,92.000,141.000,246.000,554.000,SOURCE_PARSED_NEEDS_REVIEW,,,기간별 비용표에 서로 다른 값 2종 존재; 일반 클래스: Cost Guard 연금 비교 대상 여부 별도 판단,,,,,,,,
30,KR5119520012,C-G,일반,오프라인,수수료미징구-오프라인-무권유저 - - 비용(C-g),R2_KR5119520012.pdf,0.5300,0.5300,54.000,111.000,170.000,296.000,664.000,SOURCE_PARSED_NEEDS_REVIEW,,,기간별 비용표에 서로 다른 값 2종 존재; 일반 클래스: Cost Guard 연금 비교 대상 여부 별도 판단,,,,,,,,
30,KR5119520012,C-I,일반,오프라인,"수수료미징구-오프라인-고액,기관 - - (C-i)",R2_KR5119520012.pdf,0.2800,0.2800,29.000,59.000,90.000,157.000,356.000,SOURCE_PARSED_NEEDS_REVIEW,,,기간별 비용표에 서로 다른 값 4종 존재; 일반 클래스: Cost Guard 연금 비교 대상 여부 별도 판단,,,,,,,,
30,KR5119520012,C-I2,일반,오프라인,"수수료미징구-오프라인-퇴직연 험 금,고액(C-i2)",R2_KR5119520012.pdf,0.2600,0.2600,"27,000","54,000","84,000","146,000","331,000",SOURCE_PARSED,,,기간별 비용 예시가 없거나 클래스 연결 실패; 일반 클래스: Cost Guard 연금 비교 대상 여부 별도 판단,,,,,,,,
30,KR5119520012,C-P,연금저축,오프라인,수수료미징구-오프라인-개인연금 - - (C-p),R2_KR5119520012.pdf,0.5500,0.5500,56.000,115.000,176.000,307.000,689.000,SOURCE_PARSED_NEEDS_REVIEW,,,기간별 비용표에 서로 다른 값 2종 존재,,,,,,,,
30,KR5119520012,C-PE,연금저축,온라인,수수료미징구-온라인-개인연금 - - (C-pe),R2_KR5119520012.pdf,0.4000,0.4000,41.000,84.000,128.000,224.000,505.000,SOURCE_PARSED_NEEDS_REVIEW,,,기간별 비용표에 서로 다른 값 2종 존재,,,,,,,,
30,KR5119520012,C-R,퇴직연금/IRP,오프라인,수수료미징구-오프라인-퇴직연금(C-r),R2_KR5119520012.pdf,0.4500,0.4535,47.000,96.000,148.000,258.000,580.000,SOURCE_PARSED_NEEDS_REVIEW,,,기간별 비용표에 서로 다른 값 2종 존재,,,,,,,,
30,KR5119520012,C-RE,퇴직연금/IRP,온라인,수수료미징구-온라인-퇴직연금(C-re),R2_KR5119520012.pdf,0.3500,0.3536,37.000,76.000,116.000,202.000,456.000,SOURCE_PARSED_NEEDS_REVIEW,,,기간별 비용표에 서로 다른 값 2종 존재,,,,,,,,
30,KR5119520012,C-W,일반,오프라인,수수료미징구-오프라인-랩(C-w),R2_KR5119520012.pdf,0.2500,0.2500,26.000,52.000,80.000,141.000,318.000,SOURCE_PARSED_NEEDS_REVIEW,,,기간별 비용표에 서로 다른 값 2종 존재; 일반 클래스: Cost Guard 연금 비교 대상 여부 별도 판단,,,,,,,,
30,KR5119520012,C1,일반,오프라인,수수료미징구형(C1),R2_KR5119520012.pdf,0.6500,0.6500,66.000,136.000,208.000,362.000,810.000,SOURCE_PARSED_NEEDS_REVIEW,,,기간별 비용표에 서로 다른 값 2종 존재; 일반 클래스: Cost Guard 연금 비교 대상 여부 별도 판단,,,,,,,,
30,KR5119520012,S,일반,온라인,수수료후취-온라인슈퍼(S),R2_KR5119520012.pdf,0.3450,0.3450,36.000,74.000,113.000,197.000,445.000,SOURCE_PARSED_NEEDS_REVIEW,,,기간별 비용표에 서로 다른 값 2종 존재; 일반 클래스: Cost Guard 연금 비교 대상 여부 별도 판단,,,,,,,,
30,KR5119520012,S-P,연금저축,온라인,수수료미징구-온라인슈퍼-개인연금(S-P),R2_KR5119520012.pdf,0.3340,0.3340,35.000,71.000,110.000,191.000,431.000,SOURCE_PARSED_NEEDS_REVIEW,,,기간별 비용표에 서로 다른 값 2종 존재,,,,,,,,
30,KR5119520012,S-R,퇴직연금/IRP,온라인,수수료미징구-온라인슈퍼-퇴직연금(S-R),R2_KR5119520012.pdf,0.3240,0.3240,34.000,69.000,106.000,186.000,419.000,SOURCE_PARSED_NEEDS_REVIEW,,,기간별 비용표에 서로 다른 값 2종 존재,,,,,,,,
31,KR5120420039,A,일반,오프라인,수수료선취형(A),R2_KR5120420039.pdf,0.1195,0.1301,15.000,29.000,44.000,76.000,170.000,SOURCE_PARSED,,,일반 클래스: Cost Guard 연금 비교 대상 여부 별도 판단,,,,,,,,
31,KR5120420039,A-I,일반,오프라인,수수료선취-오프라인-고액(A-i),R2_KR5120420039.pdf,0.1495,0.1601,26.000,44.000,62.000,101.000,216.000,SOURCE_PARSED_NEEDS_REVIEW,,,기간별 비용표에 서로 다른 값 2종 존재; 일반 클래스: Cost Guard 연금 비교 대상 여부 별도 판단,,,,,,,,
31,KR5120420039,A2,일반,오프라인,수수료선취-오프라인(A2),R2_KR5120420039.pdf,0.3195,0.3295,64.000,99.000,136.000,216.000,453.000,SOURCE_PARSED_NEEDS_REVIEW,,,기간별 비용표에 서로 다른 값 3종 존재; 일반 클래스: Cost Guard 연금 비교 대상 여부 별도 판단,,,,,,,,
31,KR5120420039,AE,일반,온라인,수수료선취-온라인(Ae),R2_KR5120420039.pdf,0.2195,0.2298,38.000,63.000,89.000,145.000,311.000,SOURCE_PARSED_NEEDS_REVIEW,,,기간별 비용표에 서로 다른 값 3종 존재; 일반 클래스: Cost Guard 연금 비교 대상 여부 별도 판단,,,,,,,,
31,KR5120420039,AG,일반,오프라인,수수료선취-오프라인-무권유저비용(AG),R2_KR5120420039.pdf,0.2595,0.2595,,,,,,SOURCE_PARSED,,,기간별 비용 예시가 없거나 클래스 연결 실패; 일반 클래스: Cost Guard 연금 비교 대상 여부 별도 판단,,,,,,,,
31,KR5120420039,C-P2,연금저축,오프라인,수수료미징구-오프라인-개인연금(C-P2),R2_KR5120420039.pdf,0.3695,0.3802,39.000,80.000,123.000,215.000,490.000,SOURCE_PARSED_NEEDS_REVIEW,,,,,,,,,,,
31,KR5120420039,C-P2E,연금저축,온라인,수수료미징구-온라인-개인연금(C-P2e),R2_KR5120420039.pdf,0.2395,0.2500,26.000,53.000,81.000,142.000,322.000,SOURCE_PARSED_NEEDS_REVIEW,,,기간별 비용표에 서로 다른 값 2종 존재,,,,,,,,
31,KR5120420039,C-PE,퇴직연금/IRP,온라인,수수료미징구-온라인-퇴직연금(C-Pe),R2_KR5120420039.pdf,0.2195,0.2299,24.000,48.000,74.000,130.000,296.000,SOURCE_PARSED_NEEDS_REVIEW,,,기간별 비용표에 서로 다른 값 2종 존재,,,,,,,,
31,KR5120420039,C1,일반,오프라인,수수료미징구-오프라인(C1),R2_KR5120420039.pdf,0.4195,0.4297,44.000,90.000,139.000,243.000,554.000,SOURCE_PARSED_NEEDS_REVIEW,,,기간별 비용표에 서로 다른 값 2종 존재; 일반 클래스: Cost Guard 연금 비교 대상 여부 별도 판단,,,,,,,,
31,KR5120420039,C2,일반,오프라인,수수료미징구-오프라인-고액(C2),R2_KR5120420039.pdf,0.3195,0.3289,34.000,69.000,106.000,186.000,424.000,SOURCE_PARSED_NEEDS_REVIEW,,,기간별 비용표에 서로 다른 값 2종 존재; 일반 클래스: Cost Guard 연금 비교 대상 여부 별도 판단,,,,,,,,
31,KR5120420039,CE,일반,온라인,수수료미징구-온라인(CE),R2_KR5120420039.pdf,0.2695,0.2796,29.000,59.000,90.000,158.000,361.000,SOURCE_PARSED_NEEDS_REVIEW,,,기간별 비용표에 서로 다른 값 2종 존재; 일반 클래스: Cost Guard 연금 비교 대상 여부 별도 판단,,,,,,,,
31,KR5120420039,CF,일반,오프라인,수수료미징구-오프라인-기관 준하는 자를 포함한다) (CF),R2_KR5120420039.pdf,0.1695,0.1801,18.000,38.000,58.000,102.000,232.000,SOURCE_PARSED,,,일반 클래스: Cost Guard 연금 비교 대상 여부 별도 판단,,,,,,,,
31,KR5120420039,CG,일반,오프라인,수수료미징구-오프라인-무권유저비용(CG),R2_KR5120420039.pdf,0.3295,0.3295,34.000,69.000,106.000,187.000,425.000,SOURCE_PARSED,,,일반 클래스: Cost Guard 연금 비교 대상 여부 별도 판단,,,,,,,,
31,KR5120420039,CP,퇴직연금/IRP,오프라인,수수료미징구-오프라인-퇴직연금(CP),R2_KR5120420039.pdf,0.3195,0.3299,34.000,69.000,107.000,187.000,425.000,SOURCE_PARSED,,,,,,,,,,,
31,KR5120420039,CW,일반,오프라인,수수료미징구-오프라인-랩(CW),R2_KR5120420039.pdf,0.1195,0.1301,13.000,27.000,42.000,74.000,168.000,SOURCE_PARSED_NEEDS_REVIEW,,,기간별 비용표에 서로 다른 값 3종 존재; 일반 클래스: Cost Guard 연금 비교 대상 여부 별도 판단,,,,,,,,
31,KR5120420039,S,일반,온라인,수수료후취-온라인 슈퍼(S),R2_KR5120420039.pdf,0.2095,0.2198,23.000,46.000,71.000,124.000,283.000,SOURCE_PARSED,,,일반 클래스: Cost Guard 연금 비교 대상 여부 별도 판단,,,,,,,,
31,KR5120420039,S-P,연금저축,온라인,수수료미징구-온라인 슈퍼-개인연금(S-P),R2_KR5120420039.pdf,0.1995,0.2102,22.000,44.000,68.000,119.000,271.000,SOURCE_PARSED_NEEDS_REVIEW,,,,,,,,,,,
32,KR5120420091,A,일반,오프라인,수수료선취형(A),R2_KR5120420091.pdf,0.3450,0.3471,45.000,82.000,121.000,205.000,454.000,SOURCE_PARSED_NEEDS_REVIEW,,,기간별 비용표에 서로 다른 값 2종 존재; 일반 클래스: Cost Guard 연금 비교 대상 여부 별도 판단,,,,,,,,
32,KR5120420091,AE,일반,온라인,수수료선취-온라인(Ae),R2_KR5120420091.pdf,0.2350,0.2365,29.000,54.000,81.000,138.000,308.000,SOURCE_PARSED_NEEDS_REVIEW,,,기간별 비용표에 서로 다른 값 2종 존재; 일반 클래스: Cost Guard 연금 비교 대상 여부 별도 판단,,,,,,,,
32,KR5120420091,AG,퇴직연금/IRP,온라인,수수료미징구-온라인-퇴직연금(C-Re(퇴직연금)) DZ383 수수료선취-오프라인-무권유저비용(AG),R2_KR5120420091.pdf,0.2640,0.2640,32.000,60.000,90.000,154.000,345.000,SOURCE_PARSED_NEEDS_REVIEW,,,,,,,,,,,
32,KR5120420091,C,일반,오프라인,수수료미징구형(C),R2_KR5120420091.pdf,0.4250,0.4274,44.000,89.000,137.000,241.000,548.000,SOURCE_PARSED_NEEDS_REVIEW,,,기간별 비용표에 서로 다른 값 2종 존재; 일반 클래스: Cost Guard 연금 비교 대상 여부 별도 판단,,,,,,,,
32,KR5120420091,C-F,일반,오프라인,수수료미징구-오프라인-기관등(C-F),R2_KR5120420091.pdf,0.1550,0.1574,16.000,33.000,50.000,88.000,200.000,SOURCE_PARSED_NEEDS_REVIEW,,,일반 클래스: Cost Guard 연금 비교 대상 여부 별도 판단,,,,,,,,
32,KR5120420091,C-I,일반,오프라인,수수료미징구-오프라인-고액(C-I),R2_KR5120420091.pdf,0.1850,0.1850,19.000,39.000,60.000,105.000,238.000,SOURCE_PARSED_NEEDS_REVIEW,,,일반 클래스: Cost Guard 연금 비교 대상 여부 별도 판단,,,,,,,,
32,KR5120420091,C-W,일반,오프라인,수수료미징구-오프라인-랩(C-W),R2_KR5120420091.pdf,0.1250,0.1250,13.000,26.000,40.000,71.000,161.000,SOURCE_PARSED_NEEDS_REVIEW,,,기간별 비용표에 서로 다른 값 5종 존재; 일반 클래스: Cost Guard 연금 비교 대상 여부 별도 판단,,,,,,,,
32,KR5120420091,CE,일반,온라인,수수료미징구-온라인(Ce),R2_KR5120420091.pdf,0.2750,0.2773,28.000,58.000,89.000,156.000,355.000,SOURCE_PARSED_NEEDS_REVIEW,,,일반 클래스: Cost Guard 연금 비교 대상 여부 별도 판단,,,,,,,,
32,KR5120420091,CG,일반,오프라인,수수료미징구-오프라인-무권유저비용(CG),R2_KR5120420091.pdf,0.3140,0.3140,32.000,66.000,101.000,178.000,405.000,SOURCE_PARSED_NEEDS_REVIEW,,,일반 클래스: Cost Guard 연금 비교 대상 여부 별도 판단,,,,,,,,
32,KR5120420091,S,일반,온라인,수수료후취-온라인 슈퍼(S),R2_KR5120420091.pdf,0.2250,0.2272,23.000,47.000,73.000,127.000,290.000,SOURCE_PARSED_NEEDS_REVIEW,,,일반 클래스: Cost Guard 연금 비교 대상 여부 별도 판단,,,,,,,,
32,KR5120420091,S-P,연금저축,온라인,수수료미징구-온라인 슈퍼-개인연금(S-P),R2_KR5120420091.pdf,0.2050,0.2073,21.000,43.000,66.000,116.000,264.000,SOURCE_PARSED_NEEDS_REVIEW,,,,,,,,,,,
33,KR5120450015,A1,일반,오프라인,수수료선취-오프라인(A1),R2_KR5120450015.pdf,0.6450,0.6467,145.000,214.000,286.000,442.000,904.000,SOURCE_PARSED_NEEDS_REVIEW,,,기간별 비용표에 서로 다른 값 3종 존재; 일반 클래스: Cost Guard 연금 비교 대상 여부 별도 판단,,,,,,,,
33,KR5120450015,AE,일반,온라인,수수료선취-온라인(Ae),R2_KR5120450015.pdf,0.4050,0.4072,39.000,81.000,124.000,217.000,495.000,SOURCE_PARSED,,,일반 클래스: Cost Guard 연금 비교 대상 여부 별도 판단,,,,,,,,
33,KR5120450015,AF,일반,오프라인,수수료미징구-오프라인-주택마련(C(장마)) 92663 수수료선취-오프라인-기관(Af),R2_KR5120450015.pdf,0.1650,0.1667,20.000,38.000,56.000,96.000,216.000,SOURCE_PARSED_NEEDS_REVIEW,,,기간별 비용표에 서로 다른 값 2종 존재; 일반 클래스: Cost Guard 연금 비교 대상 여부 별도 판단,,,,,,,,
33,KR5120450015,AG,일반,오프라인,수수료선취-오프라인-무권유저비용(AG),R2_KR5120450015.pdf,0.5150,0.5150,92.000,148.000,206.000,330.000,701.000,SOURCE_PARSED_NEEDS_REVIEW,,,기간별 비용표에 서로 다른 값 2종 존재; 일반 클래스: Cost Guard 연금 비교 대상 여부 별도 판단,,,,,,,,
33,KR5120450015,C-P2,연금저축,오프라인,수수료미징구-오프라인-개인연금(C-P2),R2_KR5120450015.pdf,0.7850,0.7869,"80,000","165,000","254,000","445,000","1,012,000",SOURCE_PARSED,,,기간별 비용 예시가 없거나 클래스 연결 실패,,,,,,,,
33,KR5120450015,C-P2E,연금저축,온라인,수수료미징구-온라인-개인연금(C-P2e),R2_KR5120450015.pdf,0.4750,0.4771,,,,,,SOURCE_PARSED,,,기간별 비용 예시가 없거나 클래스 연결 실패,,,,,,,,
33,KR5120450015,C-PE,퇴직연금/IRP,온라인,수수료미징구-온라인-퇴직연금(C-Pe),R2_KR5120450015.pdf,0.4650,0.4670,"48,000","98,000","150,000","263,000","599,000",SOURCE_PARSED,,,기간별 비용 예시가 없거나 클래스 연결 실패,,,,,,,,
33,KR5120450015,C1,일반,오프라인,수수료미징구-오프라인-보수체감(C1),R2_KR5120450015.pdf,1.2850,1.2858,83.000,129.000,176.000,279.000,585.000,SOURCE_PARSED,,,일반 클래스: Cost Guard 연금 비교 대상 여부 별도 판단,,,,,,,,
33,KR5120450015,C2,일반,오프라인,수수료미징구-오프라인-보수체감(C2),R2_KR5120450015.pdf,1.1750,1.1766,,,,,,SOURCE_PARSED,,,기간별 비용 예시가 없거나 클래스 연결 실패; 일반 클래스: Cost Guard 연금 비교 대상 여부 별도 판단,,,,,,,,
33,KR5120450015,C3,일반,오프라인,수수료미징구-오프라인-보수체감(C3),R2_KR5120450015.pdf,1.0750,1.0767,,,,,,SOURCE_PARSED,,,기간별 비용 예시가 없거나 클래스 연결 실패; 일반 클래스: Cost Guard 연금 비교 대상 여부 별도 판단,,,,,,,,
33,KR5120450015,C4,일반,오프라인,수수료미징구-오프라인-보수체감(C4),R2_KR5120450015.pdf,0.9850,0.9867,,,,,,SOURCE_PARSED,,,기간별 비용 예시가 없거나 클래스 연결 실패; 일반 클래스: Cost Guard 연금 비교 대상 여부 별도 판단,,,,,,,,
33,KR5120450015,CE,일반,온라인,수수료미징구-온라인(Ce),R2_KR5120450015.pdf,0.3650,0.3667,37.000,77.000,118.000,207.000,471.000,SOURCE_PARSED_NEEDS_REVIEW,,,기간별 비용표에 서로 다른 값 4종 존재; 일반 클래스: Cost Guard 연금 비교 대상 여부 별도 판단,,,,,,,,
33,KR5120450015,CF,일반,오프라인,수수료미징구-오프라인-기관(Cf),R2_KR5120450015.pdf,0.1950,0.1950,"20,000","41,000","63,000","110,000","249,000",SOURCE_PARSED,,,기간별 비용 예시가 없거나 클래스 연결 실패; 일반 클래스: Cost Guard 연금 비교 대상 여부 별도 판단,,,,,,,,
33,KR5120450015,CG,일반,오프라인,수수료미징구-오프라인-무권유저비용(CG),R2_KR5120450015.pdf,0.9450,0.9450,97.000,198.000,302.000,525.000,"1,165.000",SOURCE_PARSED_NEEDS_REVIEW,,,일반 클래스: Cost Guard 연금 비교 대상 여부 별도 판단,,,,,,,,
33,KR5120450015,CH,일반,오프라인,수수료미징구-오프라인-고액(Ch),R2_KR5120450015.pdf,0.4150,0.4150,43.000,88.000,134.000,235.000,528.000,SOURCE_PARSED_NEEDS_REVIEW,,,기간별 비용표에 서로 다른 값 2종 존재; 일반 클래스: Cost Guard 연금 비교 대상 여부 별도 판단,,,,,,,,
33,KR5120450015,CP,퇴직연금/IRP,오프라인,수수료미징구-오프라인-퇴직연금(CP),R2_KR5120450015.pdf,0.7650,0.7667,78.000,161.000,247.000,433.000,986.000,SOURCE_PARSED_NEEDS_REVIEW,,,기간별 비용표에 서로 다른 값 2종 존재,,,,,,,,
33,KR5120450015,CW,일반,오프라인,수수료미징구-오프라인-랩(CW),R2_KR5120450015.pdf,0.1650,0.1667,17.000,35.000,53.000,93.000,213.000,SOURCE_PARSED_NEEDS_REVIEW,,,기간별 비용표에 서로 다른 값 2종 존재; 일반 클래스: Cost Guard 연금 비교 대상 여부 별도 판단,,,,,,,,
33,KR5120450015,S,일반,온라인,수수료후취-온라인 슈퍼(S),R2_KR5120450015.pdf,0.3150,0.3166,32.000,66.000,102.000,178.000,406.000,SOURCE_PARSED_NEEDS_REVIEW,,,기간별 비용표에 서로 다른 값 2종 존재; 일반 클래스: Cost Guard 연금 비교 대상 여부 별도 판단,,,,,,,,
33,KR5120450015,S-P,퇴직연금/IRP,온라인,수수료미징구-온라인슈퍼-퇴직연금(S-P),R2_KR5120450015.pdf,0.2950,0.2966,"30,000","62,000","95,000","167,000","380,000",SOURCE_PARSED,,,기간별 비용 예시가 없거나 클래스 연결 실패,,,,,,,,
34,KR5120450018,A1,일반,오프라인,수수료선취-오프라인(A1),R2_KR5120450018.pdf,0.6450,0.6467,145.000,214.000,286.000,442.000,904.000,SOURCE_PARSED_NEEDS_REVIEW,,,기간별 비용표에 서로 다른 값 3종 존재; 일반 클래스: Cost Guard 연금 비교 대상 여부 별도 판단,,,,,,,,
34,KR5120450018,AE,일반,온라인,수수료선취-온라인(Ae),R2_KR5120450018.pdf,0.4050,0.4072,39.000,81.000,124.000,217.000,495.000,SOURCE_PARSED,,,일반 클래스: Cost Guard 연금 비교 대상 여부 별도 판단,,,,,,,,
34,KR5120450018,AF,일반,오프라인,수수료미징구-오프라인-주택마련(C(장마)) 92663 수수료선취-오프라인-기관(Af),R2_KR5120450018.pdf,0.1650,0.1667,20.000,38.000,56.000,96.000,216.000,SOURCE_PARSED_NEEDS_REVIEW,,,기간별 비용표에 서로 다른 값 2종 존재; 일반 클래스: Cost Guard 연금 비교 대상 여부 별도 판단,,,,,,,,
34,KR5120450018,AG,일반,오프라인,수수료선취-오프라인-무권유저비용(AG),R2_KR5120450018.pdf,0.5150,0.5150,92.000,148.000,206.000,330.000,701.000,SOURCE_PARSED_NEEDS_REVIEW,,,기간별 비용표에 서로 다른 값 2종 존재; 일반 클래스: Cost Guard 연금 비교 대상 여부 별도 판단,,,,,,,,
34,KR5120450018,C-P2,연금저축,오프라인,수수료미징구-오프라인-개인연금(C-P2),R2_KR5120450018.pdf,0.7850,0.7869,"80,000","165,000","254,000","445,000","1,012,000",SOURCE_PARSED,,,기간별 비용 예시가 없거나 클래스 연결 실패,,,,,,,,
34,KR5120450018,C-P2E,연금저축,온라인,수수료미징구-온라인-개인연금(C-P2e),R2_KR5120450018.pdf,0.4750,0.4771,,,,,,SOURCE_PARSED,,,기간별 비용 예시가 없거나 클래스 연결 실패,,,,,,,,
34,KR5120450018,C-PE,퇴직연금/IRP,온라인,수수료미징구-온라인-퇴직연금(C-Pe),R2_KR5120450018.pdf,0.4650,0.4670,"48,000","98,000","150,000","263,000","599,000",SOURCE_PARSED,,,기간별 비용 예시가 없거나 클래스 연결 실패,,,,,,,,
34,KR5120450018,C1,일반,오프라인,수수료미징구-오프라인-보수체감(C1),R2_KR5120450018.pdf,1.2850,1.2858,83.000,129.000,176.000,279.000,585.000,SOURCE_PARSED,,,일반 클래스: Cost Guard 연금 비교 대상 여부 별도 판단,,,,,,,,
34,KR5120450018,C2,일반,오프라인,수수료미징구-오프라인-보수체감(C2),R2_KR5120450018.pdf,1.1750,1.1766,,,,,,SOURCE_PARSED,,,기간별 비용 예시가 없거나 클래스 연결 실패; 일반 클래스: Cost Guard 연금 비교 대상 여부 별도 판단,,,,,,,,
34,KR5120450018,C3,일반,오프라인,수수료미징구-오프라인-보수체감(C3),R2_KR5120450018.pdf,1.0750,1.0767,,,,,,SOURCE_PARSED,,,기간별 비용 예시가 없거나 클래스 연결 실패; 일반 클래스: Cost Guard 연금 비교 대상 여부 별도 판단,,,,,,,,
34,KR5120450018,C4,일반,오프라인,수수료미징구-오프라인-보수체감(C4),R2_KR5120450018.pdf,0.9850,0.9867,,,,,,SOURCE_PARSED,,,기간별 비용 예시가 없거나 클래스 연결 실패; 일반 클래스: Cost Guard 연금 비교 대상 여부 별도 판단,,,,,,,,
34,KR5120450018,CE,일반,온라인,수수료미징구-온라인(Ce),R2_KR5120450018.pdf,0.3650,0.3667,37.000,77.000,118.000,207.000,471.000,SOURCE_PARSED_NEEDS_REVIEW,,,기간별 비용표에 서로 다른 값 4종 존재; 일반 클래스: Cost Guard 연금 비교 대상 여부 별도 판단,,,,,,,,
34,KR5120450018,CF,일반,오프라인,수수료미징구-오프라인-기관(Cf),R2_KR5120450018.pdf,0.1950,0.1950,"20,000","41,000","63,000","110,000","249,000",SOURCE_PARSED,,,기간별 비용 예시가 없거나 클래스 연결 실패; 일반 클래스: Cost Guard 연금 비교 대상 여부 별도 판단,,,,,,,,
34,KR5120450018,CG,일반,오프라인,수수료미징구-오프라인-무권유저비용(CG),R2_KR5120450018.pdf,0.9450,0.9450,97.000,198.000,302.000,525.000,"1,165.000",SOURCE_PARSED_NEEDS_REVIEW,,,일반 클래스: Cost Guard 연금 비교 대상 여부 별도 판단,,,,,,,,
34,KR5120450018,CH,일반,오프라인,수수료미징구-오프라인-고액(Ch),R2_KR5120450018.pdf,0.4150,0.4150,43.000,88.000,134.000,235.000,528.000,SOURCE_PARSED_NEEDS_REVIEW,,,기간별 비용표에 서로 다른 값 2종 존재; 일반 클래스: Cost Guard 연금 비교 대상 여부 별도 판단,,,,,,,,
34,KR5120450018,CP,퇴직연금/IRP,오프라인,수수료미징구-오프라인-퇴직연금(CP),R2_KR5120450018.pdf,0.7650,0.7667,78.000,161.000,247.000,433.000,986.000,SOURCE_PARSED_NEEDS_REVIEW,,,기간별 비용표에 서로 다른 값 2종 존재,,,,,,,,
34,KR5120450018,CW,일반,오프라인,수수료미징구-오프라인-랩(CW),R2_KR5120450018.pdf,0.1650,0.1667,17.000,35.000,53.000,93.000,213.000,SOURCE_PARSED_NEEDS_REVIEW,,,기간별 비용표에 서로 다른 값 2종 존재; 일반 클래스: Cost Guard 연금 비교 대상 여부 별도 판단,,,,,,,,
34,KR5120450018,S,일반,온라인,수수료후취-온라인 슈퍼(S),R2_KR5120450018.pdf,0.3150,0.3166,32.000,66.000,102.000,178.000,406.000,SOURCE_PARSED_NEEDS_REVIEW,,,기간별 비용표에 서로 다른 값 2종 존재; 일반 클래스: Cost Guard 연금 비교 대상 여부 별도 판단,,,,,,,,
34,KR5120450018,S-P,퇴직연금/IRP,온라인,수수료미징구-온라인슈퍼-퇴직연금(S-P),R2_KR5120450018.pdf,0.2950,0.2966,"30,000","62,000","95,000","167,000","380,000",SOURCE_PARSED,,,기간별 비용 예시가 없거나 클래스 연결 실패,,,,,,,,
35,KR5120451001,A1,일반,오프라인,수수료선취-오프라인(A1),R2_KR5120451001.pdf,0.3850,0.3868,119.000,160.000,203.000,297.000,574.000,SOURCE_PARSED_NEEDS_REVIEW,,,기간별 비용표에 서로 다른 값 2종 존재; 일반 클래스: Cost Guard 연금 비교 대상 여부 별도 판단,,,,,,,,
35,KR5120451001,AE,일반,온라인,수수료선취-온라인(Ae),R2_KR5120451001.pdf,0.2750,0.2753,68.000,97.000,128.000,195.000,393.000,SOURCE_PARSED_NEEDS_REVIEW,,,기간별 비용표에 서로 다른 값 2종 존재; 일반 클래스: Cost Guard 연금 비교 대상 여부 별도 판단,,,,,,,,
35,KR5120451001,C-H,일반,오프라인,수수료미징구-오프라인-주택마련(C-H),R2_KR5120451001.pdf,0.9850,0.9850,101.000,206.000,315.000,547.000,"1,212.000",SOURCE_PARSED,,,일반 클래스: Cost Guard 연금 비교 대상 여부 별도 판단,,,,,,,,
35,KR5120451001,C-R,퇴직연금/IRP,오프라인,수수료미징구-오프라인-퇴직연금(C-R),R2_KR5120451001.pdf,0.8650,0.8671,89.000,182.000,280.000,491.000,"1,118.000",SOURCE_PARSED_NEEDS_REVIEW,,,기간별 비용표에 서로 다른 값 3종 존재,,,,,,,,
35,KR5120451001,C-RE,퇴직연금/IRP,온라인,수수료미징구-온라인-퇴직연금(C-Re),R2_KR5120451001.pdf,0.5150,0.5171,55.000,112.000,173.000,303.000,690.000,SOURCE_PARSED,,,,,,,,,,,
35,KR5120451001,C1,일반,오프라인,수수료미징구-오프라인(C1),R2_KR5120451001.pdf,1.1650,1.1668,120.000,245.000,377.000,661.000,"1,504.000",SOURCE_PARSED_NEEDS_REVIEW,,,기간별 비용표에 서로 다른 값 2종 존재; 일반 클래스: Cost Guard 연금 비교 대상 여부 별도 판단,,,,,,,,
35,KR5120451001,CE,일반,온라인,수수료미징구-온라인(Ce),R2_KR5120451001.pdf,0.6650,0.6650,68.000,140.000,215.000,377.000,857.000,SOURCE_PARSED_NEEDS_REVIEW,,,기간별 비용표에 서로 다른 값 2종 존재; 일반 클래스: Cost Guard 연금 비교 대상 여부 별도 판단,,,,,,,,
35,KR5120451001,CW,일반,오프라인,수수료미징구-오프라인-랩(Cw),R2_KR5120451001.pdf,0.1650,0.1650,17.000,35.000,53.000,93.000,211.000,SOURCE_PARSED,,,일반 클래스: Cost Guard 연금 비교 대상 여부 별도 판단,,,,,,,,
36,KR5122420005,A,일반,오프라인,수수료선취-오프라인형(A),R2_KR5122420005.pdf,0.3023,0.3089,41.000,73.000,107.000,180.000,394.000,SOURCE_PARSED_NEEDS_REVIEW,,,기간별 비용표에 서로 다른 값 2종 존재; 일반 클래스: Cost Guard 연금 비교 대상 여부 별도 판단,,,,,,,,
36,KR5122420005,A-E,일반,온라인,수수료선취-온라인형(A-E),R2_KR5122420005.pdf,0.2023,0.2089,26.000,47.000,70.000,119.000,263.000,SOURCE_PARSED_NEEDS_REVIEW,,,기간별 비용표에 서로 다른 값 2종 존재; 일반 클래스: Cost Guard 연금 비교 대상 여부 별도 판단,,,,,,,,
36,KR5122420005,A-G,일반,오프라인,수수료선취-오프라인-무권유저비용형(A-G),R2_KR5122420005.pdf,0.2500,0.2500,33.000,59.000,88.000,148.000,329.000,SOURCE_PARSED_NEEDS_REVIEW,,,기간별 비용표에 서로 다른 값 2종 존재; 일반 클래스: Cost Guard 연금 비교 대상 여부 별도 판단,,,,,,,,
36,KR5122420005,A2,일반,오프라인,수수료선취-오프라인형(A2),R2_KR5122420005.pdf,0.1524,0.1590,46.000,62.000,79.000,116.000,224.000,SOURCE_PARSED_NEEDS_REVIEW,,,기간별 비용표에 서로 다른 값 2종 존재; 일반 클래스: Cost Guard 연금 비교 대상 여부 별도 판단,,,,,,,,
36,KR5122420005,C,일반,오프라인,수수료미징구형(C),R2_KR5122420005.pdf,0.3923,0.3989,40.000,82.000,126.000,220.000,496.000,SOURCE_PARSED_NEEDS_REVIEW,,,기간별 비용표에 서로 다른 값 2종 존재; 일반 클래스: Cost Guard 연금 비교 대상 여부 별도 판단,,,,,,,,
36,KR5122420005,C-E,일반,온라인,수수료미징구-온라인형(C-E),R2_KR5122420005.pdf,0.2473,0.2539,25.000,52.000,80.000,139.000,315.000,SOURCE_PARSED_NEEDS_REVIEW,,,기간별 비용표에 서로 다른 값 3종 존재; 일반 클래스: Cost Guard 연금 비교 대상 여부 별도 판단,,,,,,,,
36,KR5122420005,C-F,일반,오프라인,수수료미징구-오프라인-기관형(C-F),R2_KR5122420005.pdf,0.1172,0.1238,12.000,25.000,38.000,66.000,150.000,SOURCE_PARSED_NEEDS_REVIEW,,,기간별 비용표에 서로 다른 값 2종 존재; 일반 클래스: Cost Guard 연금 비교 대상 여부 별도 판단,,,,,,,,
36,KR5122420005,C-I,일반,오프라인,수수료미징구-오프라인-고액형(C-I),R2_KR5122420005.pdf,0.1922,0.1992,20.000,40.000,62.000,108.000,246.000,SOURCE_PARSED_NEEDS_REVIEW,,,기간별 비용표에 서로 다른 값 2종 존재; 일반 클래스: Cost Guard 연금 비교 대상 여부 별도 판단,,,,,,,,
36,KR5122420005,C-I2,일반,오프라인,수수료미징구-오프라인-고액형(C-I2),R2_KR5122420005.pdf,0.1500,0.1500,15.000,31.000,48.000,85.000,192.000,SOURCE_PARSED_NEEDS_REVIEW,,,일반 클래스: Cost Guard 연금 비교 대상 여부 별도 판단,,,,,,,,
36,KR5122420005,C-P1,연금저축,오프라인,수수료미징구-오프라인-개인연금형(C-P1),R2_KR5122420005.pdf,0.3324,0.3390,34.000,70.000,107.000,187.000,422.000,SOURCE_PARSED_NEEDS_REVIEW,,,기간별 비용표에 서로 다른 값 2종 존재,,,,,,,,
36,KR5122420005,C-P2,퇴직연금/IRP,오프라인,수수료미징구-오프라인-퇴직연금형(C-P2),R2_KR5122420005.pdf,0.3224,0.3290,33.000,68.000,104.000,181.000,409.000,SOURCE_PARSED_NEEDS_REVIEW,,,기간별 비용표에 서로 다른 값 2종 존재,,,,,,,,
36,KR5122420005,C-PE,연금저축,온라인,수수료미징구-온라인-개인연금형(C-Pe),R2_KR5122420005.pdf,0.2124,0.2189,22.000,45.000,68.000,120.000,271.000,SOURCE_PARSED_NEEDS_REVIEW,,,기간별 비용표에 서로 다른 값 2종 존재,,,,,,,,
36,KR5122420005,C-PE2,퇴직연금/IRP,온라인,수수료미징구-온라인-퇴직연금형(C-Pe2),R2_KR5122420005.pdf,0.2074,0.2139,21.000,44.000,67.000,117.000,265.000,SOURCE_PARSED_NEEDS_REVIEW,,,기간별 비용표에 서로 다른 값 2종 존재,,,,,,,,
36,KR5122420005,C-W,일반,오프라인,수수료미징구-오프라인-랩형(C-W),R2_KR5122420005.pdf,0.1023,0.1089,11.000,23.000,35.000,62.000,140.000,SOURCE_PARSED_NEEDS_REVIEW,,,일반 클래스: Cost Guard 연금 비교 대상 여부 별도 판단,,,,,,,,
36,KR5122420005,O,퇴직연금/IRP,오프라인,수수료미징구-디폴트옵션-퇴직연금(O),R2_KR5122420005.pdf,0.2020,0.2020,21.000,42.000,65.000,114.000,260.000,SOURCE_PARSED_NEEDS_REVIEW,,,,,,,,,,,
36,KR5122420005,S,일반,온라인,수수료후취-온라인슈퍼형(S),R2_KR5122420005.pdf,0.1823,0.1889,19.000,38.000,59.000,103.000,233.000,SOURCE_PARSED_NEEDS_REVIEW,,,기간별 비용표에 서로 다른 값 2종 존재; 일반 클래스: Cost Guard 연금 비교 대상 여부 별도 판단,,,,,,,,
36,KR5122420005,S-P,연금저축,온라인,수수료미징구-온라인슈퍼-개인연금형(S-P),R2_KR5122420005.pdf,0.1622,0.1688,17.000,34.000,52.000,92.000,208.000,SOURCE_PARSED_NEEDS_REVIEW,,,기간별 비용표에 서로 다른 값 2종 존재,,,,,,,,
36,KR5122420005,S-R,퇴직연금/IRP,온라인,수수료미징구-온라인슈퍼- 퇴직연금형(S-R),R2_KR5122420005.pdf,0.1423,0.1489,15.000,30.000,46.000,80.000,182.000,SOURCE_PARSED_NEEDS_REVIEW,,,기간별 비용표에 서로 다른 값 2종 존재,,,,,,,,
37,KR5123365001,투자신탁,일반,불명,C1,R2_KR5123365001.pdf,0.3100,0.3174,33.000,67.000,103.000,180.000,409.000,SOURCE_PARSED_NEEDS_REVIEW,,,기간별 비용표에 서로 다른 값 2종 존재; 일반 클래스: Cost Guard 연금 비교 대상 여부 별도 판단,,,,,,,,
38,KR5123420015,A-E,일반,온라인,수수료선취-온라인 (A-e),R2_KR5123420015.pdf,0.2000,0.2129,27.000,50.000,74.000,126.000,279.000,SOURCE_PARSED_NEEDS_REVIEW,,,기간별 비용표에 서로 다른 값 4종 존재; 일반 클래스: Cost Guard 연금 비교 대상 여부 별도 판단,,,,,,,,
38,KR5123420015,A1,일반,오프라인,수수료선취-오프라인 (A1),R2_KR5123420015.pdf,0.2750,0.2880,39.000,70.000,103.000,173.000,381.000,SOURCE_PARSED,,,일반 클래스: Cost Guard 연금 비교 대상 여부 별도 판단,,,,,,,,
38,KR5123420015,C-E,일반,온라인,수수료미징구-온라인 (C-e),R2_KR5123420015.pdf,0.2500,0.2630,27.000,55.000,85.000,149.000,339.000,SOURCE_PARSED,,,일반 클래스: Cost Guard 연금 비교 대상 여부 별도 판단,,,,,,,,
38,KR5123420015,C-F,일반,오프라인,수수료미징구-오프라인-기관 (C-F),R2_KR5123420015.pdf,0.1450,0.1580,16.000,33.000,51.000,89.000,204.000,SOURCE_PARSED,,,일반 클래스: Cost Guard 연금 비교 대상 여부 별도 판단,,,,,,,,
38,KR5123420015,C-I,일반,오프라인,수수료미징구- 오프라인-고액 납입금액이 30 억원 이상인 자 - - - - (C-I),R2_KR5123420015.pdf,0.1550,0.1550,16.000,34.000,52.000,91.000,207.000,SOURCE_PARSED,,,일반 클래스: Cost Guard 연금 비교 대상 여부 별도 판단,,,,,,,,
38,KR5123420015,C-I2,일반,오프라인,수수료미징구-오프라인-고액 (C-I2),R2_KR5123420015.pdf,0.1850,0.1850,20.000,40.000,62.000,108.000,246.000,SOURCE_PARSED,,,일반 클래스: Cost Guard 연금 비교 대상 여부 별도 판단,,,,,,,,
38,KR5123420015,C-P,연금저축,오프라인,수수료미징구-오프라인-개인연금 (C-P),R2_KR5123420015.pdf,0.3350,0.3481,36.000,73.000,112.000,197.000,449.000,SOURCE_PARSED_NEEDS_REVIEW,,,기간별 비용표에 서로 다른 값 2종 존재,,,,,,,,
38,KR5123420015,C-PE,연금저축,온라인,수수료미징구-온라인-개인연금 (C-Pe),R2_KR5123420015.pdf,0.2300,0.0124,25.000,51.000,78.000,137.000,313.000,SOURCE_PARSED_NEEDS_REVIEW,,,기간별 비용표에 서로 다른 값 2종 존재,,,,,,,,
38,KR5123420015,C-W,일반,오프라인,수수료미징구-오프라인-랩 (C-W),R2_KR5123420015.pdf,0.1250,0.1380,14.000,29.000,45.000,78.000,178.000,SOURCE_PARSED,,,일반 클래스: Cost Guard 연금 비교 대상 여부 별도 판단,,,,,,,,
38,KR5123420015,C1,일반,오프라인,수수료미징구-오프라인 (C1),R2_KR5123420015.pdf,0.3750,0.3880,40.000,82.000,125.000,220.000,500.000,SOURCE_PARSED,,,일반 클래스: Cost Guard 연금 비교 대상 여부 별도 판단,,,,,,,,
38,KR5123420015,S,일반,온라인슈퍼,수수료후취-온라인슈퍼 (S),R2_KR5123420015.pdf,0.2000,0.2107,22.000,44.000,68.000,119.000,272.000,SOURCE_PARSED,,,일반 클래스: Cost Guard 연금 비교 대상 여부 별도 판단,,,,,,,,
39,KR5123420039,C,일반,불명,수수료미징구(C),R2_KR5123420039.pdf,0.3700,0.3821,39.000,80.000,123.000,216.000,493.000,SOURCE_PARSED_NEEDS_REVIEW,,,기간별 비용표에 서로 다른 값 3종 존재; 일반 클래스: Cost Guard 연금 비교 대상 여부 별도 판단,,,,,,,,
39,KR5123420039,C-E,퇴직연금/IRP,온라인,수수료미징구-온라인-퇴직연금 (C-e),R2_KR5123420039.pdf,0.2700,0.2820,29.000,59.000,91.000,160.000,364.000,SOURCE_PARSED_NEEDS_REVIEW,,,기간별 비용표에 서로 다른 값 2종 존재,,,,,,,,
39,KR5123420039,C-I,퇴직연금/IRP,오프라인,"수수료미징구-오프라인-퇴직연금,고액(C-I)",R2_KR5123420039.pdf,0.2200,0.2200,23.000,46.000,71.000,125.000,284.000,SOURCE_PARSED_NEEDS_REVIEW,,,기간별 비용표에 서로 다른 값 2종 존재,,,,,,,,
40,KR5123420049,A,일반,오프라인,수수료선취형(A),R2_KR5123420049.pdf,0.2750,0.2847,39.000,70.000,102.000,171.000,377.000,SOURCE_PARSED_NEEDS_REVIEW,,,기간별 비용표에 서로 다른 값 3종 존재; 일반 클래스: Cost Guard 연금 비교 대상 여부 별도 판단,,,,,,,,
40,KR5123420049,A-E,일반,온라인,수수료선취-온라인(A-e),R2_KR5123420049.pdf,0.1750,0.1847,24.000,44.000,65.000,110.000,243.000,SOURCE_PARSED_NEEDS_REVIEW,,,기간별 비용표에 서로 다른 값 2종 존재; 일반 클래스: Cost Guard 연금 비교 대상 여부 별도 판단,,,,,,,,
40,KR5123420049,AG,일반,오프라인,수수료선취-오프라인-무 판매수수료 및 총보수ㆍ비용 31 57 83 141 311 권유저비용 (AG),R2_KR5123420049.pdf,0.2250,0.2250,31.000,57.000,83.000,141.000,311.000,SOURCE_PARSED_NEEDS_REVIEW,,,일반 클래스: Cost Guard 연금 비교 대상 여부 별도 판단,,,,,,,,
40,KR5123420049,C,일반,오프라인,수수료미징구형(C),R2_KR5123420049.pdf,0.3250,0.3347,34.000,70.000,108.000,190.000,432.000,SOURCE_PARSED_NEEDS_REVIEW,,,기간별 비용표에 서로 다른 값 4종 존재; 일반 클래스: Cost Guard 연금 비교 대상 여부 별도 판단,,,,,,,,
40,KR5123420049,C-E,일반,온라인,수수료미징구-온라인 (C-e),R2_KR5123420049.pdf,0.2000,0.2097,21.000,44.000,68.000,119.000,270.000,SOURCE_PARSED_NEEDS_REVIEW,,,기간별 비용표에 서로 다른 값 2종 존재; 일반 클래스: Cost Guard 연금 비교 대상 여부 별도 판단,,,,,,,,
40,KR5123420049,C-F,일반,오프라인,수수료미징구-오프라인-기관 (C-F),R2_KR5123420049.pdf,0.0950,0.1047,11.000,22.000,34.000,59.000,135.000,SOURCE_PARSED_NEEDS_REVIEW,,,기간별 비용표에 서로 다른 값 2종 존재; 일반 클래스: Cost Guard 연금 비교 대상 여부 별도 판단,,,,,,,,
40,KR5123420049,C-I,일반,오프라인,수수료미징구-오프라인-고액(C-I),R2_KR5123420049.pdf,0.1250,0.1347,14.000,28.000,44.000,76.000,174.000,SOURCE_PARSED_NEEDS_REVIEW,,,기간별 비용표에 서로 다른 값 2종 존재; 일반 클래스: Cost Guard 연금 비교 대상 여부 별도 판단,,,,,,,,
40,KR5123420049,C-P,연금저축,오프라인,수수료미징구-오프라인-개인연금 (C-P),R2_KR5123420049.pdf,0.2950,0.3046,31.000,64.000,98.000,173.000,393.000,SOURCE_PARSED_NEEDS_REVIEW,,,기간별 비용표에 서로 다른 값 4종 존재,,,,,,,,
40,KR5123420049,C-PE,연금저축,온라인,수수료미징구-온라인-개인연금 (C-Pe),R2_KR5123420049.pdf,0.1850,0.0097,20.000,41.000,63.000,110.000,251.000,SOURCE_PARSED_NEEDS_REVIEW,,,기간별 비용표에 서로 다른 값 4종 존재,,,,,,,,
40,KR5123420049,C-W,일반,오프라인,수수료미징구-오프라인-랩 (C-W),R2_KR5123420049.pdf,0.0750,0.0844,9.000,18.000,27.000,48.000,109.000,SOURCE_PARSED_NEEDS_REVIEW,,,기간별 비용표에 서로 다른 값 2종 존재; 일반 클래스: Cost Guard 연금 비교 대상 여부 별도 판단,,,,,,,,
40,KR5123420049,CG,일반,오프라인,수수료미징구-오프라인-무권유저비용 (CG),R2_KR5123420049.pdf,0.2550,0.2550,27.000,56.000,86.000,151.000,343.000,SOURCE_PARSED_NEEDS_REVIEW,,,일반 클래스: Cost Guard 연금 비교 대상 여부 별도 판단,,,,,,,,
40,KR5123420049,S,일반,온라인,수수료후취-온라인슈퍼 (S),R2_KR5123420049.pdf,0.1550,0.1644,17.000,35.000,53.000,93.000,212.000,SOURCE_PARSED_NEEDS_REVIEW,,,기간별 비용표에 서로 다른 값 2종 존재; 일반 클래스: Cost Guard 연금 비교 대상 여부 별도 판단,,,,,,,,
41,KR5123490013,A-E,일반,온라인,수수료선취-온라인(A-e),R2_KR5123490013.pdf,0.6450,0.6469,106.000,175.000,248.000,405.000,871.000,SOURCE_PARSED_NEEDS_REVIEW,,,기간별 비용표에 서로 다른 값 2종 존재; 일반 클래스: Cost Guard 연금 비교 대상 여부 별도 판단,,,,,,,,
41,KR5123490013,A1,일반,오프라인,수수료선취-오프라인(A1),R2_KR5123490013.pdf,0.8450,0.8470,165.000,256.000,351.000,555.000,"1,163.000",SOURCE_PARSED_NEEDS_REVIEW,,,기간별 비용표에 서로 다른 값 3종 존재; 일반 클래스: Cost Guard 연금 비교 대상 여부 별도 판단,,,,,,,,
41,KR5123490013,A1,일반,오프라인,수수료선취-오프라인(A1),R2_KR5123490013.pdf,0.8450,0.8470,"165,000","256,000","351,000","555,000","1,163,000",FILE1_PRIORITY_APPLIED,,스크린샷 2026-09-05 184537(1).png + 스크린샷 2026-09-05 184545(1).png,PDF명이 일치하여 파일1의 클래스명·계좌유형·채널·보수율·비용값을 그대로 우선 반영함,,,,,,,,
41,KR5123490013,A-e,일반,온라인,수수료선취-온라인(A-e),R2_KR5123490013.pdf,0.6450,0.6469,"106,000","175,000","248,000","405,000","871,000",FILE1_PRIORITY_APPLIED,,스크린샷 2026-09-05 184537(1).png + 스크린샷 2026-09-05 184545(1).png,PDF명이 일치하여 파일1의 클래스명·계좌유형·채널·보수율·비용값을 그대로 우선 반영함,,,,,,,,
41,KR5123490013,C1,일반,오프라인,수수료미징구-오프라인(C1),R2_KR5123490013.pdf,1.2450,1.2468,"128,000","262,000","403,000","706,000","1,608,000",FILE1_PRIORITY_APPLIED,,스크린샷 2026-09-05 184537(1).png + 스크린샷 2026-09-05 184545(1).png,PDF명이 일치하여 파일1의 클래스명·계좌유형·채널·보수율·비용값을 그대로 우선 반영함,,,,,,,,
41,KR5123490013,C-e,일반,온라인,수수료미징구-온라인(C-e),R2_KR5123490013.pdf,0.8450,0.8468,"87,000","178,000","274,000","480,000","1,092,000",FILE1_PRIORITY_APPLIED,,스크린샷 2026-09-05 184537(1).png + 스크린샷 2026-09-05 184545(1).png,PDF명이 일치하여 파일1의 클래스명·계좌유형·채널·보수율·비용값을 그대로 우선 반영함,,,,,,,,
41,KR5123490013,C-F,기관,오프라인,수수료미징구-오프라인-기관 등(C-F),R2_KR5123490013.pdf,0.4750,0.4750,"49,000","100,000","153,000","269,000","612,000",FILE1_PRIORITY_APPLIED,,스크린샷 2026-09-05 184537(1).png + 스크린샷 2026-09-05 184545(1).png,PDF명이 일치하여 파일1의 클래스명·계좌유형·채널·보수율·비용값을 그대로 우선 반영함,,,,,,,,
41,KR5123490013,C-W,랩,오프라인,수수료미징구-오프라인-랩(C-W),R2_KR5123490013.pdf,0.5450,0.5450,"56,000","115,000","176,000","309,000","703,000",FILE1_PRIORITY_APPLIED,,스크린샷 2026-09-05 184537(1).png + 스크린샷 2026-09-05 184545(1).png,PDF명이 일치하여 파일1의 클래스명·계좌유형·채널·보수율·비용값을 그대로 우선 반영함,,,,,,,,
41,KR5123490013,C-P,개인연금,오프라인,수수료미징구-오프라인-개인연금(C-P),R2_KR5123490013.pdf,0.9450,0.9468,"97,000","199,000","306,000","536,000","1,221,000",FILE1_PRIORITY_APPLIED,,스크린샷 2026-09-05 184537(1).png + 스크린샷 2026-09-05 184545(1).png,PDF명이 일치하여 파일1의 클래스명·계좌유형·채널·보수율·비용값을 그대로 우선 반영함,,,,,,,,
41,KR5123490013,S,일반,온라인슈퍼,수수료후취-온라인슈퍼(S),R2_KR5123490013.pdf,0.6450,0.6463,"66,000","136,000","209,000","366,000","833,000",FILE1_PRIORITY_APPLIED,,스크린샷 2026-09-05 184537(1).png + 스크린샷 2026-09-05 184545(1).png,PDF명이 일치하여 파일1의 클래스명·계좌유형·채널·보수율·비용값을 그대로 우선 반영함,,,,,,,,
41,KR5123490013,C-P2,퇴직연금,오프라인,수수료미징구-오프라인-퇴직연금(C-P2),R2_KR5123490013.pdf,0.8950,0.8971,"92,000","189,000","290,000","508,000","1,157,000",FILE1_PRIORITY_APPLIED,,스크린샷 2026-09-05 184537(1).png + 스크린샷 2026-09-05 184545(1).png,PDF명이 일치하여 파일1의 클래스명·계좌유형·채널·보수율·비용값을 그대로 우선 반영함,,,,,,,,
41,KR5123490013,C-Pe,개인연금,온라인,수수료미징구-온라인-개인연금(C-Pe),R2_KR5123490013.pdf,0.6950,0.6966,"71,000","146,000","225,000","395,000","898,000",FILE1_PRIORITY_APPLIED,,스크린샷 2026-09-05 184537(1).png + 스크린샷 2026-09-05 184545(1).png,PDF명이 일치하여 파일1의 클래스명·계좌유형·채널·보수율·비용값을 그대로 우선 반영함,,,,,,,,
41,KR5123490013,C-P2e,퇴직연금,온라인,수수료미징구-온라인-퇴직연금(C-P2e),R2_KR5123490013.pdf,0.6650,0.6672,"68,000","140,000","216,000","378,000","860,000",FILE1_PRIORITY_APPLIED,,스크린샷 2026-09-05 184537(1).png + 스크린샷 2026-09-05 184545(1).png,PDF명이 일치하여 파일1의 클래스명·계좌유형·채널·보수율·비용값을 그대로 우선 반영함,,,,,,,,
41,KR5123490013,AG,일반,오프라인,수수료선취-오프라인-무권유저비용(AG),R2_KR5123490013.pdf,0.7450,0.7450,"136,000","215,000","299,000","479,000","1,014,000",FILE1_PRIORITY_APPLIED,,스크린샷 2026-09-05 184537(1).png + 스크린샷 2026-09-05 184545(1).png,PDF명이 일치하여 파일1의 클래스명·계좌유형·채널·보수율·비용값을 그대로 우선 반영함,,,,,,,,
41,KR5123490013,CG,일반,오프라인,수수료미징구-오프라인-무권유저비용(CG),R2_KR5123490013.pdf,1.0450,1.0450,"107,000","220,000","338,000","592,000","1,347,000",FILE1_PRIORITY_APPLIED,,스크린샷 2026-09-05 184537(1).png + 스크린샷 2026-09-05 184545(1).png,PDF명이 일치하여 파일1의 클래스명·계좌유형·채널·보수율·비용값을 그대로 우선 반영함,,,,,,,,
41,KR5123490013,S-P,개인연금,온라인슈퍼,수수료미징구-온라인슈퍼-개인연금(S-P),R2_KR5123490013.pdf,0.5950,0.5950,"61,000","125,000","192,000","337,000","767,000",FILE1_PRIORITY_APPLIED,,스크린샷 2026-09-05 184537(1).png + 스크린샷 2026-09-05 184545(1).png,PDF명이 일치하여 파일1의 클래스명·계좌유형·채널·보수율·비용값을 그대로 우선 반영함,,,,,,,,
41,KR5123490013,S-P2,퇴직연금,온라인슈퍼,수수료미징구-온라인슈퍼-퇴직연금(S-P2),R2_KR5123490013.pdf,0.5850,0.5850,"60,000","123,000","189,000","331,000","754,000",FILE1_PRIORITY_APPLIED,,스크린샷 2026-09-05 184537(1).png + 스크린샷 2026-09-05 184545(1).png,PDF명이 일치하여 파일1의 클래스명·계좌유형·채널·보수율·비용값을 그대로 우선 반영함,,,,,,,,
42,KR5123490016,A1,일반,오프라인,수수료선취-오프라인(A1),R2_KR5123490016.pdf,0.8450,0.8470,"165,000","256,000","351,000","555,000","1,163,000",FILE1_PRIORITY_APPLIED,,스크린샷 2026-09-05 192716.png + 스크린샷 2026-09-05 192722.png,PDF명이 일치하여 파일1의 클래스명·계좌유형·채널·보수율·비용값을 그대로 우선 반영함,,,,,,,,
42,KR5123490016,A-e,일반,온라인,수수료선취-온라인(A-e),R2_KR5123490016.pdf,0.6450,0.6469,"106,000","175,000","248,000","405,000","871,000",FILE1_PRIORITY_APPLIED,,스크린샷 2026-09-05 192716.png + 스크린샷 2026-09-05 192722.png,PDF명이 일치하여 파일1의 클래스명·계좌유형·채널·보수율·비용값을 그대로 우선 반영함,,,,,,,,
42,KR5123490016,C1,일반,오프라인,수수료미징구-오프라인(C1),R2_KR5123490016.pdf,1.2450,1.2468,"128,000","262,000","403,000","706,000","1,608,000",FILE1_PRIORITY_APPLIED,,스크린샷 2026-09-05 192716.png + 스크린샷 2026-09-05 192722.png,PDF명이 일치하여 파일1의 클래스명·계좌유형·채널·보수율·비용값을 그대로 우선 반영함,,,,,,,,
42,KR5123490016,C-e,일반,온라인,수수료미징구-온라인(C-e),R2_KR5123490016.pdf,0.8450,0.8468,"87,000","178,000","274,000","480,000","1,092,000",FILE1_PRIORITY_APPLIED,,스크린샷 2026-09-05 192716.png + 스크린샷 2026-09-05 192722.png,PDF명이 일치하여 파일1의 클래스명·계좌유형·채널·보수율·비용값을 그대로 우선 반영함,,,,,,,,
42,KR5123490016,C-F,기관,오프라인,수수료미징구-오프라인-기관 등(C-F),R2_KR5123490016.pdf,0.4750,0.4750,"49,000","100,000","153,000","269,000","612,000",FILE1_PRIORITY_APPLIED,,스크린샷 2026-09-05 192716.png + 스크린샷 2026-09-05 192722.png,PDF명이 일치하여 파일1의 클래스명·계좌유형·채널·보수율·비용값을 그대로 우선 반영함,,,,,,,,
42,KR5123490016,C-W,랩,오프라인,수수료미징구-오프라인-랩(C-W),R2_KR5123490016.pdf,0.5450,0.5450,"56,000","115,000","176,000","309,000","703,000",FILE1_PRIORITY_APPLIED,,스크린샷 2026-09-05 192716.png + 스크린샷 2026-09-05 192722.png,PDF명이 일치하여 파일1의 클래스명·계좌유형·채널·보수율·비용값을 그대로 우선 반영함,,,,,,,,
42,KR5123490016,C-P,개인연금,오프라인,수수료미징구-오프라인-개인연금(C-P),R2_KR5123490016.pdf,0.9450,0.9468,"97,000","199,000","306,000","536,000","1,221,000",FILE1_PRIORITY_APPLIED,,스크린샷 2026-09-05 192716.png + 스크린샷 2026-09-05 192722.png,PDF명이 일치하여 파일1의 클래스명·계좌유형·채널·보수율·비용값을 그대로 우선 반영함,,,,,,,,
42,KR5123490016,S,일반,온라인슈퍼,수수료후취-온라인슈퍼(S),R2_KR5123490016.pdf,0.6450,0.6463,"66,000","136,000","209,000","366,000","833,000",FILE1_PRIORITY_APPLIED,,스크린샷 2026-09-05 192716.png + 스크린샷 2026-09-05 192722.png,PDF명이 일치하여 파일1의 클래스명·계좌유형·채널·보수율·비용값을 그대로 우선 반영함,,,,,,,,
42,KR5123490016,C-P2,퇴직연금,오프라인,수수료미징구-오프라인-퇴직연금(C-P2),R2_KR5123490016.pdf,0.8950,0.8971,"92,000","189,000","290,000","508,000","1,157,000",FILE1_PRIORITY_APPLIED,,스크린샷 2026-09-05 192716.png + 스크린샷 2026-09-05 192722.png,PDF명이 일치하여 파일1의 클래스명·계좌유형·채널·보수율·비용값을 그대로 우선 반영함,,,,,,,,
42,KR5123490016,C-Pe,개인연금,온라인,수수료미징구-온라인-개인연금(C-Pe),R2_KR5123490016.pdf,0.6950,0.6966,"71,000","146,000","225,000","395,000","898,000",FILE1_PRIORITY_APPLIED,,스크린샷 2026-09-05 192716.png + 스크린샷 2026-09-05 192722.png,PDF명이 일치하여 파일1의 클래스명·계좌유형·채널·보수율·비용값을 그대로 우선 반영함,,,,,,,,
42,KR5123490016,C-P2e,퇴직연금,온라인,수수료미징구-온라인-퇴직연금(C-P2e),R2_KR5123490016.pdf,0.6650,0.6672,"68,000","140,000","216,000","378,000","860,000",FILE1_PRIORITY_APPLIED,,스크린샷 2026-09-05 192716.png + 스크린샷 2026-09-05 192722.png,PDF명이 일치하여 파일1의 클래스명·계좌유형·채널·보수율·비용값을 그대로 우선 반영함,,,,,,,,
42,KR5123490016,AG,일반,오프라인,수수료선취-오프라인-무권유저비용(AG),R2_KR5123490016.pdf,0.7450,0.7450,"136,000","215,000","299,000","479,000","1,014,000",FILE1_PRIORITY_APPLIED,,스크린샷 2026-09-05 192716.png + 스크린샷 2026-09-05 192722.png,PDF명이 일치하여 파일1의 클래스명·계좌유형·채널·보수율·비용값을 그대로 우선 반영함,,,,,,,,
42,KR5123490016,CG,일반,오프라인,수수료미징구-오프라인-무권유저비용(CG),R2_KR5123490016.pdf,1.0450,1.0450,"107,000","220,000","338,000","592,000","1,347,000",FILE1_PRIORITY_APPLIED,,스크린샷 2026-09-05 192716.png + 스크린샷 2026-09-05 192722.png,PDF명이 일치하여 파일1의 클래스명·계좌유형·채널·보수율·비용값을 그대로 우선 반영함,,,,,,,,
42,KR5123490016,S-P,개인연금,온라인슈퍼,수수료미징구-온라인슈퍼-개인연금(S-P),R2_KR5123490016.pdf,0.5950,0.5950,"61,000","125,000","192,000","337,000","767,000",FILE1_PRIORITY_APPLIED,,스크린샷 2026-09-05 192716.png + 스크린샷 2026-09-05 192722.png,PDF명이 일치하여 파일1의 클래스명·계좌유형·채널·보수율·비용값을 그대로 우선 반영함,,,,,,,,
42,KR5123490016,S-P2,퇴직연금,온라인슈퍼,수수료미징구-온라인슈퍼-퇴직연금(S-P2),R2_KR5123490016.pdf,0.5850,0.5850,"60,000","123,000","189,000","331,000","754,000",FILE1_PRIORITY_APPLIED,,스크린샷 2026-09-05 192716.png + 스크린샷 2026-09-05 192722.png,PDF명이 일치하여 파일1의 클래스명·계좌유형·채널·보수율·비용값을 그대로 우선 반영함,,,,,,,,
43,KR5123490017,A1,일반,오프라인,수수료선취-오프라인(A1),R2_KR5123490017.pdf,0.8450,0.8470,"165,000","256,000","351,000","555,000","1,163,000",FILE1_PRIORITY_APPLIED,,스크린샷 2026-09-05 192748.png + 스크린샷 2026-09-05 192755.png,PDF명이 일치하여 파일1의 클래스명·계좌유형·채널·보수율·비용값을 그대로 우선 반영함,,,,,,,,
43,KR5123490017,A-e,일반,온라인,수수료선취-온라인(A-e),R2_KR5123490017.pdf,0.6450,0.6469,"106,000","175,000","248,000","405,000","871,000",FILE1_PRIORITY_APPLIED,,스크린샷 2026-09-05 192748.png + 스크린샷 2026-09-05 192755.png,PDF명이 일치하여 파일1의 클래스명·계좌유형·채널·보수율·비용값을 그대로 우선 반영함,,,,,,,,
43,KR5123490017,C1,일반,오프라인,수수료미징구-오프라인(C1),R2_KR5123490017.pdf,1.2450,1.2468,"128,000","262,000","403,000","706,000","1,608,000",FILE1_PRIORITY_APPLIED,,스크린샷 2026-09-05 192748.png + 스크린샷 2026-09-05 192755.png,PDF명이 일치하여 파일1의 클래스명·계좌유형·채널·보수율·비용값을 그대로 우선 반영함,,,,,,,,
43,KR5123490017,C-e,일반,온라인,수수료미징구-온라인(C-e),R2_KR5123490017.pdf,0.8450,0.8468,"87,000","178,000","274,000","480,000","1,092,000",FILE1_PRIORITY_APPLIED,,스크린샷 2026-09-05 192748.png + 스크린샷 2026-09-05 192755.png,PDF명이 일치하여 파일1의 클래스명·계좌유형·채널·보수율·비용값을 그대로 우선 반영함,,,,,,,,
43,KR5123490017,C-F,기관,오프라인,수수료미징구-오프라인-기관 등(C-F),R2_KR5123490017.pdf,0.4750,0.4750,"49,000","100,000","153,000","269,000","612,000",FILE1_PRIORITY_APPLIED,,스크린샷 2026-09-05 192748.png + 스크린샷 2026-09-05 192755.png,PDF명이 일치하여 파일1의 클래스명·계좌유형·채널·보수율·비용값을 그대로 우선 반영함,,,,,,,,
43,KR5123490017,C-W,랩,오프라인,수수료미징구-오프라인-랩(C-W),R2_KR5123490017.pdf,0.5450,0.5450,"56,000","115,000","176,000","309,000","703,000",FILE1_PRIORITY_APPLIED,,스크린샷 2026-09-05 192748.png + 스크린샷 2026-09-05 192755.png,PDF명이 일치하여 파일1의 클래스명·계좌유형·채널·보수율·비용값을 그대로 우선 반영함,,,,,,,,
43,KR5123490017,C-P,개인연금,오프라인,수수료미징구-오프라인-개인연금(C-P),R2_KR5123490017.pdf,0.9450,0.9468,"97,000","199,000","306,000","536,000","1,221,000",FILE1_PRIORITY_APPLIED,,스크린샷 2026-09-05 192748.png + 스크린샷 2026-09-05 192755.png,PDF명이 일치하여 파일1의 클래스명·계좌유형·채널·보수율·비용값을 그대로 우선 반영함,,,,,,,,
43,KR5123490017,S,일반,온라인슈퍼,수수료후취-온라인슈퍼(S),R2_KR5123490017.pdf,0.6450,0.6463,"66,000","136,000","209,000","366,000","833,000",FILE1_PRIORITY_APPLIED,,스크린샷 2026-09-05 192748.png + 스크린샷 2026-09-05 192755.png,PDF명이 일치하여 파일1의 클래스명·계좌유형·채널·보수율·비용값을 그대로 우선 반영함,,,,,,,,
43,KR5123490017,C-P2,퇴직연금,오프라인,수수료미징구-오프라인-퇴직연금(C-P2),R2_KR5123490017.pdf,0.8950,0.8971,"92,000","189,000","290,000","508,000","1,157,000",FILE1_PRIORITY_APPLIED,,스크린샷 2026-09-05 192748.png + 스크린샷 2026-09-05 192755.png,PDF명이 일치하여 파일1의 클래스명·계좌유형·채널·보수율·비용값을 그대로 우선 반영함,,,,,,,,
43,KR5123490017,C-Pe,개인연금,온라인,수수료미징구-온라인-개인연금(C-Pe),R2_KR5123490017.pdf,0.6950,0.6966,"71,000","146,000","225,000","395,000","898,000",FILE1_PRIORITY_APPLIED,,스크린샷 2026-09-05 192748.png + 스크린샷 2026-09-05 192755.png,PDF명이 일치하여 파일1의 클래스명·계좌유형·채널·보수율·비용값을 그대로 우선 반영함,,,,,,,,
43,KR5123490017,C-P2e,퇴직연금,온라인,수수료미징구-온라인-퇴직연금(C-P2e),R2_KR5123490017.pdf,0.6650,0.6672,"68,000","140,000","216,000","378,000","860,000",FILE1_PRIORITY_APPLIED,,스크린샷 2026-09-05 192748.png + 스크린샷 2026-09-05 192755.png,PDF명이 일치하여 파일1의 클래스명·계좌유형·채널·보수율·비용값을 그대로 우선 반영함,,,,,,,,
43,KR5123490017,AG,일반,오프라인,수수료선취-오프라인-무권유저비용(AG),R2_KR5123490017.pdf,0.7450,0.7450,"136,000","215,000","299,000","479,000","1,014,000",FILE1_PRIORITY_APPLIED,,스크린샷 2026-09-05 192748.png + 스크린샷 2026-09-05 192755.png,PDF명이 일치하여 파일1의 클래스명·계좌유형·채널·보수율·비용값을 그대로 우선 반영함,,,,,,,,
43,KR5123490017,CG,일반,오프라인,수수료미징구-오프라인-무권유저비용(CG),R2_KR5123490017.pdf,1.0450,1.0450,"107,000","220,000","338,000","592,000","1,347,000",FILE1_PRIORITY_APPLIED,,스크린샷 2026-09-05 192748.png + 스크린샷 2026-09-05 192755.png,PDF명이 일치하여 파일1의 클래스명·계좌유형·채널·보수율·비용값을 그대로 우선 반영함,,,,,,,,
43,KR5123490017,S-P,개인연금,온라인슈퍼,수수료미징구-온라인슈퍼-개인연금(S-P),R2_KR5123490017.pdf,0.5950,0.5950,"61,000","125,000","192,000","337,000","767,000",FILE1_PRIORITY_APPLIED,,스크린샷 2026-09-05 192748.png + 스크린샷 2026-09-05 192755.png,PDF명이 일치하여 파일1의 클래스명·계좌유형·채널·보수율·비용값을 그대로 우선 반영함,,,,,,,,
43,KR5123490017,S-P2,퇴직연금,온라인슈퍼,수수료미징구-온라인슈퍼-퇴직연금(S-P2),R2_KR5123490017.pdf,0.5850,0.5850,"60,000","123,000","189,000","331,000","754,000",FILE1_PRIORITY_APPLIED,,스크린샷 2026-09-05 192748.png + 스크린샷 2026-09-05 192755.png,PDF명이 일치하여 파일1의 클래스명·계좌유형·채널·보수율·비용값을 그대로 우선 반영함,,,,,,,,
44,KR5125450023,A,일반,오프라인,A(수수료선취-오프라인),R2_KR5125450023.pdf,1.1800,1.1820,"217,000","340,000","469,000","747,000","1,572,000",FILE1_PRIORITY_APPLIED,,스크린샷 2026-09-05 192815.png + 스크린샷 2026-09-05 192822.png,PDF명이 일치하여 파일1의 클래스명·계좌유형·채널·보수율·비용값을 그대로 우선 반영함,,,,,,,,
44,KR5125450023,Ae,일반,온라인,Ae(수수료선취-온라인),R2_KR5125450023.pdf,0.8100,0.8120,"131,000","216,000","305,000","497,000","1,067,000",FILE1_PRIORITY_APPLIED,,스크린샷 2026-09-05 192815.png + 스크린샷 2026-09-05 192822.png,PDF명이 일치하여 파일1의 클래스명·계좌유형·채널·보수율·비용값을 그대로 우선 반영함,,,,,,,,
44,KR5125450023,A-G,일반,오프라인,A-G(수수료선취-오프라인-무권유저비용),R2_KR5125450023.pdf,1.1100,1.1100,"160,000","277,000","398,000","661,000","1,440,000",FILE1_PRIORITY_APPLIED,,스크린샷 2026-09-05 192815.png + 스크린샷 2026-09-05 192822.png,PDF명이 일치하여 파일1의 클래스명·계좌유형·채널·보수율·비용값을 그대로 우선 반영함,,,,,,,,
44,KR5125450023,C,일반,오프라인,C(수수료미징구-오프라인),R2_KR5125450023.pdf,1.3500,1.3520,"135,000","277,000","426,000","747,000","1,701,000",FILE1_PRIORITY_APPLIED,,스크린샷 2026-09-05 192815.png + 스크린샷 2026-09-05 192822.png,PDF명이 일치하여 파일1의 클래스명·계좌유형·채널·보수율·비용값을 그대로 우선 반영함,,,,,,,,
44,KR5125450023,W,랩,오프라인,W(수수료미징구-오프라인-랩),R2_KR5125450023.pdf,0.4500,0.4520,"45,000","93,000","142,000","250,000","569,000",FILE1_PRIORITY_APPLIED,,스크린샷 2026-09-05 192815.png + 스크린샷 2026-09-05 192822.png,PDF명이 일치하여 파일1의 클래스명·계좌유형·채널·보수율·비용값을 그대로 우선 반영함,,,,,,,,
44,KR5125450023,e,일반,온라인,e(수수료미징구-온라인),R2_KR5125450023.pdf,0.8950,0.8970,"90,000","184,000","283,000","496,000","1,129,000",FILE1_PRIORITY_APPLIED,,스크린샷 2026-09-05 192815.png + 스크린샷 2026-09-05 192822.png,PDF명이 일치하여 파일1의 클래스명·계좌유형·채널·보수율·비용값을 그대로 우선 반영함,,,,,,,,
44,KR5125450023,Cy,기타,오프라인,Cy(수수료미징구-오프라인-기타),R2_KR5125450023.pdf,0.9400,0.9420,"94,000","193,000","297,000","521,000","1,185,000",FILE1_PRIORITY_APPLIED,,스크린샷 2026-09-05 192815.png + 스크린샷 2026-09-05 192822.png,PDF명이 일치하여 파일1의 클래스명·계좌유형·채널·보수율·비용값을 그대로 우선 반영함,,,,,,,,
44,KR5125450023,I,기관,오프라인,I(수수료미징구-오프라인-기관),R2_KR5125450023.pdf,0.4700,0.4720,"47,000","97,000","149,000","261,000","594,000",FILE1_PRIORITY_APPLIED,,스크린샷 2026-09-05 192815.png + 스크린샷 2026-09-05 192822.png,PDF명이 일치하여 파일1의 클래스명·계좌유형·채널·보수율·비용값을 그대로 우선 반영함,,,,,,,,
44,KR5125450023,C-P,개인연금,오프라인,C-P(수수료미징구-오프라인-개인연금),R2_KR5125450023.pdf,1.3400,1.3430,"134,000","275,000","423,000","742,000","1,689,000",FILE1_PRIORITY_APPLIED,,스크린샷 2026-09-05 192815.png + 스크린샷 2026-09-05 192822.png,PDF명이 일치하여 파일1의 클래스명·계좌유형·채널·보수율·비용값을 그대로 우선 반영함,,,,,,,,
44,KR5125450023,C-Pe,개인연금,온라인,C-Pe(수수료미징구-온라인-개인연금),R2_KR5125450023.pdf,0.8900,0.8920,"89,000","183,000","281,000","493,000","1,123,000",FILE1_PRIORITY_APPLIED,,스크린샷 2026-09-05 192815.png + 스크린샷 2026-09-05 192822.png,PDF명이 일치하여 파일1의 클래스명·계좌유형·채널·보수율·비용값을 그대로 우선 반영함,,,,,,,,
44,KR5125450023,C-G,일반,오프라인,C-G(수수료미징구-오프라인-무권유저비용),R2_KR5125450023.pdf,1.3200,1.3220,"132,000","271,000","417,000","731,000","1,663,000",FILE1_PRIORITY_APPLIED,,스크린샷 2026-09-05 192815.png + 스크린샷 2026-09-05 192822.png,PDF명이 일치하여 파일1의 클래스명·계좌유형·채널·보수율·비용값을 그대로 우선 반영함,,,,,,,,
44,KR5125450023,C-P2,퇴직연금,오프라인,C-P2(수수료미징구-오프라인-퇴직연금),R2_KR5125450023.pdf,1.2400,1.2420,"124,000","255,000","392,000","686,000","1,562,000",FILE1_PRIORITY_APPLIED,,스크린샷 2026-09-05 192815.png + 스크린샷 2026-09-05 192822.png,PDF명이 일치하여 파일1의 클래스명·계좌유형·채널·보수율·비용값을 그대로 우선 반영함,,,,,,,,
44,KR5125450023,C-P2e,퇴직연금,온라인,C-P2e(수수료미징구-온라인-퇴직연금),R2_KR5125450023.pdf,0.8400,0.8420,"84,000","173,000","266,000","465,000","1,059,000",FILE1_PRIORITY_APPLIED,,스크린샷 2026-09-05 192815.png + 스크린샷 2026-09-05 192822.png,PDF명이 일치하여 파일1의 클래스명·계좌유형·채널·보수율·비용값을 그대로 우선 반영함,,,,,,,,
44,KR5125450023,S,일반,온라인슈퍼,S(수수료후취-온라인슈퍼),R2_KR5125450023.pdf,0.7700,0.7700,"77,000","158,000","243,000","426,000","969,000",FILE1_PRIORITY_APPLIED,,스크린샷 2026-09-05 192815.png + 스크린샷 2026-09-05 192822.png,PDF명이 일치하여 파일1의 클래스명·계좌유형·채널·보수율·비용값을 그대로 우선 반영함,,,,,,,,
44,KR5125450023,S-P,개인연금,온라인슈퍼,S-P(수수료미징구-온라인슈퍼-개인연금),R2_KR5125450023.pdf,0.7100,0.7120,"71,000","146,000","224,000","393,000","896,000",FILE1_PRIORITY_APPLIED,,스크린샷 2026-09-05 192815.png + 스크린샷 2026-09-05 192822.png,PDF명이 일치하여 파일1의 클래스명·계좌유형·채널·보수율·비용값을 그대로 우선 반영함,,,,,,,,
44,KR5125450023,S-P2,퇴직연금,온라인슈퍼,S-P2(수수료미징구-온라인슈퍼-퇴직연금),R2_KR5125450023.pdf,0.7000,0.7000,"70,000","144,000","221,000","387,000","881,000",FILE1_PRIORITY_APPLIED,,스크린샷 2026-09-05 192815.png + 스크린샷 2026-09-05 192822.png,PDF명이 일치하여 파일1의 클래스명·계좌유형·채널·보수율·비용값을 그대로 우선 반영함,,,,,,,,
45,KR5125450070,A,일반,불명,수수료선취형(A),R2_KR5125450070.pdf,,,"218,000","342,000","472,000","752,000","1,584,000",SOURCE_PARSED_NEEDS_REVIEW,,,일반 클래스: Cost Guard 연금 비교 대상 여부 별도 판단,,,,,,,,
45,KR5125450070,A-G,일반,오프라인,A-G(수수료선취-오프라인-무권유저비용),R2_KR5125450070.pdf,,,"151,000","258,000","370,000","611,000","1,327,000",SOURCE_PARSED_NEEDS_REVIEW,,,일반 클래스: Cost Guard 연금 비교 대상 여부 별도 판단,,,,,,,,
45,KR5125450070,AE,일반,온라인,Ae(수수료선취-온라인),R2_KR5125450070.pdf,,,"134,000","222,000","314,000","513,000","1,104,000",SOURCE_PARSED_NEEDS_REVIEW,,,일반 클래스: Cost Guard 연금 비교 대상 여부 별도 판단,,,,,,,,
45,KR5125450070,C,일반,불명,수수료미징구형(C),R2_KR5125450070.pdf,,,"149,000","306,000","471,000","825,000","1,878,000",SOURCE_PARSED_NEEDS_REVIEW,,,일반 클래스: Cost Guard 연금 비교 대상 여부 별도 판단,,,,,,,,
45,KR5125450070,C-G,일반,오프라인,C-G(수수료미징구-오프라인-무권유저비용),R2_KR5125450070.pdf,,,"148,000","304,000","467,000","819,000","1,863,000",SOURCE_PARSED_NEEDS_REVIEW,,,일반 클래스: Cost Guard 연금 비교 대상 여부 별도 판단,,,,,,,,
45,KR5125450070,C-P,연금저축,오프라인,C-P(수수료미징구-오프라인-개인연금),R2_KR5125450070.pdf,,,"144,000","296,000","455,000","797,000","1,815,000",SOURCE_PARSED_NEEDS_REVIEW,,,,,,,,,,,
45,KR5125450070,C-P2,퇴직연금/IRP,오프라인,C-P2(수수료미징구-오프라인-퇴직연금),R2_KR5125450070.pdf,,,"134,000","275,000","423,000","742,000","1,689,000",SOURCE_PARSED_NEEDS_REVIEW,,,,,,,,,,,
45,KR5125450070,C-P2E,퇴직연금/IRP,온라인,C-P2e(수수료미징구-온라인-퇴직연금),R2_KR5125450070.pdf,,,"92,000","188,000","289,000","507,000","1,155,000",SOURCE_PARSED_NEEDS_REVIEW,,,,,,,,,,,
45,KR5125450070,C-PE,연금저축,온라인,C-Pe(수수료미징구-온라인-개인연금),R2_KR5125450070.pdf,,,"97,000","198,000","305,000","535,000","1,217,000",SOURCE_PARSED_NEEDS_REVIEW,,,,,,,,,,,
45,KR5125450070,E,일반,온라인,e(수수료미징구-온라인),R2_KR5125450070.pdf,,,"99,000","204,000","313,000","549,000","1,249,000",SOURCE_PARSED_NEEDS_REVIEW,,,일반 클래스: Cost Guard 연금 비교 대상 여부 별도 판단,,,,,,,,
45,KR5125450070,I,일반,오프라인,I(수수료미징구-오프라인-기관),R2_KR5125450070.pdf,,,"52,000","107,000","165,000","289,000","658,000",SOURCE_PARSED_NEEDS_REVIEW,,,일반 클래스: Cost Guard 연금 비교 대상 여부 별도 판단,,,,,,,,
45,KR5125450070,S,일반,온라인슈퍼,S(수수료후취-온라인슈퍼),R2_KR5125450070.pdf,,,"81,000","166,000","256,000","448,000","1,020,000",SOURCE_PARSED_NEEDS_REVIEW,,,일반 클래스: Cost Guard 연금 비교 대상 여부 별도 판단,,,,,,,,
45,KR5125450070,S-P,연금저축,온라인슈퍼,S-P(수수료미징구-온라인슈퍼-개인연금),R2_KR5125450070.pdf,,,"75,000","154,000","237,000","415,000","944,000",SOURCE_PARSED_NEEDS_REVIEW,,,,,,,,,,,
45,KR5125450070,S-P2,퇴직연금/IRP,온라인슈퍼,S-P2(수수료미징구-온라인슈퍼-퇴직연금),R2_KR5125450070.pdf,,,"74,000","152,000","234,000","409,000","932,000",SOURCE_PARSED_NEEDS_REVIEW,,,,,,,,,,,
45,KR5125450070,W,일반,오프라인,W(수수료미징구-오프라인-랩),R2_KR5125450070.pdf,,,"49,000","101,000","155,000","272,000","620,000",SOURCE_PARSED_NEEDS_REVIEW,,,일반 클래스: Cost Guard 연금 비교 대상 여부 별도 판단,,,,,,,,
46,KR5127420034,A,일반,불명,수수료선취형(A),R2_KR5127420034.pdf,0.3830,0.3830,"69,000","110,000","153,000","245,000","516,000",SOURCE_PARSED,,,일반 클래스: Cost Guard 연금 비교 대상 여부 별도 판단,,,,,,,,
46,KR5127420034,A-E,일반,불명,A-E,R2_KR5127420034.pdf,0.2810,0.2810,"44,000","74,000","106,000","173,000","374,000",SOURCE_PARSED_NEEDS_REVIEW,,,기간별 비용표에 서로 다른 값 3종 존재; 일반 클래스: Cost Guard 연금 비교 대상 여부 별도 판단,,,,,,,,
46,KR5127420034,A-G,일반,불명,A-G,R2_KR5127420034.pdf,0.3220,0.3220,"54,000","88,000","125,000","202,000","431,000",SOURCE_PARSED,,,일반 클래스: Cost Guard 연금 비교 대상 여부 별도 판단,,,,,,,,
46,KR5127420034,C,일반,불명,수수료미징구형(C),R2_KR5127420034.pdf,0.5230,0.5230,"54,000","110,000","168,000","293,000","660,000",SOURCE_PARSED,,,일반 클래스: Cost Guard 연금 비교 대상 여부 별도 판단,,,,,,,,
46,KR5127420034,C-E,일반,불명,C-E,R2_KR5127420034.pdf,0.3510,0.3510,"36,000","74,000","113,000","198,000","447,000",SOURCE_PARSED,,,일반 클래스: Cost Guard 연금 비교 대상 여부 별도 판단,,,,,,,,
46,KR5127420034,C-F,일반,불명,C-F,R2_KR5127420034.pdf,0.1900,0.1920,"20,000","40,000","62,000","109,000","247,000",SOURCE_PARSED,,,일반 클래스: Cost Guard 연금 비교 대상 여부 별도 판단,,,,,,,,
46,KR5127420034,C-G,일반,불명,C-G,R2_KR5127420034.pdf,0.4200,0.4200,"43,000","88,000","135,000","236,000","533,000",SOURCE_PARSED,,,일반 클래스: Cost Guard 연금 비교 대상 여부 별도 판단,,,,,,,,
46,KR5127420034,C-P,일반,불명,C-P,R2_KR5127420034.pdf,0.4710,0.4720,"48,000","99,000","152,000","265,000","598,000",SOURCE_PARSED,,,일반 클래스: Cost Guard 연금 비교 대상 여부 별도 판단,,,,,,,,
46,KR5127420034,C-PE,일반,불명,C-Pe,R2_KR5127420034.pdf,0.3250,0.3250,"33,000","68,000","105,000","183,000","415,000",SOURCE_PARSED,,,일반 클래스: Cost Guard 연금 비교 대상 여부 별도 판단,,,,,,,,
46,KR5127420034,C-W,일반,불명,C-W,R2_KR5127420034.pdf,0.1800,0.1800,"18,000","38,000","58,000","102,000","232,000",SOURCE_PARSED,,,일반 클래스: Cost Guard 연금 비교 대상 여부 별도 판단,,,,,,,,
46,KR5127420034,S,일반,불명,S,R2_KR5127420034.pdf,0.2800,0.2800,"29,000","59,000","90,000","158,000","358,000",SOURCE_PARSED,,,일반 클래스: Cost Guard 연금 비교 대상 여부 별도 판단,,,,,,,,
46,KR5127420034,S-P,일반,불명,S-P,R2_KR5127420034.pdf,0.2600,0.2600,"27,000","55,000","84,000","147,000","333,000",SOURCE_PARSED_NEEDS_REVIEW,,,기간별 비용표에 서로 다른 값 2종 존재; 일반 클래스: Cost Guard 연금 비교 대상 여부 별도 판단,,,,,,,,
47,KR5127420039,A,일반,불명,수수료선취형(A),R2_KR5127420039.pdf,0.3830,0.3830,"69,000","110,000","153,000","245,000","516,000",SOURCE_PARSED,,,일반 클래스: Cost Guard 연금 비교 대상 여부 별도 판단,,,,,,,,
47,KR5127420039,A-E,일반,불명,A-E,R2_KR5127420039.pdf,0.2810,0.2810,"44,000","74,000","106,000","173,000","374,000",SOURCE_PARSED_NEEDS_REVIEW,,,기간별 비용표에 서로 다른 값 3종 존재; 일반 클래스: Cost Guard 연금 비교 대상 여부 별도 판단,,,,,,,,
47,KR5127420039,A-G,일반,불명,A-G,R2_KR5127420039.pdf,0.3220,0.3220,"54,000","88,000","125,000","202,000","431,000",SOURCE_PARSED,,,일반 클래스: Cost Guard 연금 비교 대상 여부 별도 판단,,,,,,,,
47,KR5127420039,C,일반,불명,수수료미징구형(C),R2_KR5127420039.pdf,0.5230,0.5230,"54,000","110,000","168,000","293,000","660,000",SOURCE_PARSED,,,일반 클래스: Cost Guard 연금 비교 대상 여부 별도 판단,,,,,,,,
47,KR5127420039,C-E,일반,불명,C-E,R2_KR5127420039.pdf,0.3510,0.3510,"36,000","74,000","113,000","198,000","447,000",SOURCE_PARSED,,,일반 클래스: Cost Guard 연금 비교 대상 여부 별도 판단,,,,,,,,
47,KR5127420039,C-F,일반,불명,C-F,R2_KR5127420039.pdf,0.1900,0.1920,"20,000","40,000","62,000","109,000","247,000",SOURCE_PARSED,,,일반 클래스: Cost Guard 연금 비교 대상 여부 별도 판단,,,,,,,,
47,KR5127420039,C-G,일반,불명,C-G,R2_KR5127420039.pdf,0.4200,0.4200,"43,000","88,000","135,000","236,000","533,000",SOURCE_PARSED,,,일반 클래스: Cost Guard 연금 비교 대상 여부 별도 판단,,,,,,,,
47,KR5127420039,C-P,일반,불명,C-P,R2_KR5127420039.pdf,0.4710,0.4720,"48,000","99,000","152,000","265,000","598,000",SOURCE_PARSED,,,일반 클래스: Cost Guard 연금 비교 대상 여부 별도 판단,,,,,,,,
47,KR5127420039,C-PE,일반,불명,C-Pe,R2_KR5127420039.pdf,0.3250,0.3250,"33,000","68,000","105,000","183,000","415,000",SOURCE_PARSED,,,일반 클래스: Cost Guard 연금 비교 대상 여부 별도 판단,,,,,,,,
47,KR5127420039,C-W,일반,불명,C-W,R2_KR5127420039.pdf,0.1800,0.1800,"18,000","38,000","58,000","102,000","232,000",SOURCE_PARSED,,,일반 클래스: Cost Guard 연금 비교 대상 여부 별도 판단,,,,,,,,
47,KR5127420039,S,일반,불명,S,R2_KR5127420039.pdf,0.2800,0.2800,"29,000","59,000","90,000","158,000","358,000",SOURCE_PARSED,,,일반 클래스: Cost Guard 연금 비교 대상 여부 별도 판단,,,,,,,,
47,KR5127420039,S-P,일반,불명,S-P,R2_KR5127420039.pdf,0.2600,0.2600,"27,000","55,000","84,000","147,000","333,000",SOURCE_PARSED_NEEDS_REVIEW,,,기간별 비용표에 서로 다른 값 2종 존재; 일반 클래스: Cost Guard 연금 비교 대상 여부 별도 판단,,,,,,,,
48,KR5127420045,A,일반,불명,수수료선취형(A),R2_KR5127420045.pdf,,,"34,000","48,000","64,000","96,000","194,000",SOURCE_PARSED_NEEDS_REVIEW,,,일반 클래스: Cost Guard 연금 비교 대상 여부 별도 판단,,,,,,,,
48,KR5127420045,A-E,일반,불명,A-E,R2_KR5127420045.pdf,,,"22,000","35,000","49,000","78,000","165,000",SOURCE_PARSED_NEEDS_REVIEW,,,기간별 비용표에 서로 다른 값 2종 존재; 일반 클래스: Cost Guard 연금 비교 대상 여부 별도 판단,,,,,,,,
48,KR5127420045,A-G,일반,불명,A-G,R2_KR5127420045.pdf,,,"27,000","40,000","55,000","85,000","176,000",SOURCE_PARSED_NEEDS_REVIEW,,,일반 클래스: Cost Guard 연금 비교 대상 여부 별도 판단,,,,,,,,
48,KR5127420045,C,일반,불명,수수료미징구형(C),R2_KR5127420045.pdf,,,"27,000","56,000","86,000","150,000","341,000",SOURCE_PARSED_NEEDS_REVIEW,,,일반 클래스: Cost Guard 연금 비교 대상 여부 별도 판단,,,,,,,,
48,KR5127420045,C-E,일반,불명,C-E,R2_KR5127420045.pdf,,,"19,000","39,000","60,000","105,000","239,000",SOURCE_PARSED_NEEDS_REVIEW,,,일반 클래스: Cost Guard 연금 비교 대상 여부 별도 판단,,,,,,,,
48,KR5127420045,C-F,일반,불명,C-F,R2_KR5127420045.pdf,,,"12,000","24,000","37,000","65,000","148,000",SOURCE_PARSED_NEEDS_REVIEW,,,기간별 비용표에 서로 다른 값 2종 존재; 일반 클래스: Cost Guard 연금 비교 대상 여부 별도 판단,,,,,,,,
48,KR5127420045,C-G,일반,불명,C-G,R2_KR5127420045.pdf,,,"22,000","46,000","70,000","123,000","279,000",SOURCE_PARSED_NEEDS_REVIEW,,,기간별 비용표에 서로 다른 값 2종 존재; 일반 클래스: Cost Guard 연금 비교 대상 여부 별도 판단,,,,,,,,
48,KR5127420045,C-P,일반,불명,C-P,R2_KR5127420045.pdf,,,"26,000","53,000","81,000","142,000","323,000",SOURCE_PARSED_NEEDS_REVIEW,,,일반 클래스: Cost Guard 연금 비교 대상 여부 별도 판단,,,,,,,,
48,KR5127420045,C-PE,일반,불명,C-Pe,R2_KR5127420045.pdf,,,"18,000","37,000","57,000","100,000","228,000",SOURCE_PARSED_NEEDS_REVIEW,,,일반 클래스: Cost Guard 연금 비교 대상 여부 별도 판단,,,,,,,,
48,KR5127420045,C-W,일반,불명,C-W,R2_KR5127420045.pdf,,,"11,000","22,000","34,000","60,000","136,000",SOURCE_PARSED_NEEDS_REVIEW,,,일반 클래스: Cost Guard 연금 비교 대상 여부 별도 판단,,,,,,,,
48,KR5127420045,S,일반,불명,S,R2_KR5127420045.pdf,,,"12,000","25,000","38,000","67,000","154,000",SOURCE_PARSED_NEEDS_REVIEW,,,일반 클래스: Cost Guard 연금 비교 대상 여부 별도 판단,,,,,,,,
48,KR5127420045,S-P,일반,불명,S-P,R2_KR5127420045.pdf,,,"18,000","37,000","57,000","100,000","226,000",SOURCE_PARSED_NEEDS_REVIEW,,,일반 클래스: Cost Guard 연금 비교 대상 여부 별도 판단,,,,,,,,
49,KR5127420083,A,일반,불명,수수료선취형(A),R2_KR5127420083.pdf,,,"59,000","89,000","121,000","189,000","390,000",SOURCE_PARSED_NEEDS_REVIEW,,,일반 클래스: Cost Guard 연금 비교 대상 여부 별도 판단,,,,,,,,
49,KR5127420083,A-E,일반,불명,A-E,R2_KR5127420083.pdf,,,"37,000","59,000","83,000","135,000","287,000",SOURCE_PARSED_NEEDS_REVIEW,,,일반 클래스: Cost Guard 연금 비교 대상 여부 별도 판단,,,,,,,,
49,KR5127420083,C,일반,불명,수수료미징구형(C),R2_KR5127420083.pdf,,,"47,000","97,000","148,000","259,000","584,000",SOURCE_PARSED_NEEDS_REVIEW,,,일반 클래스: Cost Guard 연금 비교 대상 여부 별도 판단,,,,,,,,
49,KR5127420083,C-E,일반,불명,C-E,R2_KR5127420083.pdf,,,"31,000","63,000","97,000","170,000","385,000",SOURCE_PARSED_NEEDS_REVIEW,,,일반 클래스: Cost Guard 연금 비교 대상 여부 별도 판단,,,,,,,,
49,KR5127420083,C-F,일반,불명,C-F,R2_KR5127420083.pdf,,,"16,000","34,000","52,000","91,000","206,000",SOURCE_PARSED_NEEDS_REVIEW,,,일반 클래스: Cost Guard 연금 비교 대상 여부 별도 판단,,,,,,,,
49,KR5127420083,C-P,일반,불명,C-P,R2_KR5127420083.pdf,,,"42,000","86,000","132,000","231,000","521,000",SOURCE_PARSED_NEEDS_REVIEW,,,일반 클래스: Cost Guard 연금 비교 대상 여부 별도 판단,,,,,,,,
49,KR5127420083,C-PE,일반,불명,C-Pe,R2_KR5127420083.pdf,,,"28,000","58,000","89,000","156,000","353,000",SOURCE_PARSED_NEEDS_REVIEW,,,기간별 비용표에 서로 다른 값 3종 존재; 일반 클래스: Cost Guard 연금 비교 대상 여부 별도 판단,,,,,,,,
49,KR5127420083,C-W,일반,불명,C-W,R2_KR5127420083.pdf,,,"14,000","29,000","45,000","79,000","180,000",SOURCE_PARSED_NEEDS_REVIEW,,,일반 클래스: Cost Guard 연금 비교 대상 여부 별도 판단,,,,,,,,
49,KR5127420083,S,일반,불명,S,R2_KR5127420083.pdf,,,"21,000","42,000","65,000","113,000","257,000",SOURCE_PARSED_NEEDS_REVIEW,,,일반 클래스: Cost Guard 연금 비교 대상 여부 별도 판단,,,,,,,,
49,KR5127420083,S-P,일반,불명,S-P,R2_KR5127420083.pdf,,,"19,000","40,000","61,000","106,000","242,000",SOURCE_PARSED_NEEDS_REVIEW,,,기간별 비용표에 서로 다른 값 2종 존재; 일반 클래스: Cost Guard 연금 비교 대상 여부 별도 판단,,,,,,,,
50,KR5127450117,A,일반,불명,수수료선취형(A),R2_KR5127450117.pdf,1.3060,1.3070,"232,000","369,000","511,000","811,000","1,667,000",SOURCE_PARSED,,,일반 클래스: Cost Guard 연금 비교 대상 여부 별도 판단,,,,,,,,
50,KR5127450117,A-E,일반,불명,A-E,R2_KR5127450117.pdf,1.0140,1.0150,"153,000","261,000","372,000","610,000","1,292,000",SOURCE_PARSED,,,일반 클래스: Cost Guard 연금 비교 대상 여부 별도 판단,,,,,,,,
50,KR5127450117,A-G,일반,불명,A-G,R2_KR5127450117.pdf,1.1310,1.1310,"185,000","304,000","428,000","690,000","1,443,000",SOURCE_PARSED,,,일반 클래스: Cost Guard 연금 비교 대상 여부 별도 판단,,,,,,,,
50,KR5127450117,C,일반,불명,수수료미징구형(C),R2_KR5127450117.pdf,2.2230,2.2230,"226,000","440,000","643,000","1,033,000","2,125,000",SOURCE_PARSED,,,일반 클래스: Cost Guard 연금 비교 대상 여부 별도 판단,,,,,,,,
50,KR5127450117,C-E,일반,불명,C-E,R2_KR5127450117.pdf,1.7130,1.7130,"175,000","355,000","541,000","932,000","2,030,000",SOURCE_PARSED,,,일반 클래스: Cost Guard 연금 비교 대상 여부 별도 판단,,,,,,,,
50,KR5127450117,C-F,일반,불명,C-F,R2_KR5127450117.pdf,0.7530,0.7540,"77,000","158,000","241,000","421,000","940,000",SOURCE_PARSED,,,일반 클래스: Cost Guard 연금 비교 대상 여부 별도 판단,,,,,,,,
50,KR5127450117,C-G,일반,불명,C-G,R2_KR5127450117.pdf,1.5970,1.5970,"163,000","331,000","505,000","872,000","1,904,000",SOURCE_PARSED_NEEDS_REVIEW,,,기간별 비용표에 서로 다른 값 2종 존재; 일반 클래스: Cost Guard 연금 비교 대상 여부 별도 판단,,,,,,,,
50,KR5127450117,C-P,일반,불명,C-P,R2_KR5127450117.pdf,1.5730,1.5730,"160,000","326,000","498,000","859,000","1,878,000",SOURCE_PARSED,,,일반 클래스: Cost Guard 연금 비교 대상 여부 별도 판단,,,,,,,,
50,KR5127450117,C-PE,일반,불명,C-Pe,R2_KR5127450117.pdf,1.1480,1.1480,"117,000","239,000","365,000","634,000","1,402,000",SOURCE_PARSED,,,일반 클래스: Cost Guard 연금 비교 대상 여부 별도 판단,,,,,,,,
50,KR5127450117,C-R,일반,불명,C-R,R2_KR5127450117.pdf,1.7230,1.7230,"176,000","357,000","544,000","937,000","2,041,000",SOURCE_PARSED,,,일반 클래스: Cost Guard 연금 비교 대상 여부 별도 판단,,,,,,,,
50,KR5127450117,C2,일반,불명,C2,R2_KR5127450117.pdf,2.0530,2.0530,,,,,,SOURCE_PARSED,,,기간별 비용 예시가 없거나 클래스 연결 실패; 일반 클래스: Cost Guard 연금 비교 대상 여부 별도 판단,,,,,,,,
50,KR5127450117,C3,일반,불명,C3,R2_KR5127450117.pdf,1.8830,1.8830,,,,,,SOURCE_PARSED,,,기간별 비용 예시가 없거나 클래스 연결 실패; 일반 클래스: Cost Guard 연금 비교 대상 여부 별도 판단,,,,,,,,
50,KR5127450117,C4,일반,불명,C4,R2_KR5127450117.pdf,1.7230,1.7230,,,,,,SOURCE_PARSED,,,기간별 비용 예시가 없거나 클래스 연결 실패; 일반 클래스: Cost Guard 연금 비교 대상 여부 별도 판단,,,,,,,,
50,KR5127450117,S,일반,불명,S,R2_KR5127450117.pdf,0.9730,0.9730,"100,000","203,000","311,000","540,000","1,199,000",SOURCE_PARSED_NEEDS_REVIEW,,,기간별 비용표에 서로 다른 값 2종 존재; 일반 클래스: Cost Guard 연금 비교 대상 여부 별도 판단,,,,,,,,
50,KR5127450117,S-P,일반,불명,S-P,R2_KR5127450117.pdf,0.9530,0.9530,"98,000","199,000","304,000","529,000","1,176,000",SOURCE_PARSED,,,일반 클래스: Cost Guard 연금 비교 대상 여부 별도 판단,,,,,,,,
51,KR5127450215,A,일반,불명,수수료선취형(A),R2_KR5127450215.pdf,,,"217,000","338,000","463,000","730,000","1,494,000",SOURCE_PARSED_NEEDS_REVIEW,,,일반 클래스: Cost Guard 연금 비교 대상 여부 별도 판단,,,,,,,,
51,KR5127450215,A-E,일반,불명,A-E,R2_KR5127450215.pdf,,,"130,000","214,000","301,000","487,000","1,026,000",SOURCE_PARSED_NEEDS_REVIEW,,,일반 클래스: Cost Guard 연금 비교 대상 여부 별도 판단,,,,,,,,
51,KR5127450215,A-G,일반,불명,A-G,R2_KR5127450215.pdf,,,"164,000","261,000","363,000","580,000","1,204,000",SOURCE_PARSED_NEEDS_REVIEW,,,일반 클래스: Cost Guard 연금 비교 대상 여부 별도 판단,,,,,,,,
51,KR5127450215,C,일반,불명,수수료미징구형(C),R2_KR5127450215.pdf,,,"145,000","295,000","451,000","780,000","1,711,000",SOURCE_PARSED_NEEDS_REVIEW,,,일반 클래스: Cost Guard 연금 비교 대상 여부 별도 판단,,,,,,,,
51,KR5127450215,C-E,일반,불명,C-E,R2_KR5127450215.pdf,,,"95,000","193,000","295,000","514,000","1,143,000",SOURCE_PARSED_NEEDS_REVIEW,,,일반 클래스: Cost Guard 연금 비교 대상 여부 별도 판단,,,,,,,,
51,KR5127450215,C-F,일반,불명,C-F,R2_KR5127450215.pdf,,,"46,000","94,000","145,000","253,000","570,000",SOURCE_PARSED_NEEDS_REVIEW,,,일반 클래스: Cost Guard 연금 비교 대상 여부 별도 판단,,,,,,,,
51,KR5127450215,C-G,일반,불명,C-G,R2_KR5127450215.pdf,,,"115,000","233,000","357,000","619,000","1,370,000",SOURCE_PARSED_NEEDS_REVIEW,,,일반 클래스: Cost Guard 연금 비교 대상 여부 별도 판단,,,,,,,,
51,KR5127450215,C-P,일반,불명,C-P,R2_KR5127450215.pdf,,,"125,000","254,000","388,000","673,000","1,485,000",SOURCE_PARSED_NEEDS_REVIEW,,,일반 클래스: Cost Guard 연금 비교 대상 여부 별도 판단,,,,,,,,
51,KR5127450215,C-PE,일반,불명,C-Pe,R2_KR5127450215.pdf,,,"84,000","172,000","263,000","458,000","1,021,000",SOURCE_PARSED_NEEDS_REVIEW,,,일반 클래스: Cost Guard 연금 비교 대상 여부 별도 판단,,,,,,,,
51,KR5127450215,C-W,일반,불명,C-W,R2_KR5127450215.pdf,,,"43,000","88,000","135,000","236,000","533,000",SOURCE_PARSED_NEEDS_REVIEW,,,일반 클래스: Cost Guard 연금 비교 대상 여부 별도 판단,,,,,,,,
51,KR5127450215,S,일반,불명,S,R2_KR5127450215.pdf,,,"74,000","151,000","231,000","402,000","900,000",SOURCE_PARSED_NEEDS_REVIEW,,,일반 클래스: Cost Guard 연금 비교 대상 여부 별도 판단,,,,,,,,
51,KR5127450215,S-P,일반,불명,S-P,R2_KR5127450215.pdf,,,"68,000","138,000","212,000","369,000","827,000",SOURCE_PARSED_NEEDS_REVIEW,,,기간별 비용표에 서로 다른 값 3종 존재; 일반 클래스: Cost Guard 연금 비교 대상 여부 별도 판단,,,,,,,,
52,KR5127450217,A,일반,오프라인,수수료선취-오프라인(A),R2_KR5127450217.pdf,1.1400,1.1530,"217,000","338,000","463,000","730,000","1,494,000",FILE1_PRIORITY_APPLIED,,스크린샷 2026-09-06 181807.png + 스크린샷 2026-09-06 181815.png,PDF명이 일치하여 파일1의 클래스명·계좌유형·채널·보수율·비용값을 그대로 우선 반영함,,,,,,,,
52,KR5127450217,A-E,일반,온라인,수수료선취-온라인(A-E),R2_KR5127450217.pdf,0.7800,0.7880,"130,000","214,000","301,000","487,000","1,026,000",FILE1_PRIORITY_APPLIED,,스크린샷 2026-09-06 181807.png + 스크린샷 2026-09-06 181815.png,PDF명이 일치하여 파일1의 클래스명·계좌유형·채널·보수율·비용값을 그대로 우선 반영함,,,,,,,,
52,KR5127450217,C,일반,오프라인,수수료미징구-오프라인(C),R2_KR5127450217.pdf,1.4200,1.4220,"145,000","295,000","451,000","780,000","1,711,000",FILE1_PRIORITY_APPLIED,,스크린샷 2026-09-06 181807.png + 스크린샷 2026-09-06 181815.png,PDF명이 일치하여 파일1의 클래스명·계좌유형·채널·보수율·비용값을 그대로 우선 반영함,,,,,,,,
52,KR5127450217,C-E,일반,온라인,수수료미징구-온라인(C-E),R2_KR5127450217.pdf,0.9200,0.9250,"95,000","193,000","295,000","514,000","1,143,000",FILE1_PRIORITY_APPLIED,,스크린샷 2026-09-06 181807.png + 스크린샷 2026-09-06 181815.png,PDF명이 일치하여 파일1의 클래스명·계좌유형·채널·보수율·비용값을 그대로 우선 반영함,,,,,,,,
52,KR5127450217,C-F,기관,오프라인,수수료미징구-오프라인-기관(C-F),R2_KR5127450217.pdf,0.4500,0.4500,"46,000","94,000","145,000","253,000","570,000",FILE1_PRIORITY_APPLIED,,스크린샷 2026-09-06 181807.png + 스크린샷 2026-09-06 181815.png,PDF명이 일치하여 파일1의 클래스명·계좌유형·채널·보수율·비용값을 그대로 우선 반영함,,,,,,,,
52,KR5127450217,C-W,랩/금전신탁,오프라인,수수료미징구-오프라인-랩·금전신탁(C-W),R2_KR5127450217.pdf,0.4200,0.4200,"43,000","88,000","135,000","236,000","533,000",FILE1_PRIORITY_APPLIED,,스크린샷 2026-09-06 181807.png + 스크린샷 2026-09-06 181815.png,PDF명이 일치하여 파일1의 클래스명·계좌유형·채널·보수율·비용값을 그대로 우선 반영함,,,,,,,,
52,KR5127450217,S,일반,온라인슈퍼,수수료후취-온라인슈퍼(S),R2_KR5127450217.pdf,0.7200,0.7200,"74,000","151,000","231,000","402,000","900,000",FILE1_PRIORITY_APPLIED,,스크린샷 2026-09-06 181807.png + 스크린샷 2026-09-06 181815.png,PDF명이 일치하여 파일1의 클래스명·계좌유형·채널·보수율·비용값을 그대로 우선 반영함,,,,,,,,
52,KR5127450217,C-P,개인연금,오프라인,수수료미징구-오프라인-개인연금(C-P),R2_KR5127450217.pdf,1.2200,1.2210,"125,000","254,000","388,000","673,000","1,485,000",FILE1_PRIORITY_APPLIED,,스크린샷 2026-09-06 181807.png + 스크린샷 2026-09-06 181815.png,PDF명이 일치하여 파일1의 클래스명·계좌유형·채널·보수율·비용값을 그대로 우선 반영함,,,,,,,,
52,KR5127450217,C-Pe,개인연금,온라인,수수료미징구-온라인-개인연금(C-Pe),R2_KR5127450217.pdf,0.8200,0.8220,"84,000","172,000","263,000","458,000","1,021,000",FILE1_PRIORITY_APPLIED,,스크린샷 2026-09-06 181807.png + 스크린샷 2026-09-06 181815.png,PDF명이 일치하여 파일1의 클래스명·계좌유형·채널·보수율·비용값을 그대로 우선 반영함,,,,,,,,
52,KR5127450217,S-P,개인연금,온라인슈퍼,수수료미징구-온라인슈퍼-개인연금(S-P),R2_KR5127450217.pdf,0.6600,0.6600,"68,000","138,000","212,000","369,000","827,000",FILE1_PRIORITY_APPLIED,,스크린샷 2026-09-06 181807.png + 스크린샷 2026-09-06 181815.png,PDF명이 일치하여 파일1의 클래스명·계좌유형·채널·보수율·비용값을 그대로 우선 반영함,,,,,,,,
52,KR5127450217,C-퇴직,퇴직연금,오프라인,수수료미징구-오프라인-퇴직연금(C-퇴직),R2_KR5127450217.pdf,1.1200,1.1200,"115,000","233,000","357,000","619,000","1,370,000",FILE1_PRIORITY_APPLIED,,스크린샷 2026-09-06 181807.png + 스크린샷 2026-09-06 181815.png,PDF명이 일치하여 파일1의 클래스명·계좌유형·채널·보수율·비용값을 그대로 우선 반영함,,,,,,,,
52,KR5127450217,C-퇴직e,퇴직연금,온라인,수수료미징구-온라인-퇴직연금(C-퇴직e),R2_KR5127450217.pdf,0.7700,0.7730,"79,000","162,000","248,000","431,000","963,000",FILE1_PRIORITY_APPLIED,,스크린샷 2026-09-06 181807.png + 스크린샷 2026-09-06 181815.png,PDF명이 일치하여 파일1의 클래스명·계좌유형·채널·보수율·비용값을 그대로 우선 반영함,,,,,,,,
52,KR5127450217,A-G,일반,오프라인,수수료선취-오프라인-무권유저비용(A-G),R2_KR5127450217.pdf,0.9240,0.9240,"164,000","261,000","363,000","580,000","1,204,000",FILE1_PRIORITY_APPLIED,,스크린샷 2026-09-06 181807.png + 스크린샷 2026-09-06 181815.png,PDF명이 일치하여 파일1의 클래스명·계좌유형·채널·보수율·비용값을 그대로 우선 반영함,,,,,,,,
52,KR5127450217,C-G,일반,오프라인,수수료미징구-오프라인-무권유저비용(C-G),R2_KR5127450217.pdf,1.1200,1.1200,"115,000","233,000","357,000","619,000","1,370,000",FILE1_PRIORITY_APPLIED,,스크린샷 2026-09-06 181807.png + 스크린샷 2026-09-06 181815.png,PDF명이 일치하여 파일1의 클래스명·계좌유형·채널·보수율·비용값을 그대로 우선 반영함,,,,,,,,
53,KR5127450473,A,일반,오프라인,수수료선취-오프라인,R2_KR5127450473.pdf,1.3200,1.3220,"234,000","372,000","516,000","817,000","1,684,000",FILE1_PRIORITY_APPLIED,,스크린샷 2026-09-05 193221.png + 스크린샷 2026-09-05 193226.png,PDF명이 일치하여 파일1의 클래스명·계좌유형·채널·보수율·비용값을 그대로 우선 반영함,,,,,,,,
53,KR5127450473,A-E,일반,온라인,수수료선취-온라인,R2_KR5127450473.pdf,1.0400,1.0410,"156,000","266,000","380,000","623,000","1,322,000",FILE1_PRIORITY_APPLIED,,스크린샷 2026-09-05 193221.png + 스크린샷 2026-09-05 193226.png,PDF명이 일치하여 파일1의 클래스명·계좌유형·채널·보수율·비용값을 그대로 우선 반영함,,,,,,,,
53,KR5127450473,A-G,일반,오프라인,수수료선취-오프라인-무권유저비용,R2_KR5127450473.pdf,1.1520,1.1520,"187,000","308,000","434,000","702,000","1,467,000",FILE1_PRIORITY_APPLIED,,스크린샷 2026-09-05 193221.png + 스크린샷 2026-09-05 193226.png,PDF명이 일치하여 파일1의 클래스명·계좌유형·채널·보수율·비용값을 그대로 우선 반영함,,,,,,,,
53,KR5127450473,C,일반,오프라인,수수료미징구-오프라인,R2_KR5127450473.pdf,1.6600,1.6600,"169,000","344,000","524,000","904,000","1,973,000",FILE1_PRIORITY_APPLIED,,스크린샷 2026-09-05 193221.png + 스크린샷 2026-09-05 193226.png,PDF명이 일치하여 파일1의 클래스명·계좌유형·채널·보수율·비용값을 그대로 우선 반영함,,,,,,,,
53,KR5127450473,C-E,일반,온라인,수수료미징구-온라인,R2_KR5127450473.pdf,1.2100,1.2110,"124,000","252,000","385,000","668,000","1,474,000",FILE1_PRIORITY_APPLIED,,스크린샷 2026-09-05 193221.png + 스크린샷 2026-09-05 193226.png,PDF명이 일치하여 파일1의 클래스명·계좌유형·채널·보수율·비용값을 그대로 우선 반영함,,,,,,,,
53,KR5127450473,C-G,일반,오프라인,수수료미징구-오프라인-무권유저비용,R2_KR5127450473.pdf,1.3900,1.3900,"142,000","289,000","441,000","763,000","1,676,000",FILE1_PRIORITY_APPLIED,,스크린샷 2026-09-05 193221.png + 스크린샷 2026-09-05 193226.png,PDF명이 일치하여 파일1의 클래스명·계좌유형·채널·보수율·비용값을 그대로 우선 반영함,,,,,,,,
53,KR5127450473,C-F,기관,오프라인,수수료미징구-오프라인-기관,R2_KR5127450473.pdf,0.7900,0.7930,"81,000","166,000","254,000","442,000","987,000",FILE1_PRIORITY_APPLIED,,스크린샷 2026-09-05 193221.png + 스크린샷 2026-09-05 193226.png,PDF명이 일치하여 파일1의 클래스명·계좌유형·채널·보수율·비용값을 그대로 우선 반영함,,,,,,,,
53,KR5127450473,C-W,랩/신탁,오프라인,수수료미징구-오프라인-랩·금전신탁,R2_KR5127450473.pdf,0.7600,0.7600,"78,000","159,000","243,000","424,000","948,000",FILE1_PRIORITY_APPLIED,,스크린샷 2026-09-05 193221.png + 스크린샷 2026-09-05 193226.png,PDF명이 일치하여 파일1의 클래스명·계좌유형·채널·보수율·비용값을 그대로 우선 반영함,,,,,,,,
53,KR5127450473,S,일반,온라인슈퍼,수수료후취-온라인슈퍼,R2_KR5127450473.pdf,1.0300,1.0300,"105,000","215,000","328,000","570,000","1,266,000",FILE1_PRIORITY_APPLIED,,스크린샷 2026-09-05 193221.png + 스크린샷 2026-09-05 193226.png,PDF명이 일치하여 파일1의 클래스명·계좌유형·채널·보수율·비용값을 그대로 우선 반영함,,,,,,,,
53,KR5127450473,S-P,개인연금,온라인슈퍼,수수료미징구-온라인슈퍼-개인연금,R2_KR5127450473.pdf,0.9760,0.9760,"100,000","204,000","312,000","541,000","1,203,000",FILE1_PRIORITY_APPLIED,,스크린샷 2026-09-05 193221.png + 스크린샷 2026-09-05 193226.png,PDF명이 일치하여 파일1의 클래스명·계좌유형·채널·보수율·비용값을 그대로 우선 반영함,,,,,,,,
53,KR5127450473,C-P,개인연금,오프라인,수수료미징구-오프라인-개인연금,R2_KR5127450473.pdf,1.5250,1.5250,"156,000","316,000","483,000","834,000","1,825,000",FILE1_PRIORITY_APPLIED,,스크린샷 2026-09-05 193221.png + 스크린샷 2026-09-05 193226.png,PDF명이 일치하여 파일1의 클래스명·계좌유형·채널·보수율·비용값을 그대로 우선 반영함,,,,,,,,
53,KR5127450473,C-Pe,개인연금,온라인,수수료미징구-온라인-개인연금,R2_KR5127450473.pdf,1.1420,1.1440,"117,000","238,000","364,000","632,000","1,397,000",FILE1_PRIORITY_APPLIED,,스크린샷 2026-09-05 193221.png + 스크린샷 2026-09-05 193226.png,PDF명이 일치하여 파일1의 클래스명·계좌유형·채널·보수율·비용값을 그대로 우선 반영함,,,,,,,,
53,KR5127450473,C-퇴직,퇴직연금,오프라인,수수료미징구-오프라인-퇴직연금,R2_KR5127450473.pdf,1.4800,1.4810,"151,000","307,000","469,000","811,000","1,777,000",FILE1_PRIORITY_APPLIED,,스크린샷 2026-09-05 193221.png + 스크린샷 2026-09-05 193226.png,PDF명이 일치하여 파일1의 클래스명·계좌유형·채널·보수율·비용값을 그대로 우선 반영함,,,,,,,,
53,KR5127450473,C-퇴직e,퇴직연금,온라인,수수료미징구-온라인-퇴직연금,R2_KR5127450473.pdf,1.1200,1.1250,"115,000","234,000","358,000","621,000","1,376,000",FILE1_PRIORITY_APPLIED,,스크린샷 2026-09-05 193221.png + 스크린샷 2026-09-05 193226.png,PDF명이 일치하여 파일1의 클래스명·계좌유형·채널·보수율·비용값을 그대로 우선 반영함,,,,,,,,
53,KR5127450473,S-퇴직,퇴직연금,온라인슈퍼,수수료미징구-온라인슈퍼-퇴직연금,R2_KR5127450473.pdf,0.9660,0.9660,"99,000","202,000","308,000","536,000","1,191,000",FILE1_PRIORITY_APPLIED,,스크린샷 2026-09-05 193221.png + 스크린샷 2026-09-05 193226.png,PDF명이 일치하여 파일1의 클래스명·계좌유형·채널·보수율·비용값을 그대로 우선 반영함,,,,,,,,
54,KR5129420025,A,일반,불명,수수료선취형(A),R2_KR5129420025.pdf,0.1070,0.1093,"32,000","44,000","58,000","86,000","170,000",SOURCE_PARSED,,,일반 클래스: Cost Guard 연금 비교 대상 여부 별도 판단,,,,,,,,
54,KR5129420025,A-E,일반,온라인,수수료선취-온라인(A-e),R2_KR5129420025.pdf,0.1020,0.1043,"21,000","33,000","46,000","73,000","154,000",SOURCE_PARSED,,,일반 클래스: Cost Guard 연금 비교 대상 여부 별도 판단,,,,,,,,
54,KR5129420025,A-U,일반,오프라인,수수료선취-오프라인-전환가능(A-u),R2_KR5129420025.pdf,0.1950,0.1950,"121,000","142,000","165,000","188,000","213,000",SOURCE_PARSED,,,일반 클래스: Cost Guard 연금 비교 대상 여부 별도 판단,,,,,,,,
54,KR5129420025,A-U2,일반,오프라인,수수료선취-오프라인-전환가능(A-u2),R2_KR5129420025.pdf,0.1870,0.1870,"120,000","140,000","162,000","185,000","209,000",SOURCE_PARSED,,,일반 클래스: Cost Guard 연금 비교 대상 여부 별도 판단,,,,,,,,
54,KR5129420025,AG,일반,오프라인,수수료선취-오프라인-무권유저비용(AG),R2_KR5129420025.pdf,0.1050,0.1050,"26,000","37,000","49,000","74,000","150,000",SOURCE_PARSED,,,일반 클래스: Cost Guard 연금 비교 대상 여부 별도 판단,,,,,,,,
54,KR5129420025,C,일반,불명,수수료미징구형(C),R2_KR5129420025.pdf,0.2470,0.2493,"26,000","54,000","83,000","145,000","331,000",SOURCE_PARSED,,,일반 클래스: Cost Guard 연금 비교 대상 여부 별도 판단,,,,,,,,
54,KR5129420025,C-E,일반,온라인,수수료미징구-온라인(C-e),R2_KR5129420025.pdf,0.1720,0.1743,"19,000","38,000","59,000","103,000","234,000",SOURCE_PARSED_NEEDS_REVIEW,,,기간별 비용표에 서로 다른 값 6종 존재; 일반 클래스: Cost Guard 연금 비교 대상 여부 별도 판단,,,,,,,,
54,KR5129420025,C-W,일반,오프라인,수수료미징구-오프라인-랩(C-w),R2_KR5129420025.pdf,0.0970,0.0993,"11,000","22,000","34,000","60,000","137,000",SOURCE_PARSED,,,일반 클래스: Cost Guard 연금 비교 대상 여부 별도 판단,,,,,,,,
54,KR5129420025,CG,일반,오프라인,수수료미징구-오프라인-무권유저비용(CG),R2_KR5129420025.pdf,0.1770,0.1770,"19,000","39,000","60,000","104,000","237,000",SOURCE_PARSED,,,일반 클래스: Cost Guard 연금 비교 대상 여부 별도 판단,,,,,,,,
54,KR5129420025,I,일반,오프라인,"수수료미징구-오프라인-펀드 등, 고액(I)",R2_KR5129420025.pdf,0.1270,0.1293,"14,000","29,000","44,000","77,000","176,000",SOURCE_PARSED,,,일반 클래스: Cost Guard 연금 비교 대상 여부 별도 판단,,,,,,,,
55,KR5129420031,A,일반,불명,수수료선취형(A),R2_KR5129420031.pdf,0.2820,0.2844,"60,000","91,000","124,000","195,000","406,000",SOURCE_PARSED,,,일반 클래스: Cost Guard 연금 비교 대상 여부 별도 판단,,,,,,,,
55,KR5129420031,A-E,일반,온라인,수수료선취-온라인(A-e),R2_KR5129420031.pdf,0.2320,0.2344,"40,000","66,000","93,000","152,000","328,000",SOURCE_PARSED_NEEDS_REVIEW,,,기간별 비용표에 서로 다른 값 2종 존재; 일반 클래스: Cost Guard 연금 비교 대상 여부 별도 판단,,,,,,,,
55,KR5129420031,C,일반,불명,수수료미징구형(C),R2_KR5129420031.pdf,0.4120,0.4144,"43,000","89,000","137,000","240,000","545,000",SOURCE_PARSED_NEEDS_REVIEW,,,기간별 비용표에 서로 다른 값 2종 존재; 일반 클래스: Cost Guard 연금 비교 대상 여부 별도 판단,,,,,,,,
55,KR5129420031,C-E,일반,온라인,수수료미징구-온라인(C-e),R2_KR5129420031.pdf,0.3620,0.3644,"38,000","78,000","120,000","211,000","481,000",SOURCE_PARSED,,,일반 클래스: Cost Guard 연금 비교 대상 여부 별도 판단,,,,,,,,
55,KR5129420031,C-G,일반,오프라인,수수료미징구-오프라인-사원복지연기금(C-g),R2_KR5129420031.pdf,0.3320,0.3320,"34,000","70,000","107,000","188,000","428,000",SOURCE_PARSED,,,일반 클래스: Cost Guard 연금 비교 대상 여부 별도 판단,,,,,,,,
55,KR5129420031,C-I,일반,오프라인,수수료미징구-오프라인-고액(C-i),R2_KR5129420031.pdf,0.2120,0.2144,"23,000","47,000","72,000","126,000","287,000",SOURCE_PARSED_NEEDS_REVIEW,,,기간별 비용표에 서로 다른 값 7종 존재; 일반 클래스: Cost Guard 연금 비교 대상 여부 별도 판단,,,,,,,,
55,KR5129420031,CW,일반,오프라인,"수수료미징구-오프라인-기관, 펀드 등(Cw)",R2_KR5129420031.pdf,0.1020,0.1044,"12,000","24,000","36,000","64,000","146,000",SOURCE_PARSED,,,일반 클래스: Cost Guard 연금 비교 대상 여부 별도 판단,,,,,,,,
55,KR5129420031,J-E,일반,온라인,수수료미징구-온라인직접판매(J-e),R2_KR5129420031.pdf,0.2570,0.2570,"27,000","56,000","86,000","150,000","342,000",SOURCE_PARSED_NEEDS_REVIEW,,,기간별 비용표에 서로 다른 값 3종 존재; 일반 클래스: Cost Guard 연금 비교 대상 여부 별도 판단,,,,,,,,
55,KR5129420031,S,일반,온라인슈퍼,수수료후취-온라인슈퍼(S),R2_KR5129420031.pdf,0.3320,0.3320,"35,000","72,000","110,000","193,000","439,000",SOURCE_PARSED_NEEDS_REVIEW,,,기간별 비용표에 서로 다른 값 3종 존재; 일반 클래스: Cost Guard 연금 비교 대상 여부 별도 판단,,,,,,,,
56,KR5131420007,A,일반,오프라인,수수료선취-오프라인(A),R2_KR5131420007.pdf,0.2700,0.2700,"58,000","86,000","117,000","182,000","377,000",FILE1_PRIORITY_APPLIED,,스크린샷 2026-09-05 193240.png + 스크린샷 2026-09-05 193246.png,PDF명이 일치하여 파일1의 클래스명·계좌유형·채널·보수율·비용값을 그대로 우선 반영함,,,,,,,,
56,KR5131420007,A-E,일반,온라인,수수료선취-온라인(A-E),R2_KR5131420007.pdf,0.1950,0.1955,"36,000","58,000","81,000","131,000","280,000",FILE1_PRIORITY_APPLIED,,스크린샷 2026-09-05 193240.png + 스크린샷 2026-09-05 193246.png,PDF명이 일치하여 파일1의 클래스명·계좌유형·채널·보수율·비용값을 그대로 우선 반영함,,,,,,,,
56,KR5131420007,C,일반,오프라인,수수료미징구-오프라인(C),R2_KR5131420007.pdf,0.5200,0.5224,"55,000","112,000","172,000","302,000","686,000",FILE1_PRIORITY_APPLIED,,스크린샷 2026-09-05 193240.png + 스크린샷 2026-09-05 193246.png,PDF명이 일치하여 파일1의 클래스명·계좌유형·채널·보수율·비용값을 그대로 우선 반영함,,,,,,,,
56,KR5131420007,C-E,일반,온라인,수수료미징구-온라인(C-E),R2_KR5131420007.pdf,0.3200,0.3200,"34,000","69,000","107,000","187,000","426,000",FILE1_PRIORITY_APPLIED,,스크린샷 2026-09-05 193240.png + 스크린샷 2026-09-05 193246.png,PDF명이 일치하여 파일1의 클래스명·계좌유형·채널·보수율·비용값을 그대로 우선 반영함,,,,,,,,
56,KR5131420007,C-F,기관,오프라인,수수료미징구-오프라인-펀드·전문투자자 등(C-F),R2_KR5131420007.pdf,0.1400,0.1424,"16,000","32,000","49,000","86,000","197,000",FILE1_PRIORITY_APPLIED,,스크린샷 2026-09-05 193240.png + 스크린샷 2026-09-05 193246.png,PDF명이 일치하여 파일1의 클래스명·계좌유형·채널·보수율·비용값을 그대로 우선 반영함,,,,,,,,
56,KR5131420007,C-I,고액,오프라인,수수료미징구-오프라인-고액(C-I),R2_KR5131420007.pdf,0.2200,0.2200,"23,000","46,000","71,000","125,000","284,000",FILE1_PRIORITY_APPLIED,,스크린샷 2026-09-05 193240.png + 스크린샷 2026-09-05 193246.png,PDF명이 일치하여 파일1의 클래스명·계좌유형·채널·보수율·비용값을 그대로 우선 반영함,,,,,,,,
56,KR5131420007,C-P,개인연금,오프라인,수수료미징구-오프라인-개인연금(C-P),R2_KR5131420007.pdf,0.3400,0.3400,"35,000","71,000","110,000","193,000","438,000",FILE1_PRIORITY_APPLIED,,스크린샷 2026-09-05 193240.png + 스크린샷 2026-09-05 193246.png,PDF명이 일치하여 파일1의 클래스명·계좌유형·채널·보수율·비용값을 그대로 우선 반영함,,,,,,,,
56,KR5131420007,C-PE,개인연금,온라인,수수료미징구-온라인-개인연금(C-PE),R2_KR5131420007.pdf,0.2300,0.2319,"25,000","51,000","78,000","137,000","312,000",FILE1_PRIORITY_APPLIED,,스크린샷 2026-09-05 193240.png + 스크린샷 2026-09-05 193246.png,PDF명이 일치하여 파일1의 클래스명·계좌유형·채널·보수율·비용값을 그대로 우선 반영함,,,,,,,,
56,KR5131420007,C-P2,퇴직연금,오프라인,수수료미징구-오프라인-퇴직연금(C-P2),R2_KR5131420007.pdf,0.3700,0.3700,"39,000","80,000","123,000","215,000","490,000",FILE1_PRIORITY_APPLIED,,스크린샷 2026-09-05 193240.png + 스크린샷 2026-09-05 193246.png,PDF명이 일치하여 파일1의 클래스명·계좌유형·채널·보수율·비용값을 그대로 우선 반영함,,,,,,,,
56,KR5131420007,C-P2E,퇴직연금,온라인,수수료미징구-온라인-퇴직연금(C-P2E),R2_KR5131420007.pdf,0.2450,0.2474,"26,000","54,000","83,000","146,000","332,000",FILE1_PRIORITY_APPLIED,,스크린샷 2026-09-05 193240.png + 스크린샷 2026-09-05 193246.png,PDF명이 일치하여 파일1의 클래스명·계좌유형·채널·보수율·비용값을 그대로 우선 반영함,,,,,,,,
56,KR5131420007,C-W,랩,오프라인,수수료미징구-오프라인-랩(C-W),R2_KR5131420007.pdf,0.1200,0.1200,"12,000","25,000","39,000","68,000","155,000",FILE1_PRIORITY_APPLIED,,스크린샷 2026-09-05 193240.png + 스크린샷 2026-09-05 193246.png,PDF명이 일치하여 파일1의 클래스명·계좌유형·채널·보수율·비용값을 그대로 우선 반영함,,,,,,,,
57,KR5131420025,A,일반,오프라인,수수료선취-오프라인(A),R2_KR5131420025.pdf,0.2500,0.2500,"55,000","82,000","110,000","171,000","351,000",FILE1_PRIORITY_APPLIED,,스크린샷 2026-09-05 193300.png + 스크린샷 2026-09-05 193307.png,PDF명이 일치하여 파일1의 클래스명·계좌유형·채널·보수율·비용값을 그대로 우선 반영함,,,,,,,,
57,KR5131420025,C,일반,오프라인,수수료미징구-오프라인(C),R2_KR5131420025.pdf,0.5500,0.5500,"56,000","116,000","178,000","312,000","709,000",FILE1_PRIORITY_APPLIED,,스크린샷 2026-09-05 193300.png + 스크린샷 2026-09-05 193307.png,PDF명이 일치하여 파일1의 클래스명·계좌유형·채널·보수율·비용값을 그대로 우선 반영함,,,,,,,,
57,KR5131420025,C-E,일반,온라인,수수료미징구-온라인(C-E),R2_KR5131420025.pdf,0.3000,0.3024,"31,000","63,000","97,000","170,000","387,000",FILE1_PRIORITY_APPLIED,,스크린샷 2026-09-05 193300.png + 스크린샷 2026-09-05 193307.png,PDF명이 일치하여 파일1의 클래스명·계좌유형·채널·보수율·비용값을 그대로 우선 반영함,,,,,,,,
57,KR5131420025,C-I,고액,오프라인,수수료미징구-오프라인-고액(C-I),R2_KR5131420025.pdf,0.2000,0.2000,"21,000","42,000","65,000","113,000","258,000",FILE1_PRIORITY_APPLIED,,스크린샷 2026-09-05 193300.png + 스크린샷 2026-09-05 193307.png,PDF명이 일치하여 파일1의 클래스명·계좌유형·채널·보수율·비용값을 그대로 우선 반영함,,,,,,,,
57,KR5131420025,C-F,기관,오프라인,수수료미징구-오프라인-펀드·전문투자자 등(C-F),R2_KR5131420025.pdf,0.1200,0.1224,"13,000","26,000","40,000","69,000","158,000",FILE1_PRIORITY_APPLIED,,스크린샷 2026-09-05 193300.png + 스크린샷 2026-09-05 193307.png,PDF명이 일치하여 파일1의 클래스명·계좌유형·채널·보수율·비용값을 그대로 우선 반영함,,,,,,,,
57,KR5131420025,C-W,랩,오프라인,수수료미징구-오프라인-랩(C-W),R2_KR5131420025.pdf,0.1000,0.1000,"10,000","21,000","32,000","57,000","129,000",FILE1_PRIORITY_APPLIED,,스크린샷 2026-09-05 193300.png + 스크린샷 2026-09-05 193307.png,PDF명이 일치하여 파일1의 클래스명·계좌유형·채널·보수율·비용값을 그대로 우선 반영함,,,,,,,,
57,KR5131420025,A-G,일반,오프라인,수수료선취-오프라인-무권유저비용(A-G),R2_KR5131420025.pdf,0.2100,0.2100,"42,000","65,000","89,000","140,000","291,000",FILE1_PRIORITY_APPLIED,,스크린샷 2026-09-05 193300.png + 스크린샷 2026-09-05 193307.png,PDF명이 일치하여 파일1의 클래스명·계좌유형·채널·보수율·비용값을 그대로 우선 반영함,,,,,,,,
57,KR5131420025,C-G,일반,오프라인,수수료미징구-오프라인-무권유저비용(C-G),R2_KR5131420025.pdf,0.4100,0.4100,"42,000","86,000","132,000","232,000","529,000",FILE1_PRIORITY_APPLIED,,스크린샷 2026-09-05 193300.png + 스크린샷 2026-09-05 193307.png,PDF명이 일치하여 파일1의 클래스명·계좌유형·채널·보수율·비용값을 그대로 우선 반영함,,,,,,,,
57,KR5131420025,A-E,일반,온라인,수수료선취-온라인(A-E),R2_KR5131420025.pdf,0.1750,0.1750,"33,000","52,000","71,000","114,000","240,000",FILE1_PRIORITY_APPLIED,,스크린샷 2026-09-05 193300.png + 스크린샷 2026-09-05 193307.png,PDF명이 일치하여 파일1의 클래스명·계좌유형·채널·보수율·비용값을 그대로 우선 반영함,,,,,,,,
57,KR5131420025,C-P,개인연금,오프라인,수수료미징구-오프라인-개인연금(C-P),R2_KR5131420025.pdf,0.3100,0.3100,"32,000","65,000","100,000","176,000","400,000",FILE1_PRIORITY_APPLIED,,스크린샷 2026-09-05 193300.png + 스크린샷 2026-09-05 193307.png,PDF명이 일치하여 파일1의 클래스명·계좌유형·채널·보수율·비용값을 그대로 우선 반영함,,,,,,,,
57,KR5131420025,C-PE,개인연금,온라인,수수료미징구-온라인-개인연금(C-PE),R2_KR5131420025.pdf,0.2050,0.2066,"21,000","43,000","67,000","117,000","266,000",FILE1_PRIORITY_APPLIED,,스크린샷 2026-09-05 193300.png + 스크린샷 2026-09-05 193307.png,PDF명이 일치하여 파일1의 클래스명·계좌유형·채널·보수율·비용값을 그대로 우선 반영함,,,,,,,,
57,KR5131420025,C-P2,퇴직연금,오프라인,수수료미징구-오프라인-퇴직연금(C-P2),R2_KR5131420025.pdf,0.3400,0.3400,"35,000","71,000","110,000","193,000","438,000",FILE1_PRIORITY_APPLIED,,스크린샷 2026-09-05 193300.png + 스크린샷 2026-09-05 193307.png,PDF명이 일치하여 파일1의 클래스명·계좌유형·채널·보수율·비용값을 그대로 우선 반영함,,,,,,,,
57,KR5131420025,C-P2E,퇴직연금,온라인,수수료미징구-온라인-퇴직연금(C-P2E),R2_KR5131420025.pdf,0.2200,0.2223,"23,000","47,000","72,000","126,000","287,000",FILE1_PRIORITY_APPLIED,,스크린샷 2026-09-05 193300.png + 스크린샷 2026-09-05 193307.png,PDF명이 일치하여 파일1의 클래스명·계좌유형·채널·보수율·비용값을 그대로 우선 반영함,,,,,,,,
58,KR5139420015,A,일반,오프라인,수수료선취-오프라인(A),R2_KR5139420015.pdf,0.2425,0.2448,"35,000","61,000","87,000","142,000","303,000",FILE1_PRIORITY_APPLIED,,스크린샷 2026-09-05 193333.png + 스크린샷 2026-09-05 193339.png,PDF명이 일치하여 파일1의 클래스명·계좌유형·채널·보수율·비용값을 그대로 우선 반영함,,,,,,,,
58,KR5139420015,A-e,일반,온라인,수수료선취-온라인(A-e),R2_KR5139420015.pdf,0.1825,0.1848,"24,000","43,000","63,000","105,000","226,000",FILE1_PRIORITY_APPLIED,,스크린샷 2026-09-05 193333.png + 스크린샷 2026-09-05 193339.png,PDF명이 일치하여 파일1의 클래스명·계좌유형·채널·보수율·비용값을 그대로 우선 반영함,,,,,,,,
58,KR5139420015,C,일반,오프라인,수수료미징구-오프라인(C),R2_KR5139420015.pdf,0.3430,0.3453,"35,000","71,000","109,000","191,000","434,000",FILE1_PRIORITY_APPLIED,,스크린샷 2026-09-05 193333.png + 스크린샷 2026-09-05 193339.png,PDF명이 일치하여 파일1의 클래스명·계좌유형·채널·보수율·비용값을 그대로 우선 반영함,,,,,,,,
58,KR5139420015,C-e,일반,온라인,수수료미징구-온라인(C-e),R2_KR5139420015.pdf,0.2325,0.2348,"23,000","48,000","74,000","130,000","295,000",FILE1_PRIORITY_APPLIED,,스크린샷 2026-09-05 193333.png + 스크린샷 2026-09-05 193339.png,PDF명이 일치하여 파일1의 클래스명·계좌유형·채널·보수율·비용값을 그대로 우선 반영함,,,,,,,,
58,KR5139420015,C-p,개인연금,오프라인,수수료미징구-오프라인-개인연금(C-p),R2_KR5139420015.pdf,0.3225,0.3249,"32,000","67,000","102,000","180,000","409,000",FILE1_PRIORITY_APPLIED,,스크린샷 2026-09-05 193333.png + 스크린샷 2026-09-05 193339.png,PDF명이 일치하여 파일1의 클래스명·계좌유형·채널·보수율·비용값을 그대로 우선 반영함,,,,,,,,
58,KR5139420015,C-pe,개인연금,온라인,수수료미징구-온라인-개인연금(C-pe),R2_KR5139420015.pdf,0.2225,0.2248,"22,000","46,000","71,000","124,000","283,000",FILE1_PRIORITY_APPLIED,,스크린샷 2026-09-05 193333.png + 스크린샷 2026-09-05 193339.png,PDF명이 일치하여 파일1의 클래스명·계좌유형·채널·보수율·비용값을 그대로 우선 반영함,,,,,,,,
58,KR5139420015,C-w,랩/신탁,오프라인,수수료미징구-오프라인-랩·금전신탁(C-w),R2_KR5139420015.pdf,0.1225,0.1248,"12,000","26,000","39,000","69,000","157,000",FILE1_PRIORITY_APPLIED,,스크린샷 2026-09-05 193333.png + 스크린샷 2026-09-05 193339.png,PDF명이 일치하여 파일1의 클래스명·계좌유형·채널·보수율·비용값을 그대로 우선 반영함,,,,,,,,
58,KR5139420015,C-f,기관,오프라인,수수료미징구-오프라인-기관·펀드 등(C-f),R2_KR5139420015.pdf,0.1425,0.1448,"14,000","30,000","46,000","80,000","182,000",FILE1_PRIORITY_APPLIED,,스크린샷 2026-09-05 193333.png + 스크린샷 2026-09-05 193339.png,PDF명이 일치하여 파일1의 클래스명·계좌유형·채널·보수율·비용값을 그대로 우선 반영함,,,,,,,,
58,KR5139420015,S,일반,온라인슈퍼,수수료후취-온라인슈퍼(S),R2_KR5139420015.pdf,0.1775,0.1798,"18,000","37,000","57,000","99,000","226,000",FILE1_PRIORITY_APPLIED,,스크린샷 2026-09-05 193333.png + 스크린샷 2026-09-05 193339.png,PDF명이 일치하여 파일1의 클래스명·계좌유형·채널·보수율·비용값을 그대로 우선 반영함,,,,,,,,
58,KR5139420015,S-p,개인연금,온라인슈퍼,수수료미징구-온라인슈퍼-개인연금(S-p),R2_KR5139420015.pdf,0.1725,0.1748,"17,000","36,000","55,000","97,000","220,000",FILE1_PRIORITY_APPLIED,,스크린샷 2026-09-05 193333.png + 스크린샷 2026-09-05 193339.png,PDF명이 일치하여 파일1의 클래스명·계좌유형·채널·보수율·비용값을 그대로 우선 반영함,,,,,,,,
58,KR5139420015,A-g,일반,오프라인,수수료선취-오프라인-무권유저비용(A-g),R2_KR5139420015.pdf,0.1925,0.1945,"26,000","46,000","67,000","111,000","239,000",FILE1_PRIORITY_APPLIED,,스크린샷 2026-09-05 193333.png + 스크린샷 2026-09-05 193339.png,PDF명이 일치하여 파일1의 클래스명·계좌유형·채널·보수율·비용값을 그대로 우선 반영함,,,,,,,,
58,KR5139420015,C-g,일반,오프라인,수수료미징구-오프라인-무권유저비용(C-g),R2_KR5139420015.pdf,0.2525,0.2525,"25,000","52,000","80,000","140,000","318,000",FILE1_PRIORITY_APPLIED,,스크린샷 2026-09-05 193333.png + 스크린샷 2026-09-05 193339.png,PDF명이 일치하여 파일1의 클래스명·계좌유형·채널·보수율·비용값을 그대로 우선 반영함,,,,,,,,
58,KR5139420015,C-p2,퇴직연금,오프라인,수수료미징구-오프라인-퇴직연금(C-p2),R2_KR5139420015.pdf,0.3125,0.3125,"32,000","65,000","99,000","170,000","377,000",FILE1_PRIORITY_APPLIED,,스크린샷 2026-09-05 193333.png + 스크린샷 2026-09-05 193339.png,PDF명이 일치하여 파일1의 클래스명·계좌유형·채널·보수율·비용값을 그대로 우선 반영함,,,,,,,,
58,KR5139420015,C-p2e,퇴직연금,온라인,수수료미징구-온라인-퇴직연금(C-p2e),R2_KR5139420015.pdf,0.2175,0.2175,"22,000","45,000","69,000","120,000","274,000",FILE1_PRIORITY_APPLIED,,스크린샷 2026-09-05 193333.png + 스크린샷 2026-09-05 193339.png,PDF명이 일치하여 파일1의 클래스명·계좌유형·채널·보수율·비용값을 그대로 우선 반영함,,,,,,,,
58,KR5139420015,A-1,일반,오프라인,수수료선취-오프라인(A-1),R2_KR5139420015.pdf,0.1325,0.1325,"44,000","58,000","72,000","103,000","191,000",FILE1_PRIORITY_APPLIED,,스크린샷 2026-09-05 193333.png + 스크린샷 2026-09-05 193339.png,PDF명이 일치하여 파일1의 클래스명·계좌유형·채널·보수율·비용값을 그대로 우선 반영함,,,,,,,,
58,KR5139420015,C-퇴직,퇴직연금,오프라인,수수료미징구-오프라인-퇴직연금(C),R2_KR5139420015.pdf,0.3125,0.3148,"31,000","65,000","99,000","174,000","396,000",FILE1_PRIORITY_APPLIED,,스크린샷 2026-09-05 193333.png + 스크린샷 2026-09-05 193339.png,PDF명이 일치하여 파일1의 클래스명·계좌유형·채널·보수율·비용값을 그대로 우선 반영함,,,,,,,,
58,KR5139420015,C-e퇴직,퇴직연금,온라인,수수료미징구-온라인-퇴직연금(C-e),R2_KR5139420015.pdf,0.2175,0.2198,"22,000","45,000","69,000","121,000","276,000",FILE1_PRIORITY_APPLIED,,스크린샷 2026-09-05 193333.png + 스크린샷 2026-09-05 193339.png,PDF명이 일치하여 파일1의 클래스명·계좌유형·채널·보수율·비용값을 그대로 우선 반영함,,,,,,,,
58,KR5139420015,S-pr,퇴직연금,온라인슈퍼,수수료미징구-온라인슈퍼-퇴직연금(S-pr),R2_KR5139420015.pdf,0.2125,0.2128,"21,000","44,000","67,000","118,000","268,000",FILE1_PRIORITY_APPLIED,,스크린샷 2026-09-05 193333.png + 스크린샷 2026-09-05 193339.png,PDF명이 일치하여 파일1의 클래스명·계좌유형·채널·보수율·비용값을 그대로 우선 반영함,,,,,,,,
58,KR5139420015,C-i,퇴직연금/고액,오프라인,수수료미징구-오프라인-퇴직연금·고액(C-i),R2_KR5139420015.pdf,0.2025,0.2025,"20,000","42,000","64,000","112,000","255,000",FILE1_PRIORITY_APPLIED,,스크린샷 2026-09-05 193333.png + 스크린샷 2026-09-05 193339.png,PDF명이 일치하여 파일1의 클래스명·계좌유형·채널·보수율·비용값을 그대로 우선 반영함,,,,,,,,
59,KR5139420020,C,퇴직연금,오프라인,수수료미징구-오프라인-퇴직연금(C),R2_KR5139420020.pdf,0.3125,0.3148,"31,000","65,000","99,000","174,000","396,000",FILE1_PRIORITY_APPLIED,,스크린샷 2026-09-05 193351.png + 스크린샷 2026-09-05 193356.png,PDF명이 일치하여 파일1의 클래스명·계좌유형·채널·보수율·비용값을 그대로 우선 반영함,,,,,,,,
59,KR5139420020,C-e,퇴직연금,온라인,수수료미징구-온라인-퇴직연금(C-e),R2_KR5139420020.pdf,0.2175,0.2198,"22,000","45,000","69,000","121,000","276,000",FILE1_PRIORITY_APPLIED,,스크린샷 2026-09-05 193351.png + 스크린샷 2026-09-05 193356.png,PDF명이 일치하여 파일1의 클래스명·계좌유형·채널·보수율·비용값을 그대로 우선 반영함,,,,,,,,
59,KR5139420020,S-pr,퇴직연금,온라인슈퍼,수수료미징구-온라인슈퍼-퇴직연금(S-pr),R2_KR5139420020.pdf,0.2125,0.2128,"21,000","44,000","67,000","118,000","268,000",FILE1_PRIORITY_APPLIED,,스크린샷 2026-09-05 193351.png + 스크린샷 2026-09-05 193356.png,PDF명이 일치하여 파일1의 클래스명·계좌유형·채널·보수율·비용값을 그대로 우선 반영함,,,,,,,,
59,KR5139420020,C-i,퇴직연금/고액,오프라인,수수료미징구-오프라인-퇴직연금·고액(C-i),R2_KR5139420020.pdf,0.2025,0.2025,"20,000","42,000","64,000","112,000","255,000",FILE1_PRIORITY_APPLIED,,스크린샷 2026-09-05 193351.png + 스크린샷 2026-09-05 193356.png,PDF명이 일치하여 파일1의 클래스명·계좌유형·채널·보수율·비용값을 그대로 우선 반영함,,,,,,,,
60,KR5144420020,A,일반,오프라인,수수료선취-오프라인(A),R2_KR5144420020.pdf,0.2600,0.2625,"57,000","85,000","114,000","177,000","362,000",FILE1_PRIORITY_APPLIED,,스크린샷 2026-09-05 193428.png + 스크린샷 2026-09-05 193435.png,PDF명이 일치하여 파일1의 클래스명·계좌유형·채널·보수율·비용값을 그대로 우선 반영함,,,,,,,,
60,KR5144420020,A2,일반,오프라인,수수료선취-오프라인(A2),R2_KR5144420020.pdf,0.1600,0.1622,"56,000","74,000","92,000","130,000","245,000",FILE1_PRIORITY_APPLIED,,스크린샷 2026-09-05 193428.png + 스크린샷 2026-09-05 193435.png,PDF명이 일치하여 파일1의 클래스명·계좌유형·채널·보수율·비용값을 그대로 우선 반영함,,,,,,,,
60,KR5144420020,Ae,일반,온라인,수수료선취-온라인(Ae),R2_KR5144420020.pdf,0.1700,0.1725,"33,000","51,000","71,000","112,000","235,000",FILE1_PRIORITY_APPLIED,,스크린샷 2026-09-05 193428.png + 스크린샷 2026-09-05 193435.png,PDF명이 일치하여 파일1의 클래스명·계좌유형·채널·보수율·비용값을 그대로 우선 반영함,,,,,,,,
60,KR5144420020,C,일반,오프라인,수수료미징구-오프라인(C),R2_KR5144420020.pdf,0.5700,0.5726,"59,000","120,000","184,000","321,000","718,000",FILE1_PRIORITY_APPLIED,,스크린샷 2026-09-05 193428.png + 스크린샷 2026-09-05 193435.png,PDF명이 일치하여 파일1의 클래스명·계좌유형·채널·보수율·비용값을 그대로 우선 반영함,,,,,,,,
60,KR5144420020,Ce,일반,온라인,수수료미징구-온라인(Ce),R2_KR5144420020.pdf,0.2700,0.2725,"28,000","57,000","88,000","153,000","347,000",FILE1_PRIORITY_APPLIED,,스크린샷 2026-09-05 193428.png + 스크린샷 2026-09-05 193435.png,PDF명이 일치하여 파일1의 클래스명·계좌유형·채널·보수율·비용값을 그대로 우선 반영함,,,,,,,,
60,KR5144420020,Ci,기관,오프라인,수수료미징구-오프라인-기관(Ci),R2_KR5144420020.pdf,0.1500,0.1523,"16,000","32,000","49,000","86,000","195,000",FILE1_PRIORITY_APPLIED,,스크린샷 2026-09-05 193428.png + 스크린샷 2026-09-05 193435.png,PDF명이 일치하여 파일1의 클래스명·계좌유형·채널·보수율·비용값을 그대로 우선 반영함,,,,,,,,
60,KR5144420020,Cw,랩,오프라인,수수료미징구-오프라인-랩(Cw),R2_KR5144420020.pdf,0.1200,0.1225,"13,000","26,000","40,000","69,000","157,000",FILE1_PRIORITY_APPLIED,,스크린샷 2026-09-05 193428.png + 스크린샷 2026-09-05 193435.png,PDF명이 일치하여 파일1의 클래스명·계좌유형·채널·보수율·비용값을 그대로 우선 반영함,,,,,,,,
60,KR5144420020,AG,일반,오프라인,수수료선취-오프라인-무권유저비용(AG),R2_KR5144420020.pdf,0.1730,0.1730,"33,000","51,000","71,000","112,000","236,000",FILE1_PRIORITY_APPLIED,,스크린샷 2026-09-05 193428.png + 스크린샷 2026-09-05 193435.png,PDF명이 일치하여 파일1의 클래스명·계좌유형·채널·보수율·비용값을 그대로 우선 반영함,,,,,,,,
60,KR5144420020,CG,일반,오프라인,수수료미징구-오프라인-무권유저비용(CG),R2_KR5144420020.pdf,0.2900,0.2926,"30,000","61,000","94,000","165,000","372,000",FILE1_PRIORITY_APPLIED,,스크린샷 2026-09-05 193428.png + 스크린샷 2026-09-05 193435.png,PDF명이 일치하여 파일1의 클래스명·계좌유형·채널·보수율·비용값을 그대로 우선 반영함,,,,,,,,
60,KR5144420020,C-P1,개인연금,오프라인,수수료미징구-오프라인-개인연금(C-P1),R2_KR5144420020.pdf,0.3700,0.3725,"38,000","78,000","120,000","209,000","472,000",FILE1_PRIORITY_APPLIED,,스크린샷 2026-09-05 193428.png + 스크린샷 2026-09-05 193435.png,PDF명이 일치하여 파일1의 클래스명·계좌유형·채널·보수율·비용값을 그대로 우선 반영함,,,,,,,,
60,KR5144420020,C-P2,퇴직연금,오프라인,수수료미징구-오프라인-퇴직연금(C-P2),R2_KR5144420020.pdf,0.3500,0.3526,"36,000","74,000","114,000","198,000","447,000",FILE1_PRIORITY_APPLIED,,스크린샷 2026-09-05 193428.png + 스크린샷 2026-09-05 193435.png,PDF명이 일치하여 파일1의 클래스명·계좌유형·채널·보수율·비용값을 그대로 우선 반영함,,,,,,,,
60,KR5144420020,C-P1e,개인연금,온라인,수수료미징구-온라인-개인연금(C-P1e),R2_KR5144420020.pdf,0.2450,0.2474,"25,000","52,000","80,000","139,000","315,000",FILE1_PRIORITY_APPLIED,,스크린샷 2026-09-05 193428.png + 스크린샷 2026-09-05 193435.png,PDF명이 일치하여 파일1의 클래스명·계좌유형·채널·보수율·비용값을 그대로 우선 반영함,,,,,,,,
60,KR5144420020,C-P2e,퇴직연금,온라인,수수료미징구-온라인-퇴직연금(C-P2e),R2_KR5144420020.pdf,0.2350,0.2374,"24,000","50,000","77,000","134,000","303,000",FILE1_PRIORITY_APPLIED,,스크린샷 2026-09-05 193428.png + 스크린샷 2026-09-05 193435.png,PDF명이 일치하여 파일1의 클래스명·계좌유형·채널·보수율·비용값을 그대로 우선 반영함,,,,,,,,
60,KR5144420020,S,일반,온라인슈퍼,수수료후취-온라인슈퍼(S),R2_KR5144420020.pdf,0.1700,0.1724,"18,000","36,000","56,000","97,000","220,000",FILE1_PRIORITY_APPLIED,,스크린샷 2026-09-05 193428.png + 스크린샷 2026-09-05 193435.png,PDF명이 일치하여 파일1의 클래스명·계좌유형·채널·보수율·비용값을 그대로 우선 반영함,,,,,,,,
60,KR5144420020,S-P1,개인연금,온라인슈퍼,수수료미징구-온라인슈퍼-개인연금(S-P1),R2_KR5144420020.pdf,0.1600,0.1623,"17,000","34,000","52,000","92,000","208,000",FILE1_PRIORITY_APPLIED,,스크린샷 2026-09-05 193428.png + 스크린샷 2026-09-05 193435.png,PDF명이 일치하여 파일1의 클래스명·계좌유형·채널·보수율·비용값을 그대로 우선 반영함,,,,,,,,
60,KR5144420020,S-P2,퇴직연금,온라인슈퍼,수수료미징구-온라인슈퍼-퇴직연금(S-P2),R2_KR5144420020.pdf,0.1550,0.1574,"16,000","33,000","51,000","89,000","201,000",FILE1_PRIORITY_APPLIED,,스크린샷 2026-09-05 193428.png + 스크린샷 2026-09-05 193435.png,PDF명이 일치하여 파일1의 클래스명·계좌유형·채널·보수율·비용값을 그대로 우선 반영함,,,,,,,,
60,KR5144420020,A,일반,오프라인,수수료선취-오프라인(A),R2_KR5144420020.pdf,0.2950,0.3039,"41,000","74,000","108,000","181,000","395,000",FILE1_PRIORITY_APPLIED,,스크린샷 2026-09-05 193534(1).png + 스크린샷 2026-09-05 193543(1).png,PDF명이 일치하여 파일1의 클래스명·계좌유형·채널·보수율·비용값을 그대로 우선 반영함,,,,,,,,
60,KR5144420020,A2,일반,오프라인,수수료선취-오프라인(A2),R2_KR5144420020.pdf,0.1450,0.1539,"46,000","62,000","79,000","116,000","226,000",FILE1_PRIORITY_APPLIED,,스크린샷 2026-09-05 193534(1).png + 스크린샷 2026-09-05 193543(1).png,PDF명이 일치하여 파일1의 클래스명·계좌유형·채널·보수율·비용값을 그대로 우선 반영함,,,,,,,,
60,KR5144420020,Ae,일반,온라인,수수료선취-온라인(Ae),R2_KR5144420020.pdf,0.1950,0.2038,"26,000","48,000","71,000","120,000","265,000",FILE1_PRIORITY_APPLIED,,스크린샷 2026-09-05 193534(1).png + 스크린샷 2026-09-05 193543(1).png,PDF명이 일치하여 파일1의 클래스명·계좌유형·채널·보수율·비용값을 그대로 우선 반영함,,,,,,,,
60,KR5144420020,AG,일반,오프라인,수수료선취-오프라인-무권유저비용(AG),R2_KR5144420020.pdf,0.2080,0.2169,"27,000","50,000","75,000","127,000","281,000",FILE1_PRIORITY_APPLIED,,스크린샷 2026-09-05 193534(1).png + 스크린샷 2026-09-05 193543(1).png,PDF명이 일치하여 파일1의 클래스명·계좌유형·채널·보수율·비용값을 그대로 우선 반영함,,,,,,,,
60,KR5144420020,C,일반,오프라인,수수료미징구-오프라인(C),R2_KR5144420020.pdf,0.3950,0.4039,"41,000","85,000","130,000","227,000","511,000",FILE1_PRIORITY_APPLIED,,스크린샷 2026-09-05 193534(1).png + 스크린샷 2026-09-05 193543(1).png,PDF명이 일치하여 파일1의 클래스명·계좌유형·채널·보수율·비용값을 그대로 우선 반영함,,,,,,,,
60,KR5144420020,Ce,일반,온라인,수수료미징구-온라인(Ce),R2_KR5144420020.pdf,0.2450,0.2539,"26,000","53,000","82,000","143,000","323,000",FILE1_PRIORITY_APPLIED,,스크린샷 2026-09-05 193534(1).png + 스크린샷 2026-09-05 193543(1).png,PDF명이 일치하여 파일1의 클래스명·계좌유형·채널·보수율·비용값을 그대로 우선 반영함,,,,,,,,
60,KR5144420020,CG,일반,오프라인,수수료미징구-오프라인-무권유저비용(CG),R2_KR5144420020.pdf,0.2650,0.2739,"28,000","57,000","88,000","154,000","349,000",FILE1_PRIORITY_APPLIED,,스크린샷 2026-09-05 193534(1).png + 스크린샷 2026-09-05 193543(1).png,PDF명이 일치하여 파일1의 클래스명·계좌유형·채널·보수율·비용값을 그대로 우선 반영함,,,,,,,,
60,KR5144420020,Cf,기관,오프라인,수수료미징구-오프라인-기관(Cf),R2_KR5144420020.pdf,0.1050,0.1139,"12,000","24,000","37,000","64,000","146,000",FILE1_PRIORITY_APPLIED,,스크린샷 2026-09-05 193534(1).png + 스크린샷 2026-09-05 193543(1).png,PDF명이 일치하여 파일1의 클래스명·계좌유형·채널·보수율·비용값을 그대로 우선 반영함,,,,,,,,
60,KR5144420020,Ci,고액,오프라인,수수료미징구-오프라인-고액(Ci),R2_KR5144420020.pdf,0.1450,0.1539,"16,000","32,000","50,000","87,000","197,000",FILE1_PRIORITY_APPLIED,,스크린샷 2026-09-05 193534(1).png + 스크린샷 2026-09-05 193543(1).png,PDF명이 일치하여 파일1의 클래스명·계좌유형·채널·보수율·비용값을 그대로 우선 반영함,,,,,,,,
60,KR5144420020,Cw,랩,오프라인,수수료미징구-오프라인-랩(Cw),R2_KR5144420020.pdf,0.0950,0.1038,"11,000","22,000","34,000","59,000","133,000",FILE1_PRIORITY_APPLIED,,스크린샷 2026-09-05 193534(1).png + 스크린샷 2026-09-05 193543(1).png,PDF명이 일치하여 파일1의 클래스명·계좌유형·채널·보수율·비용값을 그대로 우선 반영함,,,,,,,,
60,KR5144420020,C-P1,개인연금,오프라인,수수료미징구-오프라인-개인연금(C-P1),R2_KR5144420020.pdf,0.2850,0.2939,"30,000","62,000","95,000","165,000","374,000",FILE1_PRIORITY_APPLIED,,스크린샷 2026-09-05 193534(1).png + 스크린샷 2026-09-05 193543(1).png,PDF명이 일치하여 파일1의 클래스명·계좌유형·채널·보수율·비용값을 그대로 우선 반영함,,,,,,,,
60,KR5144420020,C-P1e,개인연금,온라인,수수료미징구-온라인-개인연금(C-P1e),R2_KR5144420020.pdf,0.1900,0.1989,"20,000","42,000","64,000","112,000","254,000",FILE1_PRIORITY_APPLIED,,스크린샷 2026-09-05 193534(1).png + 스크린샷 2026-09-05 193543(1).png,PDF명이 일치하여 파일1의 클래스명·계좌유형·채널·보수율·비용값을 그대로 우선 반영함,,,,,,,,
60,KR5144420020,C-P2,퇴직연금,오프라인,수수료미징구-오프라인-퇴직연금(C-P2),R2_KR5144420020.pdf,0.2750,0.2839,"29,000","60,000","91,000","160,000","361,000",FILE1_PRIORITY_APPLIED,,스크린샷 2026-09-05 193534(1).png + 스크린샷 2026-09-05 193543(1).png,PDF명이 일치하여 파일1의 클래스명·계좌유형·채널·보수율·비용값을 그대로 우선 반영함,,,,,,,,
60,KR5144420020,C-P2e,퇴직연금,온라인,수수료미징구-온라인-퇴직연금(C-P2e),R2_KR5144420020.pdf,0.1850,0.1939,"20,000","41,000","63,000","109,000","248,000",FILE1_PRIORITY_APPLIED,,스크린샷 2026-09-05 193534(1).png + 스크린샷 2026-09-05 193543(1).png,PDF명이 일치하여 파일1의 클래스명·계좌유형·채널·보수율·비용값을 그대로 우선 반영함,,,,,,,,
60,KR5144420020,S,일반,온라인슈퍼,수수료후취-온라인슈퍼(S),R2_KR5144420020.pdf,0.1750,0.1839,"19,000","39,000","59,000","104,000","235,000",FILE1_PRIORITY_APPLIED,,스크린샷 2026-09-05 193534(1).png + 스크린샷 2026-09-05 193543(1).png,PDF명이 일치하여 파일1의 클래스명·계좌유형·채널·보수율·비용값을 그대로 우선 반영함,,,,,,,,
60,KR5144420020,S-P1,개인연금,온라인슈퍼,수수료미징구-온라인슈퍼-개인연금(S-P1),R2_KR5144420020.pdf,0.1550,0.1639,"17,000","34,000","53,000","93,000","210,000",FILE1_PRIORITY_APPLIED,,스크린샷 2026-09-05 193534(1).png + 스크린샷 2026-09-05 193543(1).png,PDF명이 일치하여 파일1의 클래스명·계좌유형·채널·보수율·비용값을 그대로 우선 반영함,,,,,,,,
60,KR5144420020,S-P2,퇴직연금,온라인슈퍼,수수료미징구-온라인슈퍼-퇴직연금(S-P2),R2_KR5144420020.pdf,0.1500,0.1589,"16,000","33,000","51,000","90,000","203,000",FILE1_PRIORITY_APPLIED,,스크린샷 2026-09-05 193534(1).png + 스크린샷 2026-09-05 193543(1).png,PDF명이 일치하여 파일1의 클래스명·계좌유형·채널·보수율·비용값을 그대로 우선 반영함,,,,,,,,
61,KR5144420081,A,일반,오프라인,수수료선취-오프라인(A),R2_KR5144420081.pdf,0.3650,0.3678,"58,000","97,000","138,000","226,000","484,000",FILE1_PRIORITY_APPLIED,,스크린샷 2026-09-05 193456(1).png + 스크린샷 2026-09-05 193510(1).png,PDF명이 일치하여 파일1의 클래스명·계좌유형·채널·보수율·비용값을 그대로 우선 반영함,,,,,,,,
61,KR5144420081,A2,일반,오프라인,수수료선취-오프라인(A2),R2_KR5144420081.pdf,0.2750,0.2778,"68,000","98,000","129,000","195,000","391,000",FILE1_PRIORITY_APPLIED,,스크린샷 2026-09-05 193456(1).png + 스크린샷 2026-09-05 193510(1).png,PDF명이 일치하여 파일1의 클래스명·계좌유형·채널·보수율·비용값을 그대로 우선 반영함,,,,,,,,
61,KR5144420081,Ae,일반,온라인,수수료선취-온라인(Ae),R2_KR5144420081.pdf,0.2650,0.2678,"37,000","66,000","96,000","161,000","350,000",FILE1_PRIORITY_APPLIED,,스크린샷 2026-09-05 193456(1).png + 스크린샷 2026-09-05 193510(1).png,PDF명이 일치하여 파일1의 클래스명·계좌유형·채널·보수율·비용값을 그대로 우선 반영함,,,,,,,,
61,KR5144420081,AG,일반,오프라인,수수료선취-오프라인-무권유저비용(AG),R2_KR5144420081.pdf,0.2850,0.2878,"39,000","70,000","103,000","172,000","375,000",FILE1_PRIORITY_APPLIED,,스크린샷 2026-09-05 193456(1).png + 스크린샷 2026-09-05 193510(1).png,PDF명이 일치하여 파일1의 클래스명·계좌유형·채널·보수율·비용값을 그대로 우선 반영함,,,,,,,,
61,KR5144420081,C,일반,오프라인,수수료미징구-오프라인(C),R2_KR5144420081.pdf,0.4650,0.4668,"48,000","98,000","150,000","262,000","589,000",FILE1_PRIORITY_APPLIED,,스크린샷 2026-09-05 193456(1).png + 스크린샷 2026-09-05 193510(1).png,PDF명이 일치하여 파일1의 클래스명·계좌유형·채널·보수율·비용값을 그대로 우선 반영함,,,,,,,,
61,KR5144420081,Ce,일반,온라인,수수료미징구-온라인(Ce),R2_KR5144420081.pdf,0.3150,0.3177,"33,000","67,000","102,000","179,000","403,000",FILE1_PRIORITY_APPLIED,,스크린샷 2026-09-05 193456(1).png + 스크린샷 2026-09-05 193510(1).png,PDF명이 일치하여 파일1의 클래스명·계좌유형·채널·보수율·비용값을 그대로 우선 반영함,,,,,,,,
61,KR5144420081,CG,일반,오프라인,수수료미징구-오프라인-무권유저비용(CG),R2_KR5144420081.pdf,0.3400,0.3428,"35,000","72,000","110,000","193,000","435,000",FILE1_PRIORITY_APPLIED,,스크린샷 2026-09-05 193456(1).png + 스크린샷 2026-09-05 193510(1).png,PDF명이 일치하여 파일1의 클래스명·계좌유형·채널·보수율·비용값을 그대로 우선 반영함,,,,,,,,
61,KR5144420081,Cf,기관,오프라인,수수료미징구-오프라인-기관(Cf),R2_KR5144420081.pdf,0.1950,0.1978,"20,000","42,000","64,000","112,000","253,000",FILE1_PRIORITY_APPLIED,,스크린샷 2026-09-05 193456(1).png + 스크린샷 2026-09-05 193510(1).png,PDF명이 일치하여 파일1의 클래스명·계좌유형·채널·보수율·비용값을 그대로 우선 반영함,,,,,,,,
61,KR5144420081,Cw,랩,오프라인,수수료미징구-오프라인-랩(Cw),R2_KR5144420081.pdf,0.1650,0.1671,"17,000","35,000","54,000","94,000","214,000",FILE1_PRIORITY_APPLIED,,스크린샷 2026-09-05 193456(1).png + 스크린샷 2026-09-05 193510(1).png,PDF명이 일치하여 파일1의 클래스명·계좌유형·채널·보수율·비용값을 그대로 우선 반영함,,,,,,,,
61,KR5144420081,C-P1,개인연금,오프라인,수수료미징구-오프라인-개인연금(C-P1),R2_KR5144420081.pdf,0.4150,0.4160,"43,000","87,000","134,000","234,000","526,000",FILE1_PRIORITY_APPLIED,,스크린샷 2026-09-05 193456(1).png + 스크린샷 2026-09-05 193510(1).png,PDF명이 일치하여 파일1의 클래스명·계좌유형·채널·보수율·비용값을 그대로 우선 반영함,,,,,,,,
61,KR5144420081,C-P1e,개인연금,온라인,수수료미징구-온라인-개인연금(C-P1e),R2_KR5144420081.pdf,0.2900,0.2927,"30,000","61,000","94,000","165,000","372,000",FILE1_PRIORITY_APPLIED,,스크린샷 2026-09-05 193456(1).png + 스크린샷 2026-09-05 193510(1).png,PDF명이 일치하여 파일1의 클래스명·계좌유형·채널·보수율·비용값을 그대로 우선 반영함,,,,,,,,
61,KR5144420081,C-P2,퇴직연금,오프라인,수수료미징구-오프라인-퇴직연금(C-P2),R2_KR5144420081.pdf,0.3950,0.3976,"41,000","83,000","128,000","223,000","503,000",FILE1_PRIORITY_APPLIED,,스크린샷 2026-09-05 193456(1).png + 스크린샷 2026-09-05 193510(1).png,PDF명이 일치하여 파일1의 클래스명·계좌유형·채널·보수율·비용값을 그대로 우선 반영함,,,,,,,,
61,KR5144420081,C-P2e,퇴직연금,온라인,수수료미징구-온라인-퇴직연금(C-P2e),R2_KR5144420081.pdf,0.2800,0.2828,"29,000","59,000","91,000","159,000","360,000",FILE1_PRIORITY_APPLIED,,스크린샷 2026-09-05 193456(1).png + 스크린샷 2026-09-05 193510(1).png,PDF명이 일치하여 파일1의 클래스명·계좌유형·채널·보수율·비용값을 그대로 우선 반영함,,,,,,,,
61,KR5144420081,S,일반,온라인슈퍼,수수료후취-온라인슈퍼(S),R2_KR5144420081.pdf,0.2550,0.2572,"26,000","54,000","83,000","145,000","328,000",FILE1_PRIORITY_APPLIED,,스크린샷 2026-09-05 193456(1).png + 스크린샷 2026-09-05 193510(1).png,PDF명이 일치하여 파일1의 클래스명·계좌유형·채널·보수율·비용값을 그대로 우선 반영함,,,,,,,,
61,KR5144420081,S-P1,개인연금,온라인슈퍼,수수료미징구-온라인슈퍼-개인연금(S-P1),R2_KR5144420081.pdf,0.2370,0.2395,"25,000","50,000","77,000","135,000","305,000",FILE1_PRIORITY_APPLIED,,스크린샷 2026-09-05 193456(1).png + 스크린샷 2026-09-05 193510(1).png,PDF명이 일치하여 파일1의 클래스명·계좌유형·채널·보수율·비용값을 그대로 우선 반영함,,,,,,,,
61,KR5144420081,S-P2,퇴직연금,온라인슈퍼,수수료미징구-온라인슈퍼-퇴직연금(S-P2),R2_KR5144420081.pdf,0.2270,0.2296,"24,000","48,000","74,000","129,000","293,000",FILE1_PRIORITY_APPLIED,,스크린샷 2026-09-05 193456(1).png + 스크린샷 2026-09-05 193510(1).png,PDF명이 일치하여 파일1의 클래스명·계좌유형·채널·보수율·비용값을 그대로 우선 반영함,,,,,,,,
62,KR5144420091,A,일반,오프라인,수수료선취-오프라인(A),R2_KR5144420091.pdf,0.2950,0.3039,"41,000","74,000","108,000","181,000","395,000",FILE1_PRIORITY_APPLIED,,스크린샷 2026-09-06 181708.png + 스크린샷 2026-09-06 181720.png,PDF명이 일치하여 파일1의 클래스명·계좌유형·채널·보수율·비용값을 그대로 우선 반영함,,,,,,,,
62,KR5144420091,A2,일반,오프라인,수수료선취-오프라인(A2),R2_KR5144420091.pdf,0.1450,0.1539,"46,000","62,000","79,000","116,000","226,000",FILE1_PRIORITY_APPLIED,,스크린샷 2026-09-06 181708.png + 스크린샷 2026-09-06 181720.png,PDF명이 일치하여 파일1의 클래스명·계좌유형·채널·보수율·비용값을 그대로 우선 반영함,,,,,,,,
62,KR5144420091,Ae,일반,온라인,수수료선취-온라인(Ae),R2_KR5144420091.pdf,0.1950,0.2038,"26,000","48,000","71,000","120,000","265,000",FILE1_PRIORITY_APPLIED,,스크린샷 2026-09-06 181708.png + 스크린샷 2026-09-06 181720.png,PDF명이 일치하여 파일1의 클래스명·계좌유형·채널·보수율·비용값을 그대로 우선 반영함,,,,,,,,
62,KR5144420091,AG,일반,오프라인,수수료선취-오프라인-무권유저비용(AG),R2_KR5144420091.pdf,0.2080,0.2169,"27,000","50,000","75,000","127,000","281,000",FILE1_PRIORITY_APPLIED,,스크린샷 2026-09-06 181708.png + 스크린샷 2026-09-06 181720.png,PDF명이 일치하여 파일1의 클래스명·계좌유형·채널·보수율·비용값을 그대로 우선 반영함,,,,,,,,
62,KR5144420091,C,일반,오프라인,수수료미징구-오프라인(C),R2_KR5144420091.pdf,0.3950,0.4039,"41,000","85,000","130,000","227,000","511,000",FILE1_PRIORITY_APPLIED,,스크린샷 2026-09-06 181708.png + 스크린샷 2026-09-06 181720.png,PDF명이 일치하여 파일1의 클래스명·계좌유형·채널·보수율·비용값을 그대로 우선 반영함,,,,,,,,
62,KR5144420091,Ce,일반,온라인,수수료미징구-온라인(Ce),R2_KR5144420091.pdf,0.2450,0.2539,"26,000","53,000","82,000","143,000","323,000",FILE1_PRIORITY_APPLIED,,스크린샷 2026-09-06 181708.png + 스크린샷 2026-09-06 181720.png,PDF명이 일치하여 파일1의 클래스명·계좌유형·채널·보수율·비용값을 그대로 우선 반영함,,,,,,,,
62,KR5144420091,CG,일반,오프라인,수수료미징구-오프라인-무권유저비용(CG),R2_KR5144420091.pdf,0.2650,0.2739,"28,000","57,000","88,000","154,000","349,000",FILE1_PRIORITY_APPLIED,,스크린샷 2026-09-06 181708.png + 스크린샷 2026-09-06 181720.png,PDF명이 일치하여 파일1의 클래스명·계좌유형·채널·보수율·비용값을 그대로 우선 반영함,,,,,,,,
62,KR5144420091,Cf,기관,오프라인,수수료미징구-오프라인-기관(Cf),R2_KR5144420091.pdf,0.1050,0.1139,"12,000","24,000","37,000","64,000","146,000",FILE1_PRIORITY_APPLIED,,스크린샷 2026-09-06 181708.png + 스크린샷 2026-09-06 181720.png,PDF명이 일치하여 파일1의 클래스명·계좌유형·채널·보수율·비용값을 그대로 우선 반영함,,,,,,,,
62,KR5144420091,Ci,고액,오프라인,수수료미징구-오프라인-고액(Ci),R2_KR5144420091.pdf,0.1450,0.1539,"16,000","32,000","50,000","87,000","197,000",FILE1_PRIORITY_APPLIED,,스크린샷 2026-09-06 181708.png + 스크린샷 2026-09-06 181720.png,PDF명이 일치하여 파일1의 클래스명·계좌유형·채널·보수율·비용값을 그대로 우선 반영함,,,,,,,,
62,KR5144420091,Cw,랩,오프라인,수수료미징구-오프라인-랩(Cw),R2_KR5144420091.pdf,0.0950,0.1038,"11,000","22,000","34,000","59,000","133,000",FILE1_PRIORITY_APPLIED,,스크린샷 2026-09-06 181708.png + 스크린샷 2026-09-06 181720.png,PDF명이 일치하여 파일1의 클래스명·계좌유형·채널·보수율·비용값을 그대로 우선 반영함,,,,,,,,
62,KR5144420091,C-P1,개인연금,오프라인,수수료미징구-오프라인-개인연금(C-P1·연금저축),R2_KR5144420091.pdf,0.2850,0.2939,"30,000","62,000","95,000","165,000","374,000",FILE1_PRIORITY_APPLIED,,스크린샷 2026-09-06 181708.png + 스크린샷 2026-09-06 181720.png,PDF명이 일치하여 파일1의 클래스명·계좌유형·채널·보수율·비용값을 그대로 우선 반영함,,,,,,,,
62,KR5144420091,C-P1e,개인연금,온라인,수수료미징구-온라인-개인연금(C-P1e·연금저축),R2_KR5144420091.pdf,0.1900,0.1989,"20,000","42,000","64,000","112,000","254,000",FILE1_PRIORITY_APPLIED,,스크린샷 2026-09-06 181708.png + 스크린샷 2026-09-06 181720.png,PDF명이 일치하여 파일1의 클래스명·계좌유형·채널·보수율·비용값을 그대로 우선 반영함,,,,,,,,
62,KR5144420091,C-P2,퇴직연금,오프라인,수수료미징구-오프라인-퇴직연금(C-P2),R2_KR5144420091.pdf,0.2750,0.2839,"29,000","60,000","91,000","160,000","361,000",FILE1_PRIORITY_APPLIED,,스크린샷 2026-09-06 181708.png + 스크린샷 2026-09-06 181720.png,PDF명이 일치하여 파일1의 클래스명·계좌유형·채널·보수율·비용값을 그대로 우선 반영함,,,,,,,,
62,KR5144420091,C-P2e,퇴직연금,온라인,수수료미징구-온라인-퇴직연금(C-P2e),R2_KR5144420091.pdf,0.1850,0.1939,"20,000","41,000","63,000","109,000","248,000",FILE1_PRIORITY_APPLIED,,스크린샷 2026-09-06 181708.png + 스크린샷 2026-09-06 181720.png,PDF명이 일치하여 파일1의 클래스명·계좌유형·채널·보수율·비용값을 그대로 우선 반영함,,,,,,,,
62,KR5144420091,S,일반,온라인슈퍼,수수료후취-온라인슈퍼(S),R2_KR5144420091.pdf,0.1750,0.1839,"19,000","39,000","59,000","104,000","235,000",FILE1_PRIORITY_APPLIED,,스크린샷 2026-09-06 181708.png + 스크린샷 2026-09-06 181720.png,PDF명이 일치하여 파일1의 클래스명·계좌유형·채널·보수율·비용값을 그대로 우선 반영함,,,,,,,,
62,KR5144420091,S-P1,개인연금,온라인슈퍼,수수료미징구-온라인슈퍼-개인연금(S-P1·연금저축),R2_KR5144420091.pdf,0.1550,0.1639,"17,000","34,000","53,000","93,000","210,000",FILE1_PRIORITY_APPLIED,,스크린샷 2026-09-06 181708.png + 스크린샷 2026-09-06 181720.png,PDF명이 일치하여 파일1의 클래스명·계좌유형·채널·보수율·비용값을 그대로 우선 반영함,,,,,,,,
62,KR5144420091,S-P2,퇴직연금,온라인슈퍼,수수료미징구-온라인슈퍼-퇴직연금(S-P2),R2_KR5144420091.pdf,0.1500,0.1589,"16,000","33,000","51,000","90,000","203,000",FILE1_PRIORITY_APPLIED,,스크린샷 2026-09-06 181708.png + 스크린샷 2026-09-06 181720.png,PDF명이 일치하여 파일1의 클래스명·계좌유형·채널·보수율·비용값을 그대로 우선 반영함,,,,,,,,
63,KR5144450095,A,일반,오프라인,수수료선취-오프라인(A),R2_KR5144450095.pdf,0.8770,0.8793,"140,000","233,000","329,000","535,000","1,127,000",FILE1_PRIORITY_APPLIED,,스크린샷 2026-09-05 193612(1).png + 스크린샷 2026-09-05 193622(1).png,PDF명이 일치하여 파일1의 클래스명·계좌유형·채널·보수율·비용값을 그대로 우선 반영함,,,,,,,,
63,KR5144450095,A2,일반,오프라인,수수료선취-오프라인(A2),R2_KR5144450095.pdf,0.7170,0.7203,"173,000","249,000","327,000","495,000","980,000",FILE1_PRIORITY_APPLIED,,스크린샷 2026-09-05 193612(1).png + 스크린샷 2026-09-05 193622(1).png,PDF명이 일치하여 파일1의 클래스명·계좌유형·채널·보수율·비용값을 그대로 우선 반영함,,,,,,,,
63,KR5144450095,Ae,일반,온라인,수수료선취-온라인(Ae),R2_KR5144450095.pdf,0.7070,0.7093,"98,000","173,000","252,000","419,000","905,000",FILE1_PRIORITY_APPLIED,,스크린샷 2026-09-05 193612(1).png + 스크린샷 2026-09-05 193622(1).png,PDF명이 일치하여 파일1의 클래스명·계좌유형·채널·보수율·비용값을 그대로 우선 반영함,,,,,,,,
63,KR5144450095,A2e,일반,온라인,수수료선취-온라인(A2e),R2_KR5144450095.pdf,0.6270,0.6308,"114,000","181,000","251,000","400,000","832,000",FILE1_PRIORITY_APPLIED,,스크린샷 2026-09-05 193612(1).png + 스크린샷 2026-09-05 193622(1).png,PDF명이 일치하여 파일1의 클래스명·계좌유형·채널·보수율·비용값을 그대로 우선 반영함,,,,,,,,
63,KR5144450095,AG,일반,오프라인,수수료선취-오프라인-무권유저비용(AG),R2_KR5144450095.pdf,0.7370,0.7408,"101,000","180,000","262,000","436,000","943,000",FILE1_PRIORITY_APPLIED,,스크린샷 2026-09-05 193612(1).png + 스크린샷 2026-09-05 193622(1).png,PDF명이 일치하여 파일1의 클래스명·계좌유형·채널·보수율·비용값을 그대로 우선 반영함,,,,,,,,
63,KR5144450095,C,일반,오프라인,수수료미징구-오프라인(C),R2_KR5144450095.pdf,1.0370,1.0393,"107,000","217,000","332,000","576,000","1,275,000",FILE1_PRIORITY_APPLIED,,스크린샷 2026-09-05 193612(1).png + 스크린샷 2026-09-05 193622(1).png,PDF명이 일치하여 파일1의 클래스명·계좌유형·채널·보수율·비용값을 그대로 우선 반영함,,,,,,,,
63,KR5144450095,Ce,일반,온라인,수수료미징구-온라인(Ce),R2_KR5144450095.pdf,0.7870,0.7893,"81,000","165,000","253,000","440,000","980,000",FILE1_PRIORITY_APPLIED,,스크린샷 2026-09-05 193612(1).png + 스크린샷 2026-09-05 193622(1).png,PDF명이 일치하여 파일1의 클래스명·계좌유형·채널·보수율·비용값을 그대로 우선 반영함,,,,,,,,
63,KR5144450095,CG,일반,오프라인,수수료미징구-오프라인-무권유저비용(CG),R2_KR5144450095.pdf,0.8370,0.8408,"86,000","176,000","269,000","468,000","1,041,000",FILE1_PRIORITY_APPLIED,,스크린샷 2026-09-05 193612(1).png + 스크린샷 2026-09-05 193622(1).png,PDF명이 일치하여 파일1의 클래스명·계좌유형·채널·보수율·비용값을 그대로 우선 반영함,,,,,,,,
63,KR5144450095,Cf,기관,오프라인,수수료미징구-오프라인-기관(Cf),R2_KR5144450095.pdf,0.5470,0.5493,"56,000","115,000","177,000","308,000","690,000",FILE1_PRIORITY_APPLIED,,스크린샷 2026-09-05 193612(1).png + 스크린샷 2026-09-05 193622(1).png,PDF명이 일치하여 파일1의 클래스명·계좌유형·채널·보수율·비용값을 그대로 우선 반영함,,,,,,,,
63,KR5144450095,Cw,랩,오프라인,수수료미징구-오프라인-랩(Cw),R2_KR5144450095.pdf,0.5370,0.5382,"55,000","113,000","173,000","301,000","676,000",FILE1_PRIORITY_APPLIED,,스크린샷 2026-09-05 193612(1).png + 스크린샷 2026-09-05 193622(1).png,PDF명이 일치하여 파일1의 클래스명·계좌유형·채널·보수율·비용값을 그대로 우선 반영함,,,,,,,,
63,KR5144450095,C-P1,개인연금,오프라인,수수료미징구-오프라인-개인연금(C-P1),R2_KR5144450095.pdf,0.8070,0.8093,"83,000","169,000","259,000","451,000","1,004,000",FILE1_PRIORITY_APPLIED,,스크린샷 2026-09-05 193612(1).png + 스크린샷 2026-09-05 193622(1).png,PDF명이 일치하여 파일1의 클래스명·계좌유형·채널·보수율·비용값을 그대로 우선 반영함,,,,,,,,
63,KR5144450095,C-P1e,개인연금,온라인,수수료미징구-온라인-개인연금(C-P1e),R2_KR5144450095.pdf,0.6720,0.6743,"69,000","141,000","216,000","377,000","842,000",FILE1_PRIORITY_APPLIED,,스크린샷 2026-09-05 193612(1).png + 스크린샷 2026-09-05 193622(1).png,PDF명이 일치하여 파일1의 클래스명·계좌유형·채널·보수율·비용값을 그대로 우선 반영함,,,,,,,,
63,KR5144450095,C-P2,퇴직연금,오프라인,수수료미징구-오프라인-퇴직연금(C-P2),R2_KR5144450095.pdf,0.7970,0.7993,"82,000","167,000","256,000","445,000","992,000",FILE1_PRIORITY_APPLIED,,스크린샷 2026-09-05 193612(1).png + 스크린샷 2026-09-05 193622(1).png,PDF명이 일치하여 파일1의 클래스명·계좌유형·채널·보수율·비용값을 그대로 우선 반영함,,,,,,,,
63,KR5144450095,C-P2e,퇴직연금,온라인,수수료미징구-온라인-퇴직연금(C-P2e),R2_KR5144450095.pdf,0.6670,0.6693,"69,000","140,000","215,000","374,000","836,000",FILE1_PRIORITY_APPLIED,,스크린샷 2026-09-05 193612(1).png + 스크린샷 2026-09-05 193622(1).png,PDF명이 일치하여 파일1의 클래스명·계좌유형·채널·보수율·비용값을 그대로 우선 반영함,,,,,,,,
63,KR5144450095,S,일반,온라인슈퍼,수수료후취-온라인슈퍼(S),R2_KR5144450095.pdf,0.7470,0.7493,"77,000","157,000","240,000","418,000","932,000",FILE1_PRIORITY_APPLIED,,스크린샷 2026-09-05 193612(1).png + 스크린샷 2026-09-05 193622(1).png,PDF명이 일치하여 파일1의 클래스명·계좌유형·채널·보수율·비용값을 그대로 우선 반영함,,,,,,,,
63,KR5144450095,S-P1,개인연금,온라인슈퍼,수수료미징구-온라인슈퍼-개인연금(S-P1),R2_KR5144450095.pdf,0.6170,0.6191,"63,000","130,000","199,000","346,000","775,000",FILE1_PRIORITY_APPLIED,,스크린샷 2026-09-05 193612(1).png + 스크린샷 2026-09-05 193622(1).png,PDF명이 일치하여 파일1의 클래스명·계좌유형·채널·보수율·비용값을 그대로 우선 반영함,,,,,,,,
63,KR5144450095,S-P2,퇴직연금,온라인슈퍼,수수료미징구-온라인슈퍼-퇴직연금(S-P2),R2_KR5144450095.pdf,0.5970,0.5995,"61,000","126,000","193,000","335,000","751,000",FILE1_PRIORITY_APPLIED,,스크린샷 2026-09-05 193612(1).png + 스크린샷 2026-09-05 193622(1).png,PDF명이 일치하여 파일1의 클래스명·계좌유형·채널·보수율·비용값을 그대로 우선 반영함,,,,,,,,
64,KR5147430065,A,일반,오프라인,A,R2_KR5147430065.pdf,,,"145,000","192,000","241,000",,,SOURCE_PARSED_NEEDS_REVIEW,,36,원문은 1·2·3년 비용만 제공; 5·10년 값 없음,,,,,,,,
64,KR5147430065,AE,일반,온라인,AE,R2_KR5147430065.pdf,,,"90,000","132,000","176,000",,,SOURCE_PARSED_NEEDS_REVIEW,,36,원문은 1·2·3년 비용만 제공; 5·10년 값 없음,,,,,,,,
64,KR5147430065,AG,일반,오프라인,AG,R2_KR5147430065.pdf,,,"111,000","154,000","199,000",,,SOURCE_PARSED_NEEDS_REVIEW,,36,원문은 1·2·3년 비용만 제공; 5·10년 값 없음,,,,,,,,
64,KR5147430065,C,일반,오프라인,C,R2_KR5147430065.pdf,,,"107,000","218,000","333,000",,,SOURCE_PARSED_NEEDS_REVIEW,,36,원문은 1·2·3년 비용만 제공; 5·10년 값 없음,,,,,,,,
64,KR5147430065,CE,일반,온라인,CE,R2_KR5147430065.pdf,,,"71,000","145,000","222,000",,,SOURCE_PARSED_NEEDS_REVIEW,,36,원문은 1·2·3년 비용만 제공; 5·10년 값 없음,,,,,,,,
64,KR5147430065,CI,일반,오프라인,CI,R2_KR5147430065.pdf,,,"39,000","80,000","123,000",,,SOURCE_PARSED_NEEDS_REVIEW,,36,원문은 1·2·3년 비용만 제공; 5·10년 값 없음,,,,,,,,
64,KR5147430065,CG,일반,오프라인,CG,R2_KR5147430065.pdf,,,"86,000","176,000","270,000",,,SOURCE_PARSED_NEEDS_REVIEW,,36,원문은 1·2·3년 비용만 제공; 5·10년 값 없음,,,,,,,,
64,KR5147430065,CW,일반,오프라인,CW,R2_KR5147430065.pdf,,,"35,000","72,000","110,000",,,SOURCE_PARSED_NEEDS_REVIEW,,36,원문은 1·2·3년 비용만 제공; 5·10년 값 없음,,,,,,,,
64,KR5147430065,C-P,연금저축,오프라인,C-P,R2_KR5147430065.pdf,,,"76,000","156,000","238,000",,,SOURCE_PARSED_NEEDS_REVIEW,,36,원문은 1·2·3년 비용만 제공; 5·10년 값 없음,,,,,,,,
64,KR5147430065,C-PE,연금저축,온라인,C-PE,R2_KR5147430065.pdf,,,"56,000","114,000","175,000",,,SOURCE_PARSED_NEEDS_REVIEW,,36,원문은 1·2·3년 비용만 제공; 5·10년 값 없음,,,,,,,,
64,KR5147430065,C-P2,퇴직연금/IRP,오프라인,C-P2,R2_KR5147430065.pdf,,,"66,000","135,000","206,000",,,SOURCE_PARSED_NEEDS_REVIEW,,36,원문은 1·2·3년 비용만 제공; 5·10년 값 없음,,,,,,,,
64,KR5147430065,C-PE2,퇴직연금/IRP,온라인,C-PE2,R2_KR5147430065.pdf,,,"51,000","103,000","159,000",,,SOURCE_PARSED_NEEDS_REVIEW,,36,원문은 1·2·3년 비용만 제공; 5·10년 값 없음,,,,,,,,
65,KR514X450008,A,일반,불명,수수료선취형(A),R2_KR514X450008.pdf,1.4600,1.4600,"249,000","412,000","587,000","981,000","2,277,000",SOURCE_PARSED,,,일반 클래스: Cost Guard 연금 비교 대상 여부 별도 판단,,,,,,,,
65,KR514X450008,A-E,일반,온라인,수수료선취-온라인형(A-e),R2_KR514X450008.pdf,1.1600,1.1600,"170,000","299,000","439,000","754,000","1,789,000",SOURCE_PARSED,,,일반 클래스: Cost Guard 연금 비교 대상 여부 별도 판단,,,,,,,,
65,KR514X450008,AG,일반,오프라인,수수료선취-오프라인-무권유저비용형(AG),R2_KR514X450008.pdf,1.2800,1.2800,"202,000","344,000","499,000","845,000","1,984,000",SOURCE_PARSED,,,일반 클래스: Cost Guard 연금 비교 대상 여부 별도 판단,,,,,,,,
65,KR514X450008,C,일반,불명,수수료미징구형(C),R2_KR514X450008.pdf,1.8100,1.8100,"188,000","392,000","611,000","1,104,000","2,727,000",SOURCE_PARSED,,,일반 클래스: Cost Guard 연금 비교 대상 여부 별도 판단,,,,,,,,
65,KR514X450008,C-E,일반,온라인,수수료미징구-온라인형(C-e),R2_KR514X450008.pdf,1.3300,1.3300,"138,000","288,000","449,000","811,000","2,004,000",SOURCE_PARSED,,,일반 클래스: Cost Guard 연금 비교 대상 여부 별도 판단,,,,,,,,
65,KR514X450008,C-I,일반,오프라인,수수료미징구-오프라인-기관형(C-I),R2_KR514X450008.pdf,0.8900,0.8900,"93,000","193,000","300,000","543,000","1,341,000",SOURCE_PARSED_NEEDS_REVIEW,,,기간별 비용표에 서로 다른 값 2종 존재; 일반 클래스: Cost Guard 연금 비교 대상 여부 별도 판단,,,,,,,,
65,KR514X450008,C-P,연금저축,오프라인,수수료미징구-오프라인-개인연금형(C-P),R2_KR514X450008.pdf,1.6600,1.6600,"173,000","359,000","560,000","1,013,000","2,501,000",SOURCE_PARSED,,,,,,,,,,,
65,KR514X450008,C-P2,퇴직연금/IRP,오프라인,수수료미징구-오프라인-퇴직연금형(C-P2),R2_KR514X450008.pdf,1.5600,1.5600,"162,000","337,000","527,000","952,000","2,350,000",SOURCE_PARSED,,,,,,,,,,,
65,KR514X450008,C-P2E,퇴직연금/IRP,온라인,수수료미징구-온라인-퇴직연금형(C-P2e),R2_KR514X450008.pdf,1.2100,1.2100,"126,000","262,000","408,000","738,000","1,823,000",SOURCE_PARSED,,,기간별 비용 예시가 없거나 클래스 연결 실패,,,,,,,,
65,KR514X450008,C-PE,연금저축,온라인,수수료미징구-온라인-개인연금형(C-Pe),R2_KR514X450008.pdf,1.2600,1.2600,"131,000","273,000","425,000","769,000","1,898,000",SOURCE_PARSED,,,,,,,,,,,
65,KR514X450008,C-S,일반,오프라인,수수료미징구-오프라인-집합투자업자형(C-s),R2_KR514X450008.pdf,0.8700,0.8700,"90,000","188,000","294,000","531,000","1,311,000",SOURCE_PARSED,,,일반 클래스: Cost Guard 연금 비교 대상 여부 별도 판단,,,,,,,,
65,KR514X450008,C-W,일반,오프라인,수수료미징구-오프라인-랩형(C-w),R2_KR514X450008.pdf,0.8600,0.8600,"89,000","186,000","290,000","525,000","1,296,000",SOURCE_PARSED,,,일반 클래스: Cost Guard 연금 비교 대상 여부 별도 판단,,,,,,,,
65,KR514X450008,CE,일반,온라인,수수료미징구 – 온라인형(Ce),R2_KR514X450008.pdf,1.3300,288.0000,"138,000","288,000","449,000","811,000","2,004,000",SOURCE_PARSED,,,일반 클래스: Cost Guard 연금 비교 대상 여부 별도 판단,,,,,,,,
65,KR514X450008,CG,일반,오프라인,수수료미징구-오프라인-무권유저비용형(CG),R2_KR514X450008.pdf,1.5200,1.5200,"158,000","329,000","513,000","927,000","2,290,000",SOURCE_PARSED,,,일반 클래스: Cost Guard 연금 비교 대상 여부 별도 판단,,,,,,,,
65,KR514X450008,S,일반,온라인슈퍼,수수료후취-온라인슈퍼형(S),R2_KR514X450008.pdf,1.1500,1.1500,,,,,,SOURCE_PARSED,,,기간별 비용 예시가 없거나 클래스 연결 실패; 일반 클래스: Cost Guard 연금 비교 대상 여부 별도 판단,,,,,,,,
65,KR514X450008,S-P,연금저축,온라인슈퍼,수수료미징구-온라인슈퍼-개인연금형(S-P),R2_KR514X450008.pdf,1.1300,1.1300,"118,000","244,000","381,000","689,000","1,702,000",SOURCE_PARSED,,,,,,,,,,,
65,KR514X450008,S-P2,퇴직연금/IRP,온라인슈퍼,수수료미징구-온라인슈퍼-퇴직연금형(S-P2),R2_KR514X450008.pdf,1.1200,1.1200,"116,000","242,000","378,000","683,000","1,687,000",SOURCE_PARSED,,,,,,,,,,,
66,KR5152420028,A,일반,오프라인,수수료선취-오프라인(A),R2_KR5152420028.pdf,0.1450,0.1510,"25,468","41,341","57,631","91,544","190,785",FILE1_PRIORITY_APPLIED,,스크린샷 2026-09-05 193714(1).png + 스크린샷 2026-09-05 193720(1).png,PDF명이 일치하여 파일1의 클래스명·계좌유형·채널·보수율·비용값을 그대로 우선 반영함,,,,,,,,
66,KR5152420028,C,일반,오프라인,수수료미징구-오프라인(C),R2_KR5152420028.pdf,0.2350,0.2410,"24,703","50,038","76,037","130,163","288,554",FILE1_PRIORITY_APPLIED,,스크린샷 2026-09-05 193714(1).png + 스크린샷 2026-09-05 193720(1).png,PDF명이 일치하여 파일1의 클래스명·계좌유형·채널·보수율·비용값을 그대로 우선 반영함,,,,,,,,
66,KR5152420028,Ce,일반,온라인,수수료미징구-온라인(Ce),R2_KR5152420028.pdf,0.1350,0.1400,"14,350","29,068","44,171","75,613","167,625",FILE1_PRIORITY_APPLIED,,스크린샷 2026-09-05 193714(1).png + 스크린샷 2026-09-05 193720(1).png,PDF명이 일치하여 파일1의 클래스명·계좌유형·채널·보수율·비용값을 그대로 우선 반영함,,,,,,,,
66,KR5152420028,CI,고액,오프라인,수수료미징구-오프라인-고액(CI),R2_KR5152420028.pdf,0.1850,0.1850,"18,963","38,411","58,369","99,918","221,504",FILE1_PRIORITY_APPLIED,,스크린샷 2026-09-05 193714(1).png + 스크린샷 2026-09-05 193720(1).png,PDF명이 일치하여 파일1의 클래스명·계좌유형·채널·보수율·비용값을 그대로 우선 반영함,,,,,,,,
66,KR5152420028,CI2,고액,오프라인,수수료미징구-오프라인-고액(CI2),R2_KR5152420028.pdf,0.0850,0.0910,"9,328","18,894","28,711","49,149","108,956",FILE1_PRIORITY_APPLIED,,스크린샷 2026-09-05 193714(1).png + 스크린샷 2026-09-05 193720(1).png,PDF명이 일치하여 파일1의 클래스명·계좌유형·채널·보수율·비용값을 그대로 우선 반영함,,,,,,,,
66,KR5152420028,CF,기관,오프라인,수수료미징구-오프라인-기관(CF),R2_KR5152420028.pdf,0.0450,0.0510,"5,228","10,589","16,091","27,545","61,063",FILE1_PRIORITY_APPLIED,,스크린샷 2026-09-05 193714(1).png + 스크린샷 2026-09-05 193720(1).png,PDF명이 일치하여 파일1의 클래스명·계좌유형·채널·보수율·비용값을 그대로 우선 반영함,,,,,,,,
66,KR5152420028,CW,랩,오프라인,수수료미징구-오프라인-랩(CW),R2_KR5152420028.pdf,0.0350,0.0390,"3,998","8,097","12,305","21,064","46,695",FILE1_PRIORITY_APPLIED,,스크린샷 2026-09-05 193714(1).png + 스크린샷 2026-09-05 193720(1).png,PDF명이 일치하여 파일1의 클래스명·계좌유형·채널·보수율·비용값을 그대로 우선 반영함,,,,,,,,
66,KR5152420028,CP,퇴직연금,오프라인,수수료미징구-오프라인-퇴직연금(CP),R2_KR5152420028.pdf,0.1650,0.1710,"17,528","35,504","53,952","92,356","204,742",FILE1_PRIORITY_APPLIED,,스크린샷 2026-09-05 193714(1).png + 스크린샷 2026-09-05 193720(1).png,PDF명이 일치하여 파일1의 클래스명·계좌유형·채널·보수율·비용값을 그대로 우선 반영함,,,,,,,,
66,KR5152420028,C-P,개인연금,오프라인,수수료미징구-오프라인-개인연금(C-P),R2_KR5152420028.pdf,0.1750,0.1810,"18,553","37,580","57,107","97,757","216,715",FILE1_PRIORITY_APPLIED,,스크린샷 2026-09-05 193714(1).png + 스크린샷 2026-09-05 193720(1).png,PDF명이 일치하여 파일1의 클래스명·계좌유형·채널·보수율·비용값을 그대로 우선 반영함,,,,,,,,
66,KR5152420028,Ag,일반,오프라인,수수료선취-오프라인-무권유저비용(Ag),R2_KR5152420028.pdf,0.1150,0.1210,"17,400","30,120","43,174","70,349","149,873",FILE1_PRIORITY_APPLIED,,스크린샷 2026-09-05 193714(1).png + 스크린샷 2026-09-05 193720(1).png,PDF명이 일치하여 파일1의 클래스명·계좌유형·채널·보수율·비용값을 그대로 우선 반영함,,,,,,,,
66,KR5152420028,Cg,일반,오프라인,수수료미징구-오프라인-무권유저비용(Cg),R2_KR5152420028.pdf,0.1650,0.1690,"17,323","35,089","53,321","91,276","202,347",FILE1_PRIORITY_APPLIED,,스크린샷 2026-09-05 193714(1).png + 스크린샷 2026-09-05 193720(1).png,PDF명이 일치하여 파일1의 클래스명·계좌유형·채널·보수율·비용값을 그대로 우선 반영함,,,,,,,,
66,KR5152420028,Ae,일반,온라인,수수료선취-온라인(Ae),R2_KR5152420028.pdf,0.0850,0.0890,"14,120","23,476","33,078","53,066","111,559",FILE1_PRIORITY_APPLIED,,스크린샷 2026-09-05 193714(1).png + 스크린샷 2026-09-05 193720(1).png,PDF명이 일치하여 파일1의 클래스명·계좌유형·채널·보수율·비용값을 그대로 우선 반영함,,,,,,,,
66,KR5152420028,CPe,퇴직연금,온라인,수수료미징구-온라인-퇴직연금(CPe),R2_KR5152420028.pdf,0.0950,0.0990,"10,148","20,555","31,235","53,469","118,535",FILE1_PRIORITY_APPLIED,,스크린샷 2026-09-05 193714(1).png + 스크린샷 2026-09-05 193720(1).png,PDF명이 일치하여 파일1의 클래스명·계좌유형·채널·보수율·비용값을 그대로 우선 반영함,,,,,,,,
66,KR5152420028,C-Pe,개인연금,온라인,수수료미징구-온라인-개인연금(C-Pe),R2_KR5152420028.pdf,0.1050,0.1090,"11,173","22,631","34,390","58,870","130,508",FILE1_PRIORITY_APPLIED,,스크린샷 2026-09-05 193714(1).png + 스크린샷 2026-09-05 193720(1).png,PDF명이 일치하여 파일1의 클래스명·계좌유형·채널·보수율·비용값을 그대로 우선 반영함,,,,,,,,
66,KR5152420028,CI3,고액,오프라인,수수료미징구-오프라인-고액(CI3),R2_KR5152420028.pdf,0.0550,0.0550,"5,638","11,419","17,353","29,705","65,853",FILE1_PRIORITY_APPLIED,,스크린샷 2026-09-05 193714(1).png + 스크린샷 2026-09-05 193720(1).png,PDF명이 일치하여 파일1의 클래스명·계좌유형·채널·보수율·비용값을 그대로 우선 반영함,,,,,,,,
67,KR515302022M,A,일반,불명,수수료선취형(A),R2_KR515302022M.pdf,,,"187,000","308,000","434,000","700,000","1,460,000",SOURCE_PARSED_NEEDS_REVIEW,,,일반 클래스: Cost Guard 연금 비교 대상 여부 별도 판단,,,,,,,,
67,KR515302022M,A1,일반,오프라인,A1 수수료선취-오프라인,R2_KR515302022M.pdf,,,"102,000","209,000","319,000","554,000","1,226,000",SOURCE_PARSED_NEEDS_REVIEW,,,일반 클래스: Cost Guard 연금 비교 대상 여부 별도 판단,,,,,,,,
67,KR515302022M,AE,일반,온라인,수수료선취-온라인형(Ae),R2_KR515302022M.pdf,,,"129,000","227,000","329,000","545,000","1,168,000",SOURCE_PARSED_NEEDS_REVIEW,,,일반 클래스: Cost Guard 연금 비교 대상 여부 별도 판단,,,,,,,,
67,KR515302022M,AG,일반,오프라인,AG 수수료선취-오프라인-무권유저비용,R2_KR515302022M.pdf,,,"95,000","194,000","297,000","516,000","1,144,000",SOURCE_PARSED_NEEDS_REVIEW,,,일반 클래스: Cost Guard 연금 비교 대상 여부 별도 판단,,,,,,,,
67,KR515302022M,C-P,연금저축,오프라인,C-P 수수료미징구-오프라인-개인연금,R2_KR515302022M.pdf,,,"143,000","291,000","445,000","769,000","1,684,000",SOURCE_PARSED_NEEDS_REVIEW,,,,,,,,,,,
67,KR515302022M,C-P2,퇴직연금/IRP,오프라인,C-P2 수수료미징구-오프라인-퇴직연금,R2_KR515302022M.pdf,,,"133,000","271,000","414,000","715,000","1,572,000",SOURCE_PARSED_NEEDS_REVIEW,,,,,,,,,,,
67,KR515302022M,C-PE,연금저축,온라인,C-Pe 수수료미징구-온라인-개인연금,R2_KR515302022M.pdf,,,"107,000","219,000","335,000","580,000","1,283,000",SOURCE_PARSED_NEEDS_REVIEW,,,,,,,,,,,
67,KR515302022M,C-PE2,퇴직연금/IRP,온라인,C-Pe2 수수료미징구-온라인-퇴직연금,R2_KR515302022M.pdf,,,"102,000","208,000","318,000","551,000","1,221,000",SOURCE_PARSED_NEEDS_REVIEW,,,,,,,,,,,
67,KR515302022M,C1,일반,오프라인,수수료미징구-오프라인-보수체감(C1),R2_KR515302022M.pdf,,,"194,000","395,000","601,000","1,034,000","2,235,000",SOURCE_PARSED_NEEDS_REVIEW,,,일반 클래스: Cost Guard 연금 비교 대상 여부 별도 판단,,,,,,,,
67,KR515302022M,C2,일반,오프라인,C2 수수료미징구-오프라인-보수체감,R2_KR515302022M.pdf,,,"184,000","374,000","570,000","981,000","2,127,000",SOURCE_PARSED_NEEDS_REVIEW,,,일반 클래스: Cost Guard 연금 비교 대상 여부 별도 판단,,,,,,,,
67,KR515302022M,C3,일반,오프라인,C3 수수료미징구-오프라인-보수체감,R2_KR515302022M.pdf,,,"164,000","333,000","508,000","875,000","1,907,000",SOURCE_PARSED_NEEDS_REVIEW,,,일반 클래스: Cost Guard 연금 비교 대상 여부 별도 판단,,,,,,,,
67,KR515302022M,C4,일반,오프라인,C4 수수료미징구-오프라인-보수체감,R2_KR515302022M.pdf,,,"153,000","312,000","476,000","822,000","1,796,000",SOURCE_PARSED_NEEDS_REVIEW,,,일반 클래스: Cost Guard 연금 비교 대상 여부 별도 판단,,,,,,,,
67,KR515302022M,CE,일반,온라인,수수료미징구-온라인형(Ce),R2_KR515302022M.pdf,,,"123,000","250,000","382,000","661,000","1,457,000",SOURCE_PARSED_NEEDS_REVIEW,,,일반 클래스: Cost Guard 연금 비교 대상 여부 별도 판단,,,,,,,,
67,KR515302022M,CF,일반,오프라인,CF 수수료미징구-오프라인-펀드 등,R2_KR515302022M.pdf,,,"74,000","152,000","233,000","405,000","903,000",SOURCE_PARSED_NEEDS_REVIEW,,,일반 클래스: Cost Guard 연금 비교 대상 여부 별도 판단,,,,,,,,
67,KR515302022M,CF-P,일반,오프라인,CF-P 수수료미징구-오프라인-연금펀드전용,R2_KR515302022M.pdf,,,"72,000","148,000","227,000","394,000","880,000",SOURCE_PARSED_NEEDS_REVIEW,,,일반 클래스: Cost Guard 연금 비교 대상 여부 별도 판단,,,,,,,,
67,KR515302022M,CG,일반,오프라인,CG 수수료미징구-오프라인-무권유저비용,R2_KR515302022M.pdf,,,"127,000","260,000","397,000","686,000","1,510,000",SOURCE_PARSED_NEEDS_REVIEW,,,일반 클래스: Cost Guard 연금 비교 대상 여부 별도 판단,,,,,,,,
67,KR515302022M,CI,일반,오프라인,CI 수수료미징구-오프라인-고액,R2_KR515302022M.pdf,,,"76,000","156,000","239,000","416,000","928,000",SOURCE_PARSED_NEEDS_REVIEW,,,일반 클래스: Cost Guard 연금 비교 대상 여부 별도 판단,,,,,,,,
67,KR515302022M,CW,일반,오프라인,CW 수수료미징구-오프라인-랩,R2_KR515302022M.pdf,,,"71,000","146,000","223,000","389,000","868,000",SOURCE_PARSED_NEEDS_REVIEW,,,일반 클래스: Cost Guard 연금 비교 대상 여부 별도 판단,,,,,,,,
67,KR515302022M,S,일반,온라인슈퍼,S 수수료후취-온라인슈퍼,R2_KR515302022M.pdf,,,"90,000","183,000","281,000","487,000","1,083,000",SOURCE_PARSED_NEEDS_REVIEW,,,일반 클래스: Cost Guard 연금 비교 대상 여부 별도 판단,,,,,,,,
67,KR515302022M,S-I,일반,온라인슈퍼,S-I 수수료미징구-온라인슈퍼-고액,R2_KR515302022M.pdf,,,"73,000","149,000","229,000","398,000","888,000",SOURCE_PARSED_NEEDS_REVIEW,,,일반 클래스: Cost Guard 연금 비교 대상 여부 별도 판단,,,,,,,,
67,KR515302022M,S-P,연금저축,온라인슈퍼,S-P 수수료미징구-온라인슈퍼-개인연금,R2_KR515302022M.pdf,,,"89,000","181,000","277,000","482,000","1,072,000",SOURCE_PARSED_NEEDS_REVIEW,,,,,,,,,,,
68,KR5153420022,C,개인연금,오프라인,종류C 수수료미징구-오프라인-개인연금,R2_KR5153420022.pdf,0.5400,0.5500,"56,000","115,000","177,000","309,000","687,000",FILE1_PRIORITY_APPLIED,,스크린샷 2026-09-05 193734.png + 스크린샷 2026-09-05 193739.png,PDF명이 일치하여 파일1의 클래스명·계좌유형·채널·보수율·비용값을 그대로 우선 반영함,,,,,,,,
68,KR5153420022,C-e,개인연금,온라인,종류C-e 수수료미징구-온라인-개인연금,R2_KR5153420022.pdf,0.3600,0.3700,"37,000","77,000","119,000","208,000","462,000",FILE1_PRIORITY_APPLIED,,스크린샷 2026-09-05 193734.png + 스크린샷 2026-09-05 193739.png,PDF명이 일치하여 파일1의 클래스명·계좌유형·채널·보수율·비용값을 그대로 우선 반영함,,,,,,,,
69,KR5153420063,A,일반,불명,수수료선취형(A),R2_KR5153420063.pdf,0.6500,0.6600,"67,000","138,000","212,000","371,000","824,000",SOURCE_PARSED,,,일반 클래스: Cost Guard 연금 비교 대상 여부 별도 판단,,,,,,,,
69,KR5153420063,C-F,일반,불명,종류C-F -,R2_KR5153420063.pdf,0.2000,0.2100,"21,000","44,000","67,000","118,000","262,000",SOURCE_PARSED,,,일반 클래스: Cost Guard 연금 비교 대상 여부 별도 판단,,,,,,,,
69,KR5153420063,C-P,연금저축,오프라인,종류C-P 수수료미징구-오 프라인-개인연금,R2_KR5153420063.pdf,0.4700,0.4800,"49,000","100,000","154,000","269,000","599,000",SOURCE_PARSED,,,,,,,,,,,
69,KR5153420063,C-P2,퇴직연금/IRP,오프라인,종류C-P2 수수료미징구-오 프라인-퇴직연금,R2_KR5153420063.pdf,0.4600,0.4700,"48,000","98,000","151,000","264,000","587,000",SOURCE_PARSED,,,,,,,,,,,
69,KR5153420063,C-P2E,퇴직연금/IRP,온라인,종류C-P2e 수수료미징구-온 라인-퇴직연금,R2_KR5153420063.pdf,0.3200,0.3300,"33,000","69,000","106,000","185,000","412,000",SOURCE_PARSED,,,,,,,,,,,
69,KR5153420063,C-PE,연금저축,온라인,종류C-Pe 수수료미징구-온 라인-개인연금,R2_KR5153420063.pdf,0.3300,0.3400,"34,000","71,000","109,000","191,000","424,000",SOURCE_PARSED,,,,,,,,,,,
69,KR5153420063,I,일반,불명,종류I -,R2_KR5153420063.pdf,0.2300,0.2300,"23,000","48,000","74,000","129,000","287,000",SOURCE_PARSED,,,일반 클래스: Cost Guard 연금 비교 대상 여부 별도 판단,,,,,,,,
70,KR5153420079,A,일반,오프라인,종류A 수수료선취-오프라인,R2_KR5153420079.pdf,0.4300,0.4300,"74,000","120,000","168,000","271,000","567,000",FILE1_PRIORITY_APPLIED,,스크린샷 2026-09-05 193755.png + 스크린샷 2026-09-05 193816.png,PDF명이 일치하여 파일1의 클래스명·계좌유형·채널·보수율·비용값을 그대로 우선 반영함,,,,,,,,
70,KR5153420079,AG,일반,오프라인,종류AG 수수료선취-오프라인-무권유저비용,R2_KR5153420079.pdf,0.3300,0.3300,"54,000","90,000","127,000","206,000","433,000",FILE1_PRIORITY_APPLIED,,스크린샷 2026-09-05 193755.png + 스크린샷 2026-09-05 193816.png,PDF명이 일치하여 파일1의 클래스명·계좌유형·채널·보수율·비용값을 그대로 우선 반영함,,,,,,,,
70,KR5153420079,A-e,일반,온라인,종류A-e 수수료선취-온라인,R2_KR5153420079.pdf,0.2750,0.2750,"43,000","72,000","103,000","169,000","358,000",FILE1_PRIORITY_APPLIED,,스크린샷 2026-09-05 193755.png + 스크린샷 2026-09-05 193816.png,PDF명이 일치하여 파일1의 클래스명·계좌유형·채널·보수율·비용값을 그대로 우선 반영함,,,,,,,,
70,KR5153420079,C,일반,오프라인,종류C 수수료미징구-오프라인,R2_KR5153420079.pdf,0.5700,0.5800,"59,000","121,000","187,000","326,000","724,000",FILE1_PRIORITY_APPLIED,,스크린샷 2026-09-05 193755.png + 스크린샷 2026-09-05 193816.png,PDF명이 일치하여 파일1의 클래스명·계좌유형·채널·보수율·비용값을 그대로 우선 반영함,,,,,,,,
70,KR5153420079,C-e,일반,온라인,종류C-e 수수료미징구-온라인,R2_KR5153420079.pdf,0.5000,0.5100,"52,000","107,000","164,000","286,000","637,000",FILE1_PRIORITY_APPLIED,,스크린샷 2026-09-05 193755.png + 스크린샷 2026-09-05 193816.png,PDF명이 일치하여 파일1의 클래스명·계좌유형·채널·보수율·비용값을 그대로 우선 반영함,,,,,,,,
70,KR5153420079,C-2,고액,오프라인,종류C-2 수수료미징구-오프라인-고액,R2_KR5153420079.pdf,0.2700,0.2700,"27,000","56,000","87,000","151,000","337,000",FILE1_PRIORITY_APPLIED,,스크린샷 2026-09-05 193755.png + 스크린샷 2026-09-05 193816.png,PDF명이 일치하여 파일1의 클래스명·계좌유형·채널·보수율·비용값을 그대로 우선 반영함,,,,,,,,
70,KR5153420079,C-I,기관,오프라인,종류C-I 수수료미징구-오프라인-기관,R2_KR5153420079.pdf,0.1500,0.1600,"16,000","33,000","51,000","89,000","199,000",FILE1_PRIORITY_APPLIED,,스크린샷 2026-09-05 193755.png + 스크린샷 2026-09-05 193816.png,PDF명이 일치하여 파일1의 클래스명·계좌유형·채널·보수율·비용값을 그대로 우선 반영함,,,,,,,,
70,KR5153420079,C-P,개인연금,오프라인,종류C-P 수수료미징구-오프라인-개인연금,R2_KR5153420079.pdf,0.4800,0.4900,"50,000","102,000","158,000","275,000","612,000",FILE1_PRIORITY_APPLIED,,스크린샷 2026-09-05 193755.png + 스크린샷 2026-09-05 193816.png,PDF명이 일치하여 파일1의 클래스명·계좌유형·채널·보수율·비용값을 그대로 우선 반영함,,,,,,,,
70,KR5153420079,C-Pe,개인연금,온라인,종류C-Pe 수수료미징구-온라인-개인연금,R2_KR5153420079.pdf,0.3000,0.3100,"31,000","65,000","99,000","174,000","387,000",FILE1_PRIORITY_APPLIED,,스크린샷 2026-09-05 193755.png + 스크린샷 2026-09-05 193816.png,PDF명이 일치하여 파일1의 클래스명·계좌유형·채널·보수율·비용값을 그대로 우선 반영함,,,,,,,,
70,KR5153420079,C-P2,퇴직연금,오프라인,종류C-P2 수수료미징구-오프라인-퇴직연금,R2_KR5153420079.pdf,0.4100,0.4200,"43,000","88,000","135,000","236,000","524,000",FILE1_PRIORITY_APPLIED,,스크린샷 2026-09-05 193755.png + 스크린샷 2026-09-05 193816.png,PDF명이 일치하여 파일1의 클래스명·계좌유형·채널·보수율·비용값을 그대로 우선 반영함,,,,,,,,
70,KR5153420079,C-P2e,퇴직연금,온라인,종류C-P2e 수수료미징구-온라인-퇴직연금,R2_KR5153420079.pdf,0.2600,0.2700,"27,000","56,000","87,000","151,000","337,000",FILE1_PRIORITY_APPLIED,,스크린샷 2026-09-05 193755.png + 스크린샷 2026-09-05 193816.png,PDF명이 일치하여 파일1의 클래스명·계좌유형·채널·보수율·비용값을 그대로 우선 반영함,,,,,,,,
70,KR5153420079,C-PI,퇴직연금/기관,오프라인,종류C-PI 수수료미징구-오프라인-퇴직연금·펀드 등,R2_KR5153420079.pdf,0.1300,0.1300,"13,000","27,000","41,000","73,000","162,000",FILE1_PRIORITY_APPLIED,,스크린샷 2026-09-05 193755.png + 스크린샷 2026-09-05 193816.png,PDF명이 일치하여 파일1의 클래스명·계좌유형·채널·보수율·비용값을 그대로 우선 반영함,,,,,,,,
70,KR5153420079,F,기관/랩,오프라인,종류F 수수료미징구-오프라인-랩·펀드 등,R2_KR5153420079.pdf,0.1200,0.1300,"13,000","27,000","41,000","73,000","162,000",FILE1_PRIORITY_APPLIED,,스크린샷 2026-09-05 193755.png + 스크린샷 2026-09-05 193816.png,PDF명이 일치하여 파일1의 클래스명·계좌유형·채널·보수율·비용값을 그대로 우선 반영함,,,,,,,,
70,KR5153420079,S,일반,온라인슈퍼,종류S 수수료후취-온라인슈퍼,R2_KR5153420079.pdf,0.2700,0.2800,"44,000","58,000","90,000","157,000","349,000",FILE1_PRIORITY_APPLIED,,스크린샷 2026-09-05 193755.png + 스크린샷 2026-09-05 193816.png,PDF명이 일치하여 파일1의 클래스명·계좌유형·채널·보수율·비용값을 그대로 우선 반영함,,,,,,,,
71,KR5153420105,A,일반,오프라인,종류A 수수료선취-오프라인,R2_KR5153420105.pdf,0.3500,0.3600,"66,000","105,000","146,000","232,000","479,000",FILE1_PRIORITY_APPLIED,,스크린샷 2026-09-06 181403.png + 스크린샷 2026-09-06 181415.png,PDF명이 일치하여 파일1의 클래스명·계좌유형·채널·보수율·비용값을 그대로 우선 반영함,,,,,,,,
71,KR5153420105,A-e,일반,온라인,종류A-e 수수료선취-온라인,R2_KR5153420105.pdf,0.2550,0.2550,"41,000","68,000","97,000","158,000","333,000",FILE1_PRIORITY_APPLIED,,스크린샷 2026-09-06 181403.png + 스크린샷 2026-09-06 181415.png,PDF명이 일치하여 파일1의 클래스명·계좌유형·채널·보수율·비용값을 그대로 우선 반영함,,,,,,,,
71,KR5153420105,AG,일반,오프라인,종류AG 수수료선취-오프라인-무권유저비용,R2_KR5153420105.pdf,0.2900,0.2900,"50,000","81,000","114,000","184,000","383,000",FILE1_PRIORITY_APPLIED,,스크린샷 2026-09-06 181403.png + 스크린샷 2026-09-06 181415.png,PDF명이 일치하여 파일1의 클래스명·계좌유형·채널·보수율·비용값을 그대로 우선 반영함,,,,,,,,
71,KR5153420105,C,일반,오프라인,종류C 수수료미징구-오프라인,R2_KR5153420105.pdf,0.4400,0.4500,"46,000","94,000","145,000","253,000","562,000",FILE1_PRIORITY_APPLIED,,스크린샷 2026-09-06 181403.png + 스크린샷 2026-09-06 181415.png,PDF명이 일치하여 파일1의 클래스명·계좌유형·채널·보수율·비용값을 그대로 우선 반영함,,,,,,,,
71,KR5153420105,C-e,일반,온라인,종류C-e 수수료미징구-온라인,R2_KR5153420105.pdf,0.4000,0.4100,"42,000","86,000","132,000","230,000","512,000",FILE1_PRIORITY_APPLIED,,스크린샷 2026-09-06 181403.png + 스크린샷 2026-09-06 181415.png,PDF명이 일치하여 파일1의 클래스명·계좌유형·채널·보수율·비용값을 그대로 우선 반영함,,,,,,,,
71,KR5153420105,C-a,고액,오프라인,종류C-a 수수료미징구-오프라인-고액,R2_KR5153420105.pdf,0.2400,0.2400,"24,000","50,000","77,000","134,000","299,000",FILE1_PRIORITY_APPLIED,,스크린샷 2026-09-06 181403.png + 스크린샷 2026-09-06 181415.png,PDF명이 일치하여 파일1의 클래스명·계좌유형·채널·보수율·비용값을 그대로 우선 반영함,,,,,,,,
71,KR5153420105,C-P,개인연금,오프라인,종류C-P 수수료미징구-오프라인-개인연금,R2_KR5153420105.pdf,0.4300,0.4400,"45,000","92,000","141,000","247,000","549,000",FILE1_PRIORITY_APPLIED,,스크린샷 2026-09-06 181403.png + 스크린샷 2026-09-06 181415.png,PDF명이 일치하여 파일1의 클래스명·계좌유형·채널·보수율·비용값을 그대로 우선 반영함,,,,,,,,
71,KR5153420105,C-Pe,개인연금,온라인,종류C-Pe 수수료미징구-온라인-개인연금,R2_KR5153420105.pdf,0.2900,0.3000,"30,000","62,000","96,000","168,000","374,000",FILE1_PRIORITY_APPLIED,,스크린샷 2026-09-06 181403.png + 스크린샷 2026-09-06 181415.png,PDF명이 일치하여 파일1의 클래스명·계좌유형·채널·보수율·비용값을 그대로 우선 반영함,,,,,,,,
71,KR5153420105,C-P2,퇴직연금,오프라인,종류C-P2 수수료미징구-오프라인-퇴직연금,R2_KR5153420105.pdf,0.4200,0.4300,"44,000","90,000","138,000","241,000","537,000",FILE1_PRIORITY_APPLIED,,스크린샷 2026-09-06 181403.png + 스크린샷 2026-09-06 181415.png,PDF명이 일치하여 파일1의 클래스명·계좌유형·채널·보수율·비용값을 그대로 우선 반영함,,,,,,,,
71,KR5153420105,C-P2e,퇴직연금,온라인,종류C-P2e 수수료미징구-온라인-퇴직연금,R2_KR5153420105.pdf,0.2800,0.2900,"29,000","60,000","93,000","163,000","362,000",FILE1_PRIORITY_APPLIED,,스크린샷 2026-09-06 181403.png + 스크린샷 2026-09-06 181415.png,PDF명이 일치하여 파일1의 클래스명·계좌유형·채널·보수율·비용값을 그대로 우선 반영함,,,,,,,,
71,KR5153420105,C-PI,기관,오프라인,종류C-PI 수수료미징구-오프라인-기관,R2_KR5153420105.pdf,0.1700,0.1800,"18,000","37,000","58,000","101,000","224,000",FILE1_PRIORITY_APPLIED,,스크린샷 2026-09-06 181403.png + 스크린샷 2026-09-06 181415.png,PDF명이 일치하여 파일1의 클래스명·계좌유형·채널·보수율·비용값을 그대로 우선 반영함,,,,,,,,
71,KR5153420105,직판,랩/펀드,직판,"종류직판 수수료미징구-오프라인-랩, 펀드 등",R2_KR5153420105.pdf,0.1600,0.1700,"17,000","35,000","54,000","95,000","212,000",FILE1_PRIORITY_APPLIED,,스크린샷 2026-09-06 181403.png + 스크린샷 2026-09-06 181415.png,PDF명이 일치하여 파일1의 클래스명·계좌유형·채널·보수율·비용값을 그대로 우선 반영함,,,,,,,,
71,KR5153420105,I,기관,오프라인,종류I 수수료미징구-오프라인-기관,R2_KR5153420105.pdf,0.1900,0.1900,"19,000","39,000","61,000","106,000","237,000",FILE1_PRIORITY_APPLIED,,스크린샷 2026-09-06 181403.png + 스크린샷 2026-09-06 181415.png,PDF명이 일치하여 파일1의 클래스명·계좌유형·채널·보수율·비용값을 그대로 우선 반영함,,,,,,,,
71,KR5153420105,S,일반,온라인슈퍼,종류S 수수료후취-온라인슈퍼,R2_KR5153420105.pdf,0.3100,0.3200,"48,000","67,000","103,000","179,000","399,000",FILE1_PRIORITY_APPLIED,,스크린샷 2026-09-06 181403.png + 스크린샷 2026-09-06 181415.png,PDF명이 일치하여 파일1의 클래스명·계좌유형·채널·보수율·비용값을 그대로 우선 반영함,,,,,,,,
72,KR5153420318,A,일반,불명,수수료선취형(A),R2_KR5153420318.pdf,0.9500,0.9500,"167,000","269,000","376,000","604,000","1,257,000",SOURCE_PARSED,,,일반 클래스: Cost Guard 연금 비교 대상 여부 별도 판단,,,,,,,,
72,KR5153420318,A-E,일반,온라인,수수료선취-온라인(A-e),R2_KR5153420318.pdf,0.6500,0.7000,"106,000","181,000","260,000","428,000","909,000",SOURCE_PARSED,,,일반 클래스: Cost Guard 연금 비교 대상 여부 별도 판단,,,,,,,,
72,KR5153420318,AG,일반,오프라인,종류AG 수수료선취-오프 라인-무권유저비 용,R2_KR5153420318.pdf,0.7700,0.7700,"127,000","210,000","297,000","482,000","1,011,000",SOURCE_PARSED,,,일반 클래스: Cost Guard 연금 비교 대상 여부 별도 판단,,,,,,,,
72,KR5153420318,C,일반,불명,수수료미징구형(C),R2_KR5153420318.pdf,1.3500,1.3500,"138,000","283,000","435,000","759,000","1,687,000",SOURCE_PARSED,,,일반 클래스: Cost Guard 연금 비교 대상 여부 별도 판단,,,,,,,,
72,KR5153420318,C-E,일반,온라인,수수료미징구-온라인(C-e),R2_KR5153420318.pdf,0.8500,0.9000,"92,000","188,000","290,000","506,000","1,124,000",SOURCE_PARSED,,,일반 클래스: Cost Guard 연금 비교 대상 여부 별도 판단,,,,,,,,
72,KR5153420318,C-I,일반,오프라인,종류C-I 수수료미징구-오 프라인-기관,R2_KR5153420318.pdf,0.3800,0.3800,"38,000","79,000","122,000","213,000","474,000",SOURCE_PARSED,,,일반 클래스: Cost Guard 연금 비교 대상 여부 별도 판단,,,,,,,,
72,KR5153420318,C-P,연금저축,오프라인,종류C-P 수수료미징구-오 프라인-개인연금,R2_KR5153420318.pdf,0.7600,0.7600,"77,000","159,000","245,000","427,000","949,000",SOURCE_PARSED,,,,,,,,,,,
72,KR5153420318,C-P2,퇴직연금/IRP,오프라인,종류C-P2 수수료미징구-오 프라인-퇴직연금,R2_KR5153420318.pdf,0.7100,0.7100,"72,000","149,000","228,000","399,000","887,000",SOURCE_PARSED,,,,,,,,,,,
72,KR5153420318,C-P2E,퇴직연금/IRP,온라인,종류C-P2e 수수료미징구-온 라인-퇴직연금,R2_KR5153420318.pdf,0.5300,0.5800,"59,000","121,000","187,000","326,000","724,000",SOURCE_PARSED,,,,,,,,,,,
72,KR5153420318,C-PE,연금저축,온라인,종류C-Pe 수수료미징구-온 라인-개인연금,R2_KR5153420318.pdf,0.5500,0.6000,"61,000","125,000","193,000","337,000","749,000",SOURCE_PARSED,,,,,,,,,,,
72,KR5153420318,CG,일반,오프라인,종류CG 수수료미징구-오 프라인-무권유저 비용,R2_KR5153420318.pdf,1.0500,1.0500,"107,000","220,000","338,000","590,000","1,312,000",SOURCE_PARSED,,,일반 클래스: Cost Guard 연금 비교 대상 여부 별도 판단,,,,,,,,
72,KR5153420318,F,일반,직판,"종류F 수수료미징구-직 판-랩, 펀드 등",R2_KR5153420318.pdf,0.3500,0.4100,"42,000","86,000","132,000","230,000","512,000",SOURCE_PARSED,,,일반 클래스: Cost Guard 연금 비교 대상 여부 별도 판단,,,,,,,,
72,KR5153420318,S,일반,온라인슈퍼,종류S 수수료후취-온라 인슈퍼,R2_KR5153420318.pdf,0.5000,0.5000,"67,000","104,000","161,000","281,000","624,000",SOURCE_PARSED,,,일반 클래스: Cost Guard 연금 비교 대상 여부 별도 판단,,,,,,,,
73,KR5153420339,A,일반,오프라인,종류A 수수료선취-오프라인,R2_KR5153420339.pdf,0.1800,0.1800,"38,000","57,000","78,000","121,000","244,000",FILE1_PRIORITY_APPLIED,,스크린샷 2026-09-05 194013.png + 스크린샷 2026-09-05 194022.png,PDF명이 일치하여 파일1의 클래스명·계좌유형·채널·보수율·비용값을 그대로 우선 반영함,,,,,,,,
73,KR5153420339,A-e,일반,온라인,종류A-e 수수료선취-온라인,R2_KR5153420339.pdf,0.1200,0.1200,"22,000","35,000","48,000","77,000","159,000",FILE1_PRIORITY_APPLIED,,스크린샷 2026-09-05 194013.png + 스크린샷 2026-09-05 194022.png,PDF명이 일치하여 파일1의 클래스명·계좌유형·채널·보수율·비용값을 그대로 우선 반영함,,,,,,,,
73,KR5153420339,AG,일반,오프라인,종류AG 수수료선취-오프라인-무권유저비용,R2_KR5153420339.pdf,0.1440,0.1440,"28,000","44,000","60,000","94,000","193,000",FILE1_PRIORITY_APPLIED,,스크린샷 2026-09-05 194013.png + 스크린샷 2026-09-05 194022.png,PDF명이 일치하여 파일1의 클래스명·계좌유형·채널·보수율·비용값을 그대로 우선 반영함,,,,,,,,
73,KR5153420339,C,일반,오프라인,종류C 수수료미징구-오프라인,R2_KR5153420339.pdf,0.3800,0.3800,"38,000","79,000","122,000","213,000","474,000",FILE1_PRIORITY_APPLIED,,스크린샷 2026-09-05 194013.png + 스크린샷 2026-09-05 194022.png,PDF명이 일치하여 파일1의 클래스명·계좌유형·채널·보수율·비용값을 그대로 우선 반영함,,,,,,,,
73,KR5153420339,C-e,일반,온라인,종류C-e 수수료미징구-온라인,R2_KR5153420339.pdf,0.2200,0.2200,"22,000","46,000","70,000","123,000","274,000",FILE1_PRIORITY_APPLIED,,스크린샷 2026-09-05 194013.png + 스크린샷 2026-09-05 194022.png,PDF명이 일치하여 파일1의 클래스명·계좌유형·채널·보수율·비용값을 그대로 우선 반영함,,,,,,,,
73,KR5153420339,CG,일반,오프라인,종류CG 수수료미징구-오프라인-무권유저비용,R2_KR5153420339.pdf,0.2840,0.2840,"29,000","59,000","91,000","159,000","354,000",FILE1_PRIORITY_APPLIED,,스크린샷 2026-09-05 194013.png + 스크린샷 2026-09-05 194022.png,PDF명이 일치하여 파일1의 클래스명·계좌유형·채널·보수율·비용값을 그대로 우선 반영함,,,,,,,,
73,KR5153420339,C-I,기관,오프라인,종류C-I 수수료미징구-오프라인-기관,R2_KR5153420339.pdf,0.0900,0.0900,"9,000","18,000","29,000","50,000","112,000",FILE1_PRIORITY_APPLIED,,스크린샷 2026-09-05 194013.png + 스크린샷 2026-09-05 194022.png,PDF명이 일치하여 파일1의 클래스명·계좌유형·채널·보수율·비용값을 그대로 우선 반영함,,,,,,,,
73,KR5153420339,F,기관/랩,오프라인,종류F 수수료미징구-오프라인-랩·펀드 등,R2_KR5153420339.pdf,0.0600,0.0600,"6,000","12,000","19,000","33,000","74,000",FILE1_PRIORITY_APPLIED,,스크린샷 2026-09-05 194013.png + 스크린샷 2026-09-05 194022.png,PDF명이 일치하여 파일1의 클래스명·계좌유형·채널·보수율·비용값을 그대로 우선 반영함,,,,,,,,
73,KR5153420339,S,일반,온라인슈퍼,종류S 수수료후취-온라인슈퍼,R2_KR5153420339.pdf,0.1100,0.1100,"27,000","23,000","35,000","61,000","137,000",FILE1_PRIORITY_APPLIED,,스크린샷 2026-09-05 194013.png + 스크린샷 2026-09-05 194022.png,PDF명이 일치하여 파일1의 클래스명·계좌유형·채널·보수율·비용값을 그대로 우선 반영함,,,,,,,,
73,KR5153420339,C-P,개인연금,오프라인,종류C-P 수수료미징구-오프라인-개인연금,R2_KR5153420339.pdf,0.3200,0.3200,"32,000","67,000","103,000","179,000","399,000",FILE1_PRIORITY_APPLIED,,스크린샷 2026-09-05 194013.png + 스크린샷 2026-09-05 194022.png,PDF명이 일치하여 파일1의 클래스명·계좌유형·채널·보수율·비용값을 그대로 우선 반영함,,,,,,,,
73,KR5153420339,C-Pe,개인연금,온라인,종류C-Pe 수수료미징구-온라인-개인연금,R2_KR5153420339.pdf,0.1900,0.1900,"19,000","39,000","61,000","106,000","237,000",FILE1_PRIORITY_APPLIED,,스크린샷 2026-09-05 194013.png + 스크린샷 2026-09-05 194022.png,PDF명이 일치하여 파일1의 클래스명·계좌유형·채널·보수율·비용값을 그대로 우선 반영함,,,,,,,,
73,KR5153420339,C-P2,퇴직연금,오프라인,종류C-P2 수수료미징구-오프라인-퇴직연금,R2_KR5153420339.pdf,0.2600,0.2600,"26,000","54,000","83,000","146,000","324,000",FILE1_PRIORITY_APPLIED,,스크린샷 2026-09-05 194013.png + 스크린샷 2026-09-05 194022.png,PDF명이 일치하여 파일1의 클래스명·계좌유형·채널·보수율·비용값을 그대로 우선 반영함,,,,,,,,
73,KR5153420339,C-P2e,퇴직연금,온라인,종류C-P2e 수수료미징구-온라인-퇴직연금,R2_KR5153420339.pdf,0.1600,0.1600,"16,000","33,000","51,000","89,000","199,000",FILE1_PRIORITY_APPLIED,,스크린샷 2026-09-05 194013.png + 스크린샷 2026-09-05 194022.png,PDF명이 일치하여 파일1의 클래스명·계좌유형·채널·보수율·비용값을 그대로 우선 반영함,,,,,,,,
74,KR5153450009,C,퇴직연금,오프라인,종류C 수수료미징구-오프라인-퇴직연금,R2_KR5153450009.pdf,0.9500,0.9500,"97,000","199,000","306,000","534,000","1,187,000",FILE1_PRIORITY_APPLIED,,스크린샷 2026-09-05 194032.png + 스크린샷 2026-09-05 194038.png,PDF명이 일치하여 파일1의 클래스명·계좌유형·채널·보수율·비용값을 그대로 우선 반영함,,,,,,,,
74,KR5153450009,C-P2e,퇴직연금,온라인,종류C-P2e 수수료미징구-온라인-퇴직연금,R2_KR5153450009.pdf,0.7000,0.7000,"71,000","146,000","225,000","393,000","874,000",FILE1_PRIORITY_APPLIED,,스크린샷 2026-09-05 194032.png + 스크린샷 2026-09-05 194038.png,PDF명이 일치하여 파일1의 클래스명·계좌유형·채널·보수율·비용값을 그대로 우선 반영함,,,,,,,,
74,KR5153450009,C-F,퇴직연금/기관,직판,종류C-F 수수료미징구-직판-퇴직연금·펀드 등,R2_KR5153450009.pdf,0.4500,0.4500,"46,000","94,000","145,000","253,000","562,000",FILE1_PRIORITY_APPLIED,,스크린샷 2026-09-05 194032.png + 스크린샷 2026-09-05 194038.png,PDF명이 일치하여 파일1의 클래스명·계좌유형·채널·보수율·비용값을 그대로 우선 반영함,,,,,,,,
75,KR5153450112,C,일반,불명,수수료미징구형(C),R2_KR5153450112.pdf,1.5400,1.5400,"157,000","323,000","496,000","866,000","1,924,000",SOURCE_PARSED,,,일반 클래스: Cost Guard 연금 비교 대상 여부 별도 판단,,,,,,,,
75,KR5153450112,C-E,연금저축,온라인,종류C-e 수수료미징구-온 라인-개인연금,R2_KR5153450112.pdf,1.0600,1.0600,"108,000","222,000","341,000","596,000","1,324,000",SOURCE_PARSED,,,,,,,,,,,
76,KR5153450209,C,일반,불명,수수료미징구형(C),R2_KR5153450209.pdf,1.2000,1.2000,"122,000","251,000","386,000","674,000","1,499,000",SOURCE_PARSED,,,일반 클래스: Cost Guard 연금 비교 대상 여부 별도 판단,,,,,,,,
76,KR5153450209,C-F,퇴직연금/IRP,직판,"종류C-F 수수료미징구-직 판-퇴직연금, 펀 드 등",R2_KR5153450209.pdf,0.3950,0.3950,"40,000","82,000","127,000","222,000","493,000",SOURCE_PARSED,,,,,,,,,,,
76,KR5153450209,C-P2E,퇴직연금/IRP,온라인,종류C-P2e 수수료미징구-온 라인-퇴직연금,R2_KR5153450209.pdf,0.7950,0.7950,"81,000","166,000","256,000","447,000","993,000",SOURCE_PARSED,,,,,,,,,,,
76,KR5153450209,C-P2I,퇴직연금/IRP,오프라인,"종류C-P2I 수수료미징구-오 프라인-퇴직연금, 고액",R2_KR5153450209.pdf,0.4950,0.4950,"50,000","103,000","159,000","278,000","618,000",SOURCE_PARSED,,,,,,,,,,,
77,KR5153450250,C,일반,불명,수수료미징구형(C),R2_KR5153450250.pdf,1.2000,1.2100,"124,000","254,000","390,000","680,000","1,512,000",SOURCE_PARSED,,,일반 클래스: Cost Guard 연금 비교 대상 여부 별도 판단,,,,,,,,
77,KR5153450250,C-F,퇴직연금/IRP,직판,"종류C-F 수수료미징구-직 판-퇴직연금, 펀 드 등",R2_KR5153450250.pdf,0.3950,0.3950,"40,000","82,000","127,000","222,000","493,000",SOURCE_PARSED,,,,,,,,,,,
77,KR5153450250,C-P2E,퇴직연금/IRP,온라인,종류C-P2e 수수료미징구-온 라인-퇴직연금,R2_KR5153450250.pdf,0.7950,0.8050,"82,000","169,000","259,000","452,000","1,006,000",SOURCE_PARSED,,,,,,,,,,,
78,KR5153450268,A,일반,오프라인,종류A 수수료선취-오프라인,R2_KR5153450268.pdf,1.1500,1.1500,"217,000","341,000","470,000","746,000","1,537,000",FILE1_PRIORITY_APPLIED,,스크린샷 2026-09-05 194058.png + 스크린샷 2026-09-05 194109.png,PDF명이 일치하여 파일1의 클래스명·계좌유형·채널·보수율·비용값을 그대로 우선 반영함,,,,,,,,
78,KR5153450268,A-e,일반,온라인,종류A-e 수수료선취-온라인,R2_KR5153450268.pdf,0.8700,0.8700,"139,000","232,000","330,000","539,000","1,137,000",FILE1_PRIORITY_APPLIED,,스크린샷 2026-09-05 194058.png + 스크린샷 2026-09-05 194109.png,PDF명이 일치하여 파일1의 클래스명·계좌유형·채널·보수율·비용값을 그대로 우선 반영함,,,,,,,,
78,KR5153450268,AG,일반,오프라인,종류AG 수수료선취-오프라인-무권유저비용,R2_KR5153450268.pdf,0.9800,0.9800,"170,000","275,000","386,000","621,000","1,294,000",FILE1_PRIORITY_APPLIED,,스크린샷 2026-09-05 194058.png + 스크린샷 2026-09-05 194109.png,PDF명이 일치하여 파일1의 클래스명·계좌유형·채널·보수율·비용값을 그대로 우선 반영함,,,,,,,,
78,KR5153450268,C1,일반,오프라인,종류C1 수수료미징구-오프라인-보수체감,R2_KR5153450268.pdf,1.9000,1.9000,"194,000","335,000","504,000","909,000","2,071,000",FILE1_PRIORITY_APPLIED,,스크린샷 2026-09-05 194058.png + 스크린샷 2026-09-05 194109.png,PDF명이 일치하여 파일1의 클래스명·계좌유형·채널·보수율·비용값을 그대로 우선 반영함,,,,,,,,
78,KR5153450268,C2,일반,오프라인,종류C2 수수료미징구-오프라인-보수체감,R2_KR5153450268.pdf,1.6900,1.6900,,,,,,FILE1_PRIORITY_APPLIED,,스크린샷 2026-09-05 194058.png + 스크린샷 2026-09-05 194109.png,PDF명이 일치하여 파일1의 클래스명·계좌유형·채널·보수율·비용값을 그대로 우선 반영함,,,,,,,,
78,KR5153450268,C3,일반,오프라인,종류C3 수수료미징구-오프라인-보수체감,R2_KR5153450268.pdf,1.5000,1.5000,,,,,,FILE1_PRIORITY_APPLIED,,스크린샷 2026-09-05 194058.png + 스크린샷 2026-09-05 194109.png,PDF명이 일치하여 파일1의 클래스명·계좌유형·채널·보수율·비용값을 그대로 우선 반영함,,,,,,,,
78,KR5153450268,C4,일반,오프라인,종류C4 수수료미징구-오프라인-보수체감,R2_KR5153450268.pdf,1.3100,1.3100,,,,,,FILE1_PRIORITY_APPLIED,,스크린샷 2026-09-05 194058.png + 스크린샷 2026-09-05 194109.png,PDF명이 일치하여 파일1의 클래스명·계좌유형·채널·보수율·비용값을 그대로 우선 반영함,,,,,,,,
78,KR5153450268,C-e,일반,온라인,종류C-e 수수료미징구-온라인,R2_KR5153450268.pdf,1.1000,1.1000,"112,000","230,000","354,000","618,000","1,374,000",FILE1_PRIORITY_APPLIED,,스크린샷 2026-09-05 194058.png + 스크린샷 2026-09-05 194109.png,PDF명이 일치하여 파일1의 클래스명·계좌유형·채널·보수율·비용값을 그대로 우선 반영함,,,,,,,,
78,KR5153450268,CG,일반,오프라인,종류CG 수수료미징구-오프라인-무권유저비용,R2_KR5153450268.pdf,1.3000,1.3000,"133,000","272,000","419,000","731,000","1,624,000",FILE1_PRIORITY_APPLIED,,스크린샷 2026-09-05 194058.png + 스크린샷 2026-09-05 194109.png,PDF명이 일치하여 파일1의 클래스명·계좌유형·채널·보수율·비용값을 그대로 우선 반영함,,,,,,,,
78,KR5153450268,F,기관/랩,오프라인,종류F 수수료미징구-오프라인-랩·펀드 등,R2_KR5153450268.pdf,0.6000,0.6000,"61,000","125,000","193,000","337,000","749,000",FILE1_PRIORITY_APPLIED,,스크린샷 2026-09-05 194058.png + 스크린샷 2026-09-05 194109.png,PDF명이 일치하여 파일1의 클래스명·계좌유형·채널·보수율·비용값을 그대로 우선 반영함,,,,,,,,
78,KR5153450268,S,일반,온라인슈퍼,종류S 수수료후취-온라인슈퍼,R2_KR5153450268.pdf,0.8200,0.8200,,,,,,FILE1_PRIORITY_APPLIED,,스크린샷 2026-09-05 194058.png + 스크린샷 2026-09-05 194109.png,PDF명이 일치하여 파일1의 클래스명·계좌유형·채널·보수율·비용값을 그대로 우선 반영함,,,,,,,,
78,KR5153450268,C-a,고액,오프라인,종류C-a 수수료미징구-오프라인-고액,R2_KR5153450268.pdf,1.1500,1.1500,"117,000","241,000","370,000","646,000","1,437,000",FILE1_PRIORITY_APPLIED,,스크린샷 2026-09-05 194058.png + 스크린샷 2026-09-05 194109.png,PDF명이 일치하여 파일1의 클래스명·계좌유형·채널·보수율·비용값을 그대로 우선 반영함,,,,,,,,
78,KR5153450268,C-I,기관,오프라인,종류C-I 수수료미징구-오프라인-기관,R2_KR5153450268.pdf,0.6300,0.6300,"64,000","132,000","203,000","354,000","787,000",FILE1_PRIORITY_APPLIED,,스크린샷 2026-09-05 194058.png + 스크린샷 2026-09-05 194109.png,PDF명이 일치하여 파일1의 클래스명·계좌유형·채널·보수율·비용값을 그대로 우선 반영함,,,,,,,,
78,KR5153450268,C-P,개인연금,오프라인,종류C-P 수수료미징구-오프라인-개인연금,R2_KR5153450268.pdf,1.5400,1.5400,"157,000","323,000","496,000","866,000","1,924,000",FILE1_PRIORITY_APPLIED,,스크린샷 2026-09-05 194058.png + 스크린샷 2026-09-05 194109.png,PDF명이 일치하여 파일1의 클래스명·계좌유형·채널·보수율·비용값을 그대로 우선 반영함,,,,,,,,
78,KR5153450268,C-Pe,개인연금,온라인,종류C-Pe 수수료미징구-온라인-개인연금,R2_KR5153450268.pdf,1.0700,1.0700,"109,000","224,000","345,000","601,000","1,337,000",FILE1_PRIORITY_APPLIED,,스크린샷 2026-09-05 194058.png + 스크린샷 2026-09-05 194109.png,PDF명이 일치하여 파일1의 클래스명·계좌유형·채널·보수율·비용값을 그대로 우선 반영함,,,,,,,,
78,KR5153450268,C-P2,퇴직연금,오프라인,종류C-P2 수수료미징구-오프라인-퇴직연금,R2_KR5153450268.pdf,1.3500,1.3500,"138,000","283,000","435,000","759,000","1,687,000",FILE1_PRIORITY_APPLIED,,스크린샷 2026-09-05 194058.png + 스크린샷 2026-09-05 194109.png,PDF명이 일치하여 파일1의 클래스명·계좌유형·채널·보수율·비용값을 그대로 우선 반영함,,,,,,,,
78,KR5153450268,C-P2e,퇴직연금,온라인,종류C-P2e 수수료미징구-온라인-퇴직연금,R2_KR5153450268.pdf,0.9700,0.9700,"99,000","203,000","312,000","545,000","1,212,000",FILE1_PRIORITY_APPLIED,,스크린샷 2026-09-05 194058.png + 스크린샷 2026-09-05 194109.png,PDF명이 일치하여 파일1의 클래스명·계좌유형·채널·보수율·비용값을 그대로 우선 반영함,,,,,,,,
79,KR5153450431,C,개인연금,오프라인,종류C 수수료미징구-오프라인-개인연금,R2_KR5153450431.pdf,0.8150,0.8150,"83,000","171,000","262,000","458,000","1,018,000",FILE1_PRIORITY_APPLIED,,스크린샷 2026-09-05 194122.png + 스크린샷 2026-09-05 194126.png,PDF명이 일치하여 파일1의 클래스명·계좌유형·채널·보수율·비용값을 그대로 우선 반영함,,,,,,,,
79,KR5153450431,C-e,개인연금,온라인,종류C-e 수수료미징구-온라인-개인연금,R2_KR5153450431.pdf,0.4950,0.4950,"50,000","103,000","159,000","278,000","618,000",FILE1_PRIORITY_APPLIED,,스크린샷 2026-09-05 194122.png + 스크린샷 2026-09-05 194126.png,PDF명이 일치하여 파일1의 클래스명·계좌유형·채널·보수율·비용값을 그대로 우선 반영함,,,,,,,,
80,KR5153450658,A,일반,오프라인,종류A 수수료선취-오프라인,R2_KR5153450658.pdf,0.3200,0.3200,"42,000","77,000","113,000","189,000","409,000",FILE1_PRIORITY_APPLIED,,스크린샷 2026-09-05 194325.png + 스크린샷 2026-09-05 194338.png,PDF명이 일치하여 파일1의 클래스명·계좌유형·채널·보수율·비용값을 그대로 우선 반영함,,,,,,,,
80,KR5153450658,A-e,일반,온라인,종류A-e 수수료선취-온라인,R2_KR5153450658.pdf,0.2200,0.2300,"28,000","53,000","79,000","134,000","292,000",FILE1_PRIORITY_APPLIED,,스크린샷 2026-09-05 194325.png + 스크린샷 2026-09-05 194338.png,PDF명이 일치하여 파일1의 클래스명·계좌유형·채널·보수율·비용값을 그대로 우선 반영함,,,,,,,,
80,KR5153450658,AG,일반,오프라인,종류AG 수수료선취-오프라인-무권유저비용,R2_KR5153450658.pdf,0.2600,0.2600,"33,000","61,000","90,000","153,000","331,000",FILE1_PRIORITY_APPLIED,,스크린샷 2026-09-05 194325.png + 스크린샷 2026-09-05 194338.png,PDF명이 일치하여 파일1의 클래스명·계좌유형·채널·보수율·비용값을 그대로 우선 반영함,,,,,,,,
80,KR5153450658,C1,일반,오프라인,종류C1 수수료미징구-오프라인-보수체감,R2_KR5153450658.pdf,0.4500,0.4500,"46,000","92,000","138,000","232,000","500,000",FILE1_PRIORITY_APPLIED,,스크린샷 2026-09-05 194325.png + 스크린샷 2026-09-05 194338.png,PDF명이 일치하여 파일1의 클래스명·계좌유형·채널·보수율·비용값을 그대로 우선 반영함,,,,,,,,
80,KR5153450658,C2,일반,오프라인,종류C2 수수료미징구-오프라인-보수체감,R2_KR5153450658.pdf,0.4300,0.4300,,,,,,FILE1_PRIORITY_APPLIED,,스크린샷 2026-09-05 194325.png + 스크린샷 2026-09-05 194338.png,PDF명이 일치하여 파일1의 클래스명·계좌유형·채널·보수율·비용값을 그대로 우선 반영함,,,,,,,,
80,KR5153450658,C3,일반,오프라인,종류C3 수수료미징구-오프라인-보수체감,R2_KR5153450658.pdf,0.4100,0.4100,,,,,,FILE1_PRIORITY_APPLIED,,스크린샷 2026-09-05 194325.png + 스크린샷 2026-09-05 194338.png,PDF명이 일치하여 파일1의 클래스명·계좌유형·채널·보수율·비용값을 그대로 우선 반영함,,,,,,,,
80,KR5153450658,C4,일반,오프라인,종류C4 수수료미징구-오프라인-보수체감,R2_KR5153450658.pdf,0.3900,0.3900,,,,,,FILE1_PRIORITY_APPLIED,,스크린샷 2026-09-05 194325.png + 스크린샷 2026-09-05 194338.png,PDF명이 일치하여 파일1의 클래스명·계좌유형·채널·보수율·비용값을 그대로 우선 반영함,,,,,,,,
80,KR5153450658,C-e,일반,온라인,종류C-e 수수료미징구-온라인,R2_KR5153450658.pdf,0.2900,0.3000,"30,000","62,000","96,000","168,000","374,000",FILE1_PRIORITY_APPLIED,,스크린샷 2026-09-05 194325.png + 스크린샷 2026-09-05 194338.png,PDF명이 일치하여 파일1의 클래스명·계좌유형·채널·보수율·비용값을 그대로 우선 반영함,,,,,,,,
80,KR5153450658,CG,일반,오프라인,종류CG 수수료미징구-오프라인-무권유저비용,R2_KR5153450658.pdf,0.3300,0.3300,"33,000","69,000","106,000","185,000","412,000",FILE1_PRIORITY_APPLIED,,스크린샷 2026-09-05 194325.png + 스크린샷 2026-09-05 194338.png,PDF명이 일치하여 파일1의 클래스명·계좌유형·채널·보수율·비용값을 그대로 우선 반영함,,,,,,,,
80,KR5153450658,C-I,기관,오프라인,종류C-I 수수료미징구-오프라인-기관,R2_KR5153450658.pdf,0.1500,0.1500,"15,000","31,000","48,000","84,000","187,000",FILE1_PRIORITY_APPLIED,,스크린샷 2026-09-05 194325.png + 스크린샷 2026-09-05 194338.png,PDF명이 일치하여 파일1의 클래스명·계좌유형·채널·보수율·비용값을 그대로 우선 반영함,,,,,,,,
80,KR5153450658,F,기관/랩,오프라인,종류F 수수료미징구-오프라인-랩·펀드 등,R2_KR5153450658.pdf,0.1200,0.1200,"12,000","25,000","38,000","67,000","149,000",FILE1_PRIORITY_APPLIED,,스크린샷 2026-09-05 194325.png + 스크린샷 2026-09-05 194338.png,PDF명이 일치하여 파일1의 클래스명·계좌유형·채널·보수율·비용값을 그대로 우선 반영함,,,,,,,,
80,KR5153450658,S,일반,온라인슈퍼,종류S 수수료후취-온라인슈퍼,R2_KR5153450658.pdf,0.2100,0.2100,"37,000","44,000","67,000","118,000","262,000",FILE1_PRIORITY_APPLIED,,스크린샷 2026-09-05 194325.png + 스크린샷 2026-09-05 194338.png,PDF명이 일치하여 파일1의 클래스명·계좌유형·채널·보수율·비용값을 그대로 우선 반영함,,,,,,,,
80,KR5153450658,C-P,개인연금,오프라인,종류C-P 수수료미징구-오프라인-개인연금,R2_KR5153450658.pdf,0.4000,0.4000,"40,000","83,000","128,000","224,000","499,000",FILE1_PRIORITY_APPLIED,,스크린샷 2026-09-05 194325.png + 스크린샷 2026-09-05 194338.png,PDF명이 일치하여 파일1의 클래스명·계좌유형·채널·보수율·비용값을 그대로 우선 반영함,,,,,,,,
80,KR5153450658,C-Pe,개인연금,온라인,종류C-Pe 수수료미징구-온라인-개인연금,R2_KR5153450658.pdf,0.2600,0.2700,"27,000","56,000","87,000","151,000","337,000",FILE1_PRIORITY_APPLIED,,스크린샷 2026-09-05 194325.png + 스크린샷 2026-09-05 194338.png,PDF명이 일치하여 파일1의 클래스명·계좌유형·채널·보수율·비용값을 그대로 우선 반영함,,,,,,,,
80,KR5153450658,C-P2,퇴직연금,오프라인,종류C-P2 수수료미징구-오프라인-퇴직연금,R2_KR5153450658.pdf,0.3800,0.3900,"39,000","81,000","125,000","219,000","487,000",FILE1_PRIORITY_APPLIED,,스크린샷 2026-09-05 194325.png + 스크린샷 2026-09-05 194338.png,PDF명이 일치하여 파일1의 클래스명·계좌유형·채널·보수율·비용값을 그대로 우선 반영함,,,,,,,,
80,KR5153450658,C-P2e,퇴직연금,온라인,종류C-P2e 수수료미징구-온라인-퇴직연금,R2_KR5153450658.pdf,0.2500,0.2600,"26,000","54,000","83,000","146,000","324,000",FILE1_PRIORITY_APPLIED,,스크린샷 2026-09-05 194325.png + 스크린샷 2026-09-05 194338.png,PDF명이 일치하여 파일1의 클래스명·계좌유형·채널·보수율·비용값을 그대로 우선 반영함,,,,,,,,
81,KR5153450772,A,일반,오프라인,종류A 수수료선취-오프라인,R2_KR5153450772.pdf,0.7000,0.7500,"156,000","237,000","321,000","501,000","1,017,000",FILE1_PRIORITY_APPLIED,,스크린샷 2026-09-05 194401.png + 스크린샷 2026-09-05 194409.png,PDF명이 일치하여 파일1의 클래스명·계좌유형·채널·보수율·비용값을 그대로 우선 반영함,,,,,,,,
81,KR5153450772,A-e,일반,온라인,종류A-e 수수료선취-온라인,R2_KR5153450772.pdf,0.5200,0.5700,"98,000","159,000","223,000","360,000","752,000",FILE1_PRIORITY_APPLIED,,스크린샷 2026-09-05 194401.png + 스크린샷 2026-09-05 194409.png,PDF명이 일치하여 파일1의 클래스명·계좌유형·채널·보수율·비용값을 그대로 우선 반영함,,,,,,,,
81,KR5153450772,AG,일반,오프라인,종류AG 수수료선취-오프라인-무권유저비용,R2_KR5153450772.pdf,0.5900,0.5900,"116,000","179,000","246,000","387,000","793,000",FILE1_PRIORITY_APPLIED,,스크린샷 2026-09-05 194401.png + 스크린샷 2026-09-05 194409.png,PDF명이 일치하여 파일1의 클래스명·계좌유형·채널·보수율·비용값을 그대로 우선 반영함,,,,,,,,
81,KR5153450772,C,일반,오프라인,종류C 수수료미징구-오프라인,R2_KR5153450772.pdf,1.2000,1.2500,"128,000","262,000","403,000","703,000","1,562,000",FILE1_PRIORITY_APPLIED,,스크린샷 2026-09-05 194401.png + 스크린샷 2026-09-05 194409.png,PDF명이 일치하여 파일1의 클래스명·계좌유형·채널·보수율·비용값을 그대로 우선 반영함,,,,,,,,
81,KR5153450772,C-e,일반,온라인,종류C-e 수수료미징구-온라인,R2_KR5153450772.pdf,0.7700,0.8200,"84,000","172,000","264,000","461,000","1,024,000",FILE1_PRIORITY_APPLIED,,스크린샷 2026-09-05 194401.png + 스크린샷 2026-09-05 194409.png,PDF명이 일치하여 파일1의 클래스명·계좌유형·채널·보수율·비용값을 그대로 우선 반영함,,,,,,,,
81,KR5153450772,C-I,기관,오프라인,종류C-I 수수료미징구-오프라인-기관,R2_KR5153450772.pdf,0.3800,0.3800,"38,000","79,000","122,000","213,000","474,000",FILE1_PRIORITY_APPLIED,,스크린샷 2026-09-05 194401.png + 스크린샷 2026-09-05 194409.png,PDF명이 일치하여 파일1의 클래스명·계좌유형·채널·보수율·비용값을 그대로 우선 반영함,,,,,,,,
81,KR5153450772,C-W,랩,오프라인,종류C-W 수수료미징구-오프라인-랩,R2_KR5153450772.pdf,0.3500,0.3500,"35,000","73,000","112,000","196,000","437,000",FILE1_PRIORITY_APPLIED,,스크린샷 2026-09-05 194401.png + 스크린샷 2026-09-05 194409.png,PDF명이 일치하여 파일1의 클래스명·계좌유형·채널·보수율·비용값을 그대로 우선 반영함,,,,,,,,
81,KR5153450772,C-P,개인연금,오프라인,종류C-P 수수료미징구-오프라인-개인연금,R2_KR5153450772.pdf,1.0300,1.0800,"110,000","226,000","348,000","607,000","1,349,000",FILE1_PRIORITY_APPLIED,,스크린샷 2026-09-05 194401.png + 스크린샷 2026-09-05 194409.png,PDF명이 일치하여 파일1의 클래스명·계좌유형·채널·보수율·비용값을 그대로 우선 반영함,,,,,,,,
81,KR5153450772,C-Pe,개인연금,온라인,종류C-Pe 수수료미징구-온라인-개인연금,R2_KR5153450772.pdf,0.6900,0.7400,"75,000","155,000","238,000","416,000","924,000",FILE1_PRIORITY_APPLIED,,스크린샷 2026-09-05 194401.png + 스크린샷 2026-09-05 194409.png,PDF명이 일치하여 파일1의 클래스명·계좌유형·채널·보수율·비용값을 그대로 우선 반영함,,,,,,,,
81,KR5153450772,C-P2,퇴직연금,오프라인,종류C-P2 수수료미징구-오프라인-퇴직연금,R2_KR5153450772.pdf,0.8900,0.9400,"96,000","197,000","303,000","528,000","1,174,000",FILE1_PRIORITY_APPLIED,,스크린샷 2026-09-05 194401.png + 스크린샷 2026-09-05 194409.png,PDF명이 일치하여 파일1의 클래스명·계좌유형·채널·보수율·비용값을 그대로 우선 반영함,,,,,,,,
81,KR5153450772,C-P2e,퇴직연금,온라인,종류C-P2e 수수료미징구-온라인-퇴직연금,R2_KR5153450772.pdf,0.6200,0.6700,"68,000","140,000","216,000","376,000","837,000",FILE1_PRIORITY_APPLIED,,스크린샷 2026-09-05 194401.png + 스크린샷 2026-09-05 194409.png,PDF명이 일치하여 파일1의 클래스명·계좌유형·채널·보수율·비용값을 그대로 우선 반영함,,,,,,,,
81,KR5153450772,S,일반,온라인슈퍼,종류S 수수료후취-온라인슈퍼,R2_KR5153450772.pdf,0.5100,0.5600,"73,000","117,000","180,000","314,000","699,000",FILE1_PRIORITY_APPLIED,,스크린샷 2026-09-05 194401.png + 스크린샷 2026-09-05 194409.png,PDF명이 일치하여 파일1의 클래스명·계좌유형·채널·보수율·비용값을 그대로 우선 반영함,,,,,,,,
82,KR5153450785,A,일반,불명,수수료선취형(A),R2_KR5153450785.pdf,1.4350,1.4350,"247,000","401,000","562,000","907,000","1,893,000",SOURCE_PARSED,,,일반 클래스: Cost Guard 연금 비교 대상 여부 별도 판단,,,,,,,,
82,KR5153450785,A-E,일반,온라인,수수료선취-온라인(A-e),R2_KR5153450785.pdf,1.0950,1.0950,"162,000","279,000","403,000","665,000","1,418,000",SOURCE_PARSED,,,일반 클래스: Cost Guard 연금 비교 대상 여부 별도 판단,,,,,,,,
82,KR5153450785,AG,일반,오프라인,종류AG 수수료선취-오프 라인-무권유저비 용,R2_KR5153450785.pdf,1.2250,1.2250,"195,000","327,000","465,000","759,000","1,601,000",SOURCE_PARSED,,,일반 클래스: Cost Guard 연금 비교 대상 여부 별도 판단,,,,,,,,
82,KR5153450785,C,일반,불명,수수료미징구형(C),R2_KR5153450785.pdf,1.7550,1.7550,"179,000","368,000","565,000","987,000","2,193,000",SOURCE_PARSED,,,일반 클래스: Cost Guard 연금 비교 대상 여부 별도 판단,,,,,,,,
82,KR5153450785,C-E,일반,온라인,수수료미징구-온라인(C-e),R2_KR5153450785.pdf,1.2550,1.2550,"128,000","263,000","404,000","705,000","1,568,000",SOURCE_PARSED,,,일반 클래스: Cost Guard 연금 비교 대상 여부 별도 판단,,,,,,,,
82,KR5153450785,C-I,일반,오프라인,종류C-I 수수료미징구-오 프라인-기관,R2_KR5153450785.pdf,0.7850,0.7850,"80,000","164,000","253,000","441,000","981,000",SOURCE_PARSED,,,일반 클래스: Cost Guard 연금 비교 대상 여부 별도 판단,,,,,,,,
82,KR5153450785,C-P,연금저축,오프라인,종류C-P 수수료미징구-오 프라인-개인연금,R2_KR5153450785.pdf,1.5550,1.5550,"159,000","326,000","501,000","874,000","1,943,000",SOURCE_PARSED,,,,,,,,,,,
82,KR5153450785,C-P2,퇴직연금/IRP,오프라인,종류C-P2 수수료미징구-오 프라인-퇴직연금,R2_KR5153450785.pdf,1.3950,1.3950,"142,000","292,000","449,000","784,000","1,743,000",SOURCE_PARSED,,,,,,,,,,,
82,KR5153450785,C-P2E,퇴직연금/IRP,온라인,종류C-P2e 수수료미징구-온 라인-퇴직연금,R2_KR5153450785.pdf,1.0750,1.0750,"110,000","225,000","346,000","604,000","1,343,000",SOURCE_PARSED,,,,,,,,,,,
82,KR5153450785,C-PE,연금저축,온라인,종류C-Pe 수수료미징구-온 라인-개인연금,R2_KR5153450785.pdf,1.1550,1.1550,"118,000","242,000","372,000","649,000","1,443,000",SOURCE_PARSED,,,,,,,,,,,
82,KR5153450785,CG,일반,오프라인,종류CG 수수료미징구-오 프라인-무권유저 비용,R2_KR5153450785.pdf,1.4550,1.4550,"149,000","305,000","469,000","818,000","1,818,000",SOURCE_PARSED,,,일반 클래스: Cost Guard 연금 비교 대상 여부 별도 판단,,,,,,,,
82,KR5153450785,F,일반,오프라인,"종류F 수수료미징구-오 프라인-랩, 펀드 등",R2_KR5153450785.pdf,0.7550,0.7550,"77,000","158,000","243,000","424,000","943,000",SOURCE_PARSED,,,일반 클래스: Cost Guard 연금 비교 대상 여부 별도 판단,,,,,,,,
82,KR5153450785,S,일반,온라인슈퍼,종류S 수수료후취-온라 인슈퍼,R2_KR5153450785.pdf,1.0850,1.0850,"127,000","227,000","349,000","610,000","1,356,000",SOURCE_PARSED,,,일반 클래스: Cost Guard 연금 비교 대상 여부 별도 판단,,,,,,,,
83,KR5153450791,C,퇴직연금,오프라인,종류C 수수료미징구-오프라인-퇴직연금,R2_KR5153450791.pdf,0.7500,0.7700,"78,000","161,000","248,000","433,000","962,000",FILE1_PRIORITY_APPLIED,,스크린샷 2026-09-06 181343.png + 스크린샷 2026-09-06 181348.png,PDF명이 일치하여 파일1의 클래스명·계좌유형·채널·보수율·비용값을 그대로 우선 반영함,,,,,,,,
83,KR5153450791,C-P2e,퇴직연금,온라인,종류C-P2e 수수료미징구-온라인-퇴직연금,R2_KR5153450791.pdf,0.5000,0.5200,"53,000","109,000","167,000","292,000","649,000",FILE1_PRIORITY_APPLIED,,스크린샷 2026-09-06 181343.png + 스크린샷 2026-09-06 181348.png,PDF명이 일치하여 파일1의 클래스명·계좌유형·채널·보수율·비용값을 그대로 우선 반영함,,,,,,,,
83,KR5153450791,C-F,퇴직연금/기관,직판,"종류C-F 수수료미징구-직판-퇴직연금, 펀드 등",R2_KR5153450791.pdf,0.2600,0.2600,"26,000","54,000","83,000","146,000","324,000",FILE1_PRIORITY_APPLIED,,스크린샷 2026-09-06 181343.png + 스크린샷 2026-09-06 181348.png,PDF명이 일치하여 파일1의 클래스명·계좌유형·채널·보수율·비용값을 그대로 우선 반영함,,,,,,,,
84,KR5153451009,C-P,개인연금,오프라인,종류C-P 수수료미징구-오프라인-개인연금,R2_KR5153451009.pdf,1.6800,1.7500,"179,000","367,000","564,000","984,000","2,187,000",FILE1_PRIORITY_APPLIED,,스크린샷 2026-09-05 194614.png + 스크린샷 2026-09-05 194620.png,PDF명이 일치하여 파일1의 클래스명·계좌유형·채널·보수율·비용값을 그대로 우선 반영함,,,,,,,,
84,KR5153451009,C-Pe,개인연금,온라인,종류C-Pe 수수료미징구-온라인-개인연금,R2_KR5153451009.pdf,1.2000,1.2700,"130,000","266,000","409,000","714,000","1,587,000",FILE1_PRIORITY_APPLIED,,스크린샷 2026-09-05 194614.png + 스크린샷 2026-09-05 194620.png,PDF명이 일치하여 파일1의 클래스명·계좌유형·채널·보수율·비용값을 그대로 우선 반영함,,,,,,,,
84,KR5153451009,C-P2,퇴직연금,오프라인,종류C-P2 수수료미징구-오프라인-퇴직연금,R2_KR5153451009.pdf,1.5700,1.6400,"168,000","344,000","528,000","922,000","2,049,000",FILE1_PRIORITY_APPLIED,,스크린샷 2026-09-05 194614.png + 스크린샷 2026-09-05 194620.png,PDF명이 일치하여 파일1의 클래스명·계좌유형·채널·보수율·비용값을 그대로 우선 반영함,,,,,,,,
84,KR5153451009,C-P2e,퇴직연금,온라인,종류C-P2e 수수료미징구-온라인-퇴직연금,R2_KR5153451009.pdf,1.1400,1.2100,"124,000","254,000","390,000","680,000","1,512,000",FILE1_PRIORITY_APPLIED,,스크린샷 2026-09-05 194614.png + 스크린샷 2026-09-05 194620.png,PDF명이 일치하여 파일1의 클래스명·계좌유형·채널·보수율·비용값을 그대로 우선 반영함,,,,,,,,
84,KR5153451009,C-F,퇴직연금/기관,직판,종류C-F 수수료미징구-직판-퇴직연금·펀드 등,R2_KR5153451009.pdf,0.7200,0.7700,"78,000","161,000","248,000","433,000","962,000",FILE1_PRIORITY_APPLIED,,스크린샷 2026-09-05 194614.png + 스크린샷 2026-09-05 194620.png,PDF명이 일치하여 파일1의 클래스명·계좌유형·채널·보수율·비용값을 그대로 우선 반영함,,,,,,,,
85,KR5153520012,C,일반,불명,수수료미징구형(C),R2_KR5153520012.pdf,0.3800,0.3900,"39,000","81,000","125,000","219,000","487,000",SOURCE_PARSED,,,일반 클래스: Cost Guard 연금 비교 대상 여부 별도 판단,,,,,,,,
85,KR5153520012,C-F,퇴직연금/IRP,직판,"종류C-F 수수료미징구-직 판-퇴직연금, 펀 드 등",R2_KR5153520012.pdf,0.1800,0.1900,"19,000","39,000","61,000","106,000","237,000",SOURCE_PARSED,,,,,,,,,,,
85,KR5153520012,C-P2E,퇴직연금/IRP,온라인,종류C-P2e 수수료미징구-온 라인-퇴직연금,R2_KR5153520012.pdf,0.2800,0.2900,"29,000","60,000","93,000","163,000","362,000",SOURCE_PARSED,,,,,,,,,,,
86,KR5156450026,A,일반,오프라인,수수료선취-오프라인형(A),R2_KR5156450026.pdf,1.4340,1.4370,"245,000","396,000","551,000","879,000","1,804,000",FILE1_PRIORITY_APPLIED,,스크린샷 2026-09-05 194636.png + 스크린샷 2026-09-05 194647.png,PDF명이 일치하여 파일1의 클래스명·계좌유형·채널·보수율·비용값을 그대로 우선 반영함,,,,,,,,
86,KR5156450026,Ae,일반,온라인,수수료선취-온라인형(Ae),R2_KR5156450026.pdf,1.0840,1.0870,"160,000","275,000","395,000","647,000","1,369,000",FILE1_PRIORITY_APPLIED,,스크린샷 2026-09-05 194636.png + 스크린샷 2026-09-05 194647.png,PDF명이 일치하여 파일1의 클래스명·계좌유형·채널·보수율·비용값을 그대로 우선 반영함,,,,,,,,
86,KR5156450026,A-G,일반,오프라인,수수료선취-오프라인-무권유저비용형(A-G),R2_KR5156450026.pdf,1.2240,1.2240,"194,000","323,000","457,000","739,000","1,542,000",FILE1_PRIORITY_APPLIED,,스크린샷 2026-09-05 194636.png + 스크린샷 2026-09-05 194647.png,PDF명이 일치하여 파일1의 클래스명·계좌유형·채널·보수율·비용값을 그대로 우선 반영함,,,,,,,,
86,KR5156450026,C1,일반,오프라인,수수료미징구-오프라인-보수체감형(C1),R2_KR5156450026.pdf,2.0340,2.0370,"208,000","400,000","578,000","905,000","1,828,000",FILE1_PRIORITY_APPLIED,,스크린샷 2026-09-05 194636.png + 스크린샷 2026-09-05 194647.png,PDF명이 일치하여 파일1의 클래스명·계좌유형·채널·보수율·비용값을 그대로 우선 반영함,,,,,,,,
86,KR5156450026,C2,일반,오프라인,수수료미징구-오프라인-보수체감형(C2),R2_KR5156450026.pdf,1.8340,1.8370,,,,,,FILE1_PRIORITY_APPLIED,,스크린샷 2026-09-05 194636.png + 스크린샷 2026-09-05 194647.png,PDF명이 일치하여 파일1의 클래스명·계좌유형·채널·보수율·비용값을 그대로 우선 반영함,,,,,,,,
86,KR5156450026,C3,일반,오프라인,수수료미징구-오프라인-보수체감형(C3),R2_KR5156450026.pdf,1.6340,1.6370,,,,,,FILE1_PRIORITY_APPLIED,,스크린샷 2026-09-05 194636.png + 스크린샷 2026-09-05 194647.png,PDF명이 일치하여 파일1의 클래스명·계좌유형·채널·보수율·비용값을 그대로 우선 반영함,,,,,,,,
86,KR5156450026,C4,일반,오프라인,수수료미징구-오프라인-보수체감형(C4),R2_KR5156450026.pdf,1.4340,1.4370,,,,,,FILE1_PRIORITY_APPLIED,,스크린샷 2026-09-05 194636.png + 스크린샷 2026-09-05 194647.png,PDF명이 일치하여 파일1의 클래스명·계좌유형·채널·보수율·비용값을 그대로 우선 반영함,,,,,,,,
86,KR5156450026,Ce,일반,온라인,수수료미징구-온라인형(Ce),R2_KR5156450026.pdf,1.2340,1.2370,"126,000","257,000","393,000","680,000","1,497,000",FILE1_PRIORITY_APPLIED,,스크린샷 2026-09-05 194636.png + 스크린샷 2026-09-05 194647.png,PDF명이 일치하여 파일1의 클래스명·계좌유형·채널·보수율·비용값을 그대로 우선 반영함,,,,,,,,
86,KR5156450026,C-G,일반,오프라인,수수료미징구-오프라인-무권유저비용형(C-G),R2_KR5156450026.pdf,1.4240,1.4240,"145,000","296,000","452,000","780,000","1,707,000",FILE1_PRIORITY_APPLIED,,스크린샷 2026-09-05 194636.png + 스크린샷 2026-09-05 194647.png,PDF명이 일치하여 파일1의 클래스명·계좌유형·채널·보수율·비용값을 그대로 우선 반영함,,,,,,,,
86,KR5156450026,C-W,랩,오프라인,수수료미징구-오프라인-랩형(C-W),R2_KR5156450026.pdf,0.7340,0.7360,"75,000","154,000","236,000","410,000","915,000",FILE1_PRIORITY_APPLIED,,스크린샷 2026-09-05 194636.png + 스크린샷 2026-09-05 194647.png,PDF명이 일치하여 파일1의 클래스명·계좌유형·채널·보수율·비용값을 그대로 우선 반영함,,,,,,,,
86,KR5156450026,C-P,개인연금,오프라인,수수료미징구-오프라인-개인연금형(C-P),R2_KR5156450026.pdf,1.6340,1.6370,"167,000","340,000","518,000","892,000","1,942,000",FILE1_PRIORITY_APPLIED,,스크린샷 2026-09-05 194636.png + 스크린샷 2026-09-05 194647.png,PDF명이 일치하여 파일1의 클래스명·계좌유형·채널·보수율·비용값을 그대로 우선 반영함,,,,,,,,
86,KR5156450026,C-Pe,개인연금,온라인,수수료미징구-온라인-개인연금형(C-Pe),R2_KR5156450026.pdf,1.1840,1.1870,"121,000","247,000","378,000","654,000","1,440,000",FILE1_PRIORITY_APPLIED,,스크린샷 2026-09-05 194636.png + 스크린샷 2026-09-05 194647.png,PDF명이 일치하여 파일1의 클래스명·계좌유형·채널·보수율·비용값을 그대로 우선 반영함,,,,,,,,
86,KR5156450026,C-P2,퇴직연금,오프라인,수수료미징구-오프라인-퇴직연금형(C-P2),R2_KR5156450026.pdf,1.3340,1.3370,"136,000","278,000","425,000","734,000","1,610,000",FILE1_PRIORITY_APPLIED,,스크린샷 2026-09-05 194636.png + 스크린샷 2026-09-05 194647.png,PDF명이 일치하여 파일1의 클래스명·계좌유형·채널·보수율·비용값을 그대로 우선 반영함,,,,,,,,
86,KR5156450026,C-P2e,퇴직연금,온라인,수수료미징구-온라인-퇴직연금형(C-P2e),R2_KR5156450026.pdf,1.0340,1.0370,"106,000","216,000","331,000","573,000","1,268,000",FILE1_PRIORITY_APPLIED,,스크린샷 2026-09-05 194636.png + 스크린샷 2026-09-05 194647.png,PDF명이 일치하여 파일1의 클래스명·계좌유형·채널·보수율·비용값을 그대로 우선 반영함,,,,,,,,
87,KR5157420003,A,일반,오프라인,수수료선취-오프라인(A),R2_KR5157420003.pdf,0.3100,0.3122,"52,000","85,000","121,000","196,000","422,000",FILE1_PRIORITY_APPLIED,,스크린샷 2026-09-05 194700.png + 스크린샷 2026-09-05 194719.png,PDF명이 일치하여 파일1의 클래스명·계좌유형·채널·보수율·비용값을 그대로 우선 반영함,,,,,,,,
87,KR5157420003,Ae,일반,온라인,수수료선취-온라인(Ae),R2_KR5157420003.pdf,0.2100,0.2123,"32,000","55,000","79,000","130,000","283,000",FILE1_PRIORITY_APPLIED,,스크린샷 2026-09-05 194700.png + 스크린샷 2026-09-05 194719.png,PDF명이 일치하여 파일1의 클래스명·계좌유형·채널·보수율·비용값을 그대로 우선 반영함,,,,,,,,
87,KR5157420003,C,일반,오프라인,수수료미징구-오프라인(C),R2_KR5157420003.pdf,0.4100,0.4124,"42,000","87,000","133,000","234,000","532,000",FILE1_PRIORITY_APPLIED,,스크린샷 2026-09-05 194700.png + 스크린샷 2026-09-05 194719.png,PDF명이 일치하여 파일1의 클래스명·계좌유형·채널·보수율·비용값을 그대로 우선 반영함,,,,,,,,
87,KR5157420003,Ce,일반,온라인,수수료미징구-온라인(Ce),R2_KR5157420003.pdf,0.2600,0.2623,"27,000","55,000","85,000","149,000","338,000",FILE1_PRIORITY_APPLIED,,스크린샷 2026-09-05 194700.png + 스크린샷 2026-09-05 194719.png,PDF명이 일치하여 파일1의 클래스명·계좌유형·채널·보수율·비용값을 그대로 우선 반영함,,,,,,,,
87,KR5157420003,C-P1,개인연금,오프라인,수수료미징구-오프라인-개인연금(C-P1),R2_KR5157420003.pdf,0.3600,0.3624,"37,000","76,000","117,000","205,000","467,000",FILE1_PRIORITY_APPLIED,,스크린샷 2026-09-05 194700.png + 스크린샷 2026-09-05 194719.png,PDF명이 일치하여 파일1의 클래스명·계좌유형·채널·보수율·비용값을 그대로 우선 반영함,,,,,,,,
87,KR5157420003,C-Pe1,개인연금,온라인,수수료미징구-온라인-개인연금(C-Pe1),R2_KR5157420003.pdf,0.2350,0.2373,"24,000","50,000","77,000","134,000","306,000",FILE1_PRIORITY_APPLIED,,스크린샷 2026-09-05 194700.png + 스크린샷 2026-09-05 194719.png,PDF명이 일치하여 파일1의 클래스명·계좌유형·채널·보수율·비용값을 그대로 우선 반영함,,,,,,,,
87,KR5157420003,C-P2,퇴직연금,오프라인,수수료미징구-오프라인-퇴직연금(C-P2),R2_KR5157420003.pdf,0.3500,0.3524,"36,000","74,000","114,000","200,000","454,000",FILE1_PRIORITY_APPLIED,,스크린샷 2026-09-05 194700.png + 스크린샷 2026-09-05 194719.png,PDF명이 일치하여 파일1의 클래스명·계좌유형·채널·보수율·비용값을 그대로 우선 반영함,,,,,,,,
87,KR5157420003,C-Pe2,퇴직연금,온라인,수수료미징구-온라인-퇴직연금(C-Pe2),R2_KR5157420003.pdf,0.2300,0.2324,"24,000","49,000","75,000","132,000","300,000",FILE1_PRIORITY_APPLIED,,스크린샷 2026-09-05 194700.png + 스크린샷 2026-09-05 194719.png,PDF명이 일치하여 파일1의 클래스명·계좌유형·채널·보수율·비용값을 그대로 우선 반영함,,,,,,,,
87,KR5157420003,C-F,기관,오프라인,수수료미징구-오프라인-기관(C-F),R2_KR5157420003.pdf,0.1300,0.1324,"14,000","28,000","43,000","75,000","171,000",FILE1_PRIORITY_APPLIED,,스크린샷 2026-09-05 194700.png + 스크린샷 2026-09-05 194719.png,PDF명이 일치하여 파일1의 클래스명·계좌유형·채널·보수율·비용값을 그대로 우선 반영함,,,,,,,,
87,KR5157420003,S,일반,온라인슈퍼,수수료후취-온라인슈퍼(S),R2_KR5157420003.pdf,0.2100,0.2100,"22,000","44,000","68,000","119,000","271,000",FILE1_PRIORITY_APPLIED,,스크린샷 2026-09-05 194700.png + 스크린샷 2026-09-05 194719.png,PDF명이 일치하여 파일1의 클래스명·계좌유형·채널·보수율·비용값을 그대로 우선 반영함,,,,,,,,
87,KR5157420003,S-P,개인연금,온라인슈퍼,수수료미징구-온라인슈퍼-개인연금(S-P),R2_KR5157420003.pdf,0.1850,0.1850,"19,000","39,000","60,000","105,000","239,000",FILE1_PRIORITY_APPLIED,,스크린샷 2026-09-05 194700.png + 스크린샷 2026-09-05 194719.png,PDF명이 일치하여 파일1의 클래스명·계좌유형·채널·보수율·비용값을 그대로 우선 반영함,,,,,,,,
87,KR5157420003,C-W,랩,오프라인,수수료미징구-오프라인-랩(C-W),R2_KR5157420003.pdf,0.1100,0.1100,"11,000","23,000","36,000","62,000","142,000",FILE1_PRIORITY_APPLIED,,스크린샷 2026-09-05 194700.png + 스크린샷 2026-09-05 194719.png,PDF명이 일치하여 파일1의 클래스명·계좌유형·채널·보수율·비용값을 그대로 우선 반영함,,,,,,,,
87,KR5157420003,A2,일반,오프라인,수수료선취-오프라인(A2),R2_KR5157420003.pdf,0.1600,0.1614,"56,000","74,000","92,000","131,000","247,000",FILE1_PRIORITY_APPLIED,,스크린샷 2026-09-05 194700.png + 스크린샷 2026-09-05 194719.png,PDF명이 일치하여 파일1의 클래스명·계좌유형·채널·보수율·비용값을 그대로 우선 반영함,,,,,,,,
87,KR5157420003,C-I,고액,오프라인,수수료미징구-오프라인-고액(C-I),R2_KR5157420003.pdf,0.1400,0.1400,"14,000","29,000","45,000","79,000","180,000",FILE1_PRIORITY_APPLIED,,스크린샷 2026-09-05 194700.png + 스크린샷 2026-09-05 194719.png,PDF명이 일치하여 파일1의 클래스명·계좌유형·채널·보수율·비용값을 그대로 우선 반영함,,,,,,,,
87,KR5157420003,C-I2,고액,오프라인,수수료미징구-오프라인-고액(C-I2),R2_KR5157420003.pdf,0.1300,0.1300,"13,000","27,000","42,000","74,000","168,000",FILE1_PRIORITY_APPLIED,,스크린샷 2026-09-05 194700.png + 스크린샷 2026-09-05 194719.png,PDF명이 일치하여 파일1의 클래스명·계좌유형·채널·보수율·비용값을 그대로 우선 반영함,,,,,,,,
88,KR5157450017,A1,일반,오프라인,수수료선취-오프라인(A1),R2_KR5157450017.pdf,1.6000,1.6020,"262,000","432,000","612,000","997,000","2,144,000",FILE1_PRIORITY_APPLIED,,스크린샷 2026-09-05 194735.png + 스크린샷 2026-09-05 194742.png,PDF명이 일치하여 파일1의 클래스명·계좌유형·채널·보수율·비용값을 그대로 우선 반영함,,,,,,,,
88,KR5157450017,Ae,일반,온라인,수수료선취-온라인(Ae),R2_KR5157450017.pdf,1.1500,1.1520,"167,000","291,000","420,000","699,000","1,527,000",FILE1_PRIORITY_APPLIED,,스크린샷 2026-09-05 194735.png + 스크린샷 2026-09-05 194742.png,PDF명이 일치하여 파일1의 클래스명·계좌유형·채널·보수율·비용값을 그대로 우선 반영함,,,,,,,,
88,KR5157450017,C1,일반,오프라인,수수료미징구-오프라인-보수체감(C1),R2_KR5157450017.pdf,2.2000,2.2020,"226,000","447,000","662,000","1,075,000","2,306,000",FILE1_PRIORITY_APPLIED,,스크린샷 2026-09-05 194735.png + 스크린샷 2026-09-05 194742.png,PDF명이 일치하여 파일1의 클래스명·계좌유형·채널·보수율·비용값을 그대로 우선 반영함,,,,,,,,
88,KR5157450017,C2,일반,오프라인,수수료미징구-오프라인-보수체감(C2),R2_KR5157450017.pdf,2.0500,2.0520,"226,000","447,000","662,000","1,075,000","2,306,000",FILE1_PRIORITY_APPLIED,,스크린샷 2026-09-05 194735.png + 스크린샷 2026-09-05 194742.png,PDF명이 일치하여 파일1의 클래스명·계좌유형·채널·보수율·비용값을 그대로 우선 반영함,,,,,,,,
88,KR5157450017,C3,일반,오프라인,수수료미징구-오프라인-보수체감(C3),R2_KR5157450017.pdf,1.9000,1.9020,"226,000","447,000","662,000","1,075,000","2,306,000",FILE1_PRIORITY_APPLIED,,스크린샷 2026-09-05 194735.png + 스크린샷 2026-09-05 194742.png,PDF명이 일치하여 파일1의 클래스명·계좌유형·채널·보수율·비용값을 그대로 우선 반영함,,,,,,,,
88,KR5157450017,C4,일반,오프라인,수수료미징구-오프라인-보수체감(C4),R2_KR5157450017.pdf,1.7000,1.7020,"226,000","447,000","662,000","1,075,000","2,306,000",FILE1_PRIORITY_APPLIED,,스크린샷 2026-09-05 194735.png + 스크린샷 2026-09-05 194742.png,PDF명이 일치하여 파일1의 클래스명·계좌유형·채널·보수율·비용값을 그대로 우선 반영함,,,,,,,,
88,KR5157450017,Ce,일반,온라인,수수료미징구-온라인(Ce),R2_KR5157450017.pdf,1.6000,1.6020,"164,000","337,000","518,000","907,000","2,065,000",FILE1_PRIORITY_APPLIED,,스크린샷 2026-09-05 194735.png + 스크린샷 2026-09-05 194742.png,PDF명이 일치하여 파일1의 클래스명·계좌유형·채널·보수율·비용값을 그대로 우선 반영함,,,,,,,,
88,KR5157450017,C-F,기관,오프라인,수수료미징구-오프라인-기관(C-F),R2_KR5157450017.pdf,0.7300,0.7320,"75,000","154,000","237,000","415,000","944,000",FILE1_PRIORITY_APPLIED,,스크린샷 2026-09-05 194735.png + 스크린샷 2026-09-05 194742.png,PDF명이 일치하여 파일1의 클래스명·계좌유형·채널·보수율·비용값을 그대로 우선 반영함,,,,,,,,
88,KR5157450017,C-W,랩,오프라인,수수료미징구-오프라인-랩(C-W),R2_KR5157450017.pdf,0.7000,0.7020,"72,000","147,000","227,000","397,000","905,000",FILE1_PRIORITY_APPLIED,,스크린샷 2026-09-05 194735.png + 스크린샷 2026-09-05 194742.png,PDF명이 일치하여 파일1의 클래스명·계좌유형·채널·보수율·비용값을 그대로 우선 반영함,,,,,,,,
88,KR5157450017,C-P1,개인연금,오프라인,수수료미징구-오프라인-개인연금(C-P1),R2_KR5157450017.pdf,1.5400,1.5420,"158,000","324,000","498,000","873,000","1,988,000",FILE1_PRIORITY_APPLIED,,스크린샷 2026-09-05 194735.png + 스크린샷 2026-09-05 194742.png,PDF명이 일치하여 파일1의 클래스명·계좌유형·채널·보수율·비용값을 그대로 우선 반영함,,,,,,,,
88,KR5157450017,C-Pe1,개인연금,온라인,수수료미징구-온라인-개인연금(C-Pe1),R2_KR5157450017.pdf,1.1200,1.1220,"115,000","236,000","363,000","636,000","1,447,000",FILE1_PRIORITY_APPLIED,,스크린샷 2026-09-05 194735.png + 스크린샷 2026-09-05 194742.png,PDF명이 일치하여 파일1의 클래스명·계좌유형·채널·보수율·비용값을 그대로 우선 반영함,,,,,,,,
88,KR5157450017,C-P2,퇴직연금,오프라인,수수료미징구-오프라인-퇴직연금(C-P2),R2_KR5157450017.pdf,1.3000,1.3020,"133,000","274,000","421,000","737,000","1,678,000",FILE1_PRIORITY_APPLIED,,스크린샷 2026-09-05 194735.png + 스크린샷 2026-09-05 194742.png,PDF명이 일치하여 파일1의 클래스명·계좌유형·채널·보수율·비용값을 그대로 우선 반영함,,,,,,,,
88,KR5157450017,C-Pe2,퇴직연금,온라인,수수료미징구-온라인-퇴직연금(C-Pe2),R2_KR5157450017.pdf,1.0000,1.0020,"103,000","211,000","324,000","568,000","1,292,000",FILE1_PRIORITY_APPLIED,,스크린샷 2026-09-05 194735.png + 스크린샷 2026-09-05 194742.png,PDF명이 일치하여 파일1의 클래스명·계좌유형·채널·보수율·비용값을 그대로 우선 반영함,,,,,,,,
88,KR5157450017,S,일반,온라인슈퍼,수수료후취-온라인슈퍼(S),R2_KR5157450017.pdf,1.0500,1.0520,"108,000","221,000","340,000","596,000","1,356,000",FILE1_PRIORITY_APPLIED,,스크린샷 2026-09-05 194735.png + 스크린샷 2026-09-05 194742.png,PDF명이 일치하여 파일1의 클래스명·계좌유형·채널·보수율·비용값을 그대로 우선 반영함,,,,,,,,
88,KR5157450017,S-P,개인연금,온라인슈퍼,수수료미징구-온라인슈퍼-개인연금(S-P),R2_KR5157450017.pdf,0.9500,0.9520,"98,000","200,000","308,000","539,000","1,227,000",FILE1_PRIORITY_APPLIED,,스크린샷 2026-09-05 194735.png + 스크린샷 2026-09-05 194742.png,PDF명이 일치하여 파일1의 클래스명·계좌유형·채널·보수율·비용값을 그대로 우선 반영함,,,,,,,,
88,KR5157450017,AG,일반,오프라인,수수료선취-오프라인-무권유저비용(AG),R2_KR5157450017.pdf,1.3300,1.3300,"205,000","347,000","496,000","818,000","1,772,000",FILE1_PRIORITY_APPLIED,,스크린샷 2026-09-05 194735.png + 스크린샷 2026-09-05 194742.png,PDF명이 일치하여 파일1의 클래스명·계좌유형·채널·보수율·비용값을 그대로 우선 반영함,,,,,,,,
88,KR5157450017,CG,일반,오프라인,수수료미징구-오프라인-무권유저비용(CG),R2_KR5157450017.pdf,1.6450,1.6450,"169,000","346,000","532,000","932,000","2,121,000",FILE1_PRIORITY_APPLIED,,스크린샷 2026-09-05 194735.png + 스크린샷 2026-09-05 194742.png,PDF명이 일치하여 파일1의 클래스명·계좌유형·채널·보수율·비용값을 그대로 우선 반영함,,,,,,,,
88,KR5157450017,C-P2I,퇴직연금/고액,오프라인,수수료미징구-오프라인-퇴직연금·고액(C-P2I),R2_KR5157450017.pdf,0.9700,0.9700,"99,000","204,000","313,000","549,000","1,251,000",FILE1_PRIORITY_APPLIED,,스크린샷 2026-09-05 194735.png + 스크린샷 2026-09-05 194742.png,PDF명이 일치하여 파일1의 클래스명·계좌유형·채널·보수율·비용값을 그대로 우선 반영함,,,,,,,,
88,KR5157450017,C-I,고액,오프라인,수수료미징구-오프라인-고액(C-I),R2_KR5157450017.pdf,0.7100,0.7100,"73,000","147,000","224,000","383,000","824,000",FILE1_PRIORITY_APPLIED,,스크린샷 2026-09-05 194735.png + 스크린샷 2026-09-05 194742.png,PDF명이 일치하여 파일1의 클래스명·계좌유형·채널·보수율·비용값을 그대로 우선 반영함,,,,,,,,
89,KR5157450090,A,일반,오프라인,수수료선취-오프라인(A),R2_KR5157450090.pdf,1.3100,1.3120,"232,000","372,000","519,000","835,000","1,773,000",FILE1_PRIORITY_APPLIED,,스크린샷 2026-09-05 194757.png + 스크린샷 2026-09-05 194821.png,PDF명이 일치하여 파일1의 클래스명·계좌유형·채널·보수율·비용값을 그대로 우선 반영함,,,,,,,,
89,KR5157450090,Ae,일반,온라인,수수료선취-온라인(Ae),R2_KR5157450090.pdf,0.9500,0.9520,"147,000","249,000","356,000","586,000","1,270,000",FILE1_PRIORITY_APPLIED,,스크린샷 2026-09-05 194757.png + 스크린샷 2026-09-05 194821.png,PDF명이 일치하여 파일1의 클래스명·계좌유형·채널·보수율·비용값을 그대로 우선 반영함,,,,,,,,
89,KR5157450090,C1,일반,오프라인,수수료미징구-오프라인-보수체감(C1),R2_KR5157450090.pdf,2.0900,2.0920,"214,000","407,000","564,000","830,000","1,619,000",FILE1_PRIORITY_APPLIED,,스크린샷 2026-09-05 194757.png + 스크린샷 2026-09-05 194821.png,PDF명이 일치하여 파일1의 클래스명·계좌유형·채널·보수율·비용값을 그대로 우선 반영함,,,,,,,,
89,KR5157450090,C2,일반,오프라인,수수료미징구-오프라인-보수체감(C2),R2_KR5157450090.pdf,1.7900,1.7920,"214,000","407,000","564,000","830,000","1,619,000",FILE1_PRIORITY_APPLIED,,스크린샷 2026-09-05 194757.png + 스크린샷 2026-09-05 194821.png,PDF명이 일치하여 파일1의 클래스명·계좌유형·채널·보수율·비용값을 그대로 우선 반영함,,,,,,,,
89,KR5157450090,C3,일반,오프라인,수수료미징구-오프라인-보수체감(C3),R2_KR5157450090.pdf,1.3900,1.3920,"214,000","407,000","564,000","830,000","1,619,000",FILE1_PRIORITY_APPLIED,,스크린샷 2026-09-05 194757.png + 스크린샷 2026-09-05 194821.png,PDF명이 일치하여 파일1의 클래스명·계좌유형·채널·보수율·비용값을 그대로 우선 반영함,,,,,,,,
89,KR5157450090,C4,일반,오프라인,수수료미징구-오프라인-보수체감(C4),R2_KR5157450090.pdf,1.0900,1.0920,"214,000","407,000","564,000","830,000","1,619,000",FILE1_PRIORITY_APPLIED,,스크린샷 2026-09-05 194757.png + 스크린샷 2026-09-05 194821.png,PDF명이 일치하여 파일1의 클래스명·계좌유형·채널·보수율·비용값을 그대로 우선 반영함,,,,,,,,
89,KR5157450090,Ce,일반,온라인,수수료미징구-온라인(Ce),R2_KR5157450090.pdf,1.0800,1.0820,"111,000","227,000","350,000","613,000","1,394,000",FILE1_PRIORITY_APPLIED,,스크린샷 2026-09-05 194757.png + 스크린샷 2026-09-05 194821.png,PDF명이 일치하여 파일1의 클래스명·계좌유형·채널·보수율·비용값을 그대로 우선 반영함,,,,,,,,
89,KR5157450090,C-F,기관,오프라인,수수료미징구-오프라인-기관(C-F),R2_KR5157450090.pdf,0.6200,0.6200,"64,000","130,000","200,000","351,000","799,000",FILE1_PRIORITY_APPLIED,,스크린샷 2026-09-05 194757.png + 스크린샷 2026-09-05 194821.png,PDF명이 일치하여 파일1의 클래스명·계좌유형·채널·보수율·비용값을 그대로 우선 반영함,,,,,,,,
89,KR5157450090,C-W,랩,오프라인,수수료미징구-오프라인-랩(C-W),R2_KR5157450090.pdf,0.5900,0.5920,"61,000","124,000","191,000","335,000","763,000",FILE1_PRIORITY_APPLIED,,스크린샷 2026-09-05 194757.png + 스크린샷 2026-09-05 194821.png,PDF명이 일치하여 파일1의 클래스명·계좌유형·채널·보수율·비용값을 그대로 우선 반영함,,,,,,,,
89,KR5157450090,C-P1,개인연금,오프라인,수수료미징구-오프라인-개인연금(C-P1),R2_KR5157450090.pdf,1.4300,1.4300,"147,000","300,000","462,000","810,000","1,844,000",FILE1_PRIORITY_APPLIED,,스크린샷 2026-09-05 194757.png + 스크린샷 2026-09-05 194821.png,PDF명이 일치하여 파일1의 클래스명·계좌유형·채널·보수율·비용값을 그대로 우선 반영함,,,,,,,,
89,KR5157450090,C-Pe1,개인연금,온라인,수수료미징구-온라인-개인연금(C-Pe1),R2_KR5157450090.pdf,1.0100,1.0120,"104,000","212,000","326,000","572,000","1,303,000",FILE1_PRIORITY_APPLIED,,스크린샷 2026-09-05 194757.png + 스크린샷 2026-09-05 194821.png,PDF명이 일치하여 파일1의 클래스명·계좌유형·채널·보수율·비용값을 그대로 우선 반영함,,,,,,,,
89,KR5157450090,C-P2,퇴직연금,오프라인,수수료미징구-오프라인-퇴직연금(C-P2),R2_KR5157450090.pdf,1.1900,1.1900,"122,000","250,000","385,000","674,000","1,534,000",FILE1_PRIORITY_APPLIED,,스크린샷 2026-09-05 194757.png + 스크린샷 2026-09-05 194821.png,PDF명이 일치하여 파일1의 클래스명·계좌유형·채널·보수율·비용값을 그대로 우선 반영함,,,,,,,,
89,KR5157450090,C-Pe2,퇴직연금,온라인,수수료미징구-온라인-퇴직연금(C-Pe2),R2_KR5157450090.pdf,0.8400,0.8420,"86,000","177,000","272,000","477,000","1,086,000",FILE1_PRIORITY_APPLIED,,스크린샷 2026-09-05 194757.png + 스크린샷 2026-09-05 194821.png,PDF명이 일치하여 파일1의 클래스명·계좌유형·채널·보수율·비용값을 그대로 우선 반영함,,,,,,,,
89,KR5157450090,S,일반,온라인슈퍼,수수료후취-온라인슈퍼(S),R2_KR5157450090.pdf,0.9400,0.9410,"96,000","198,000","304,000","533,000","1,213,000",FILE1_PRIORITY_APPLIED,,스크린샷 2026-09-05 194757.png + 스크린샷 2026-09-05 194821.png,PDF명이 일치하여 파일1의 클래스명·계좌유형·채널·보수율·비용값을 그대로 우선 반영함,,,,,,,,
89,KR5157450090,S-P,개인연금,온라인슈퍼,수수료미징구-온라인슈퍼-개인연금(S-P),R2_KR5157450090.pdf,0.8700,0.8700,"89,000","183,000","281,000","493,000","1,122,000",FILE1_PRIORITY_APPLIED,,스크린샷 2026-09-05 194757.png + 스크린샷 2026-09-05 194821.png,PDF명이 일치하여 파일1의 클래스명·계좌유형·채널·보수율·비용값을 그대로 우선 반영함,,,,,,,,
89,KR5157450090,S-R,퇴직연금,온라인슈퍼,수수료미징구-온라인슈퍼-퇴직연금(S-R),R2_KR5157450090.pdf,0.8300,0.8300,"85,000","174,000","268,000","470,000","1,070,000",FILE1_PRIORITY_APPLIED,,스크린샷 2026-09-05 194757.png + 스크린샷 2026-09-05 194821.png,PDF명이 일치하여 파일1의 클래스명·계좌유형·채널·보수율·비용값을 그대로 우선 반영함,,,,,,,,
89,KR5157450090,AG,일반,오프라인,수수료선취-오프라인-무권유저비용(AG),R2_KR5157450090.pdf,1.0940,1.0940,"181,000","298,000","421,000","685,000","1,470,000",FILE1_PRIORITY_APPLIED,,스크린샷 2026-09-05 194757.png + 스크린샷 2026-09-05 194821.png,PDF명이 일치하여 파일1의 클래스명·계좌유형·채널·보수율·비용값을 그대로 우선 반영함,,,,,,,,
89,KR5157450090,CG,일반,오프라인,수수료미징구-오프라인-무권유저비용(CG),R2_KR5157450090.pdf,1.2900,1.2900,"132,000","271,000","417,000","731,000","1,663,000",FILE1_PRIORITY_APPLIED,,스크린샷 2026-09-05 194757.png + 스크린샷 2026-09-05 194821.png,PDF명이 일치하여 파일1의 클래스명·계좌유형·채널·보수율·비용값을 그대로 우선 반영함,,,,,,,,
90,KR5160420009,C,일반,오프라인,수수료미징구-오프라인(C),R2_KR5160420009.pdf,0.4200,0.4224,"42,000","87,000","133,000","233,000","531,000",FILE1_PRIORITY_APPLIED,,스크린샷 2026-09-05 194839.png + 스크린샷 2026-09-05 194850.png,PDF명이 일치하여 파일1의 클래스명·계좌유형·채널·보수율·비용값을 그대로 우선 반영함,,,,,,,,
90,KR5160420009,C-E,일반,온라인,수수료미징구-온라인(C-E),R2_KR5160420009.pdf,0.2700,0.2724,"27,000","56,000","86,000","151,000","343,000",FILE1_PRIORITY_APPLIED,,스크린샷 2026-09-05 194839.png + 스크린샷 2026-09-05 194850.png,PDF명이 일치하여 파일1의 클래스명·계좌유형·채널·보수율·비용값을 그대로 우선 반영함,,,,,,,,
90,KR5160420009,C-G,일반,오프라인,수수료미징구-오프라인-무권유저비용(C-G),R2_KR5160420009.pdf,0.3450,0.3450,"35,000","71,000","109,000","191,000","434,000",FILE1_PRIORITY_APPLIED,,스크린샷 2026-09-05 194839.png + 스크린샷 2026-09-05 194850.png,PDF명이 일치하여 파일1의 클래스명·계좌유형·채널·보수율·비용값을 그대로 우선 반영함,,,,,,,,
90,KR5160420009,C-F,기관,오프라인,수수료미징구-오프라인-기관(C-F),R2_KR5160420009.pdf,0.1700,0.1724,"17,000","35,000","54,000","95,000","217,000",FILE1_PRIORITY_APPLIED,,스크린샷 2026-09-05 194839.png + 스크린샷 2026-09-05 194850.png,PDF명이 일치하여 파일1의 클래스명·계좌유형·채널·보수율·비용값을 그대로 우선 반영함,,,,,,,,
90,KR5160420009,C-P2,퇴직연금,오프라인,수수료미징구-오프라인-퇴직연금(C-P2),R2_KR5160420009.pdf,0.3200,0.3224,"32,000","66,000","102,000","178,000","406,000",FILE1_PRIORITY_APPLIED,,스크린샷 2026-09-05 194839.png + 스크린샷 2026-09-05 194850.png,PDF명이 일치하여 파일1의 클래스명·계좌유형·채널·보수율·비용값을 그대로 우선 반영함,,,,,,,,
90,KR5160420009,C-P2e,퇴직연금,온라인,수수료미징구-온라인-퇴직연금(C-P2e),R2_KR5160420009.pdf,0.2200,0.2224,"22,000","46,000","70,000","123,000","280,000",FILE1_PRIORITY_APPLIED,,스크린샷 2026-09-05 194839.png + 스크린샷 2026-09-05 194850.png,PDF명이 일치하여 파일1의 클래스명·계좌유형·채널·보수율·비용값을 그대로 우선 반영함,,,,,,,,
90,KR5160420009,C-W,랩,오프라인,수수료미징구-오프라인-랩(C-W),R2_KR5160420009.pdf,0.1200,0.1222,"12,000","25,000","39,000","68,000","154,000",FILE1_PRIORITY_APPLIED,,스크린샷 2026-09-05 194839.png + 스크린샷 2026-09-05 194850.png,PDF명이 일치하여 파일1의 클래스명·계좌유형·채널·보수율·비용값을 그대로 우선 반영함,,,,,,,,
90,KR5160420009,C-P,개인연금,오프라인,수수료미징구-오프라인-개인연금(C-P),R2_KR5160420009.pdf,0.3300,0.3323,"33,000","68,000","105,000","184,000","418,000",FILE1_PRIORITY_APPLIED,,스크린샷 2026-09-05 194839.png + 스크린샷 2026-09-05 194850.png,PDF명이 일치하여 파일1의 클래스명·계좌유형·채널·보수율·비용값을 그대로 우선 반영함,,,,,,,,
90,KR5160420009,C-Pe,개인연금,온라인,수수료미징구-온라인-개인연금(C-Pe),R2_KR5160420009.pdf,0.2250,0.2274,"23,000","47,000","72,000","126,000","286,000",FILE1_PRIORITY_APPLIED,,스크린샷 2026-09-05 194839.png + 스크린샷 2026-09-05 194850.png,PDF명이 일치하여 파일1의 클래스명·계좌유형·채널·보수율·비용값을 그대로 우선 반영함,,,,,,,,
90,KR5160420009,S,일반,온라인슈퍼,수수료후취-온라인슈퍼(S),R2_KR5160420009.pdf,0.2200,0.2224,"22,000","46,000","70,000","123,000","280,000",FILE1_PRIORITY_APPLIED,,스크린샷 2026-09-05 194839.png + 스크린샷 2026-09-05 194850.png,PDF명이 일치하여 파일1의 클래스명·계좌유형·채널·보수율·비용값을 그대로 우선 반영함,,,,,,,,
90,KR5160420009,S-P,개인연금,온라인슈퍼,수수료미징구-온라인슈퍼-개인연금(S-P),R2_KR5160420009.pdf,0.1800,0.1823,"18,000","37,000","57,000","101,000","229,000",FILE1_PRIORITY_APPLIED,,스크린샷 2026-09-05 194839.png + 스크린샷 2026-09-05 194850.png,PDF명이 일치하여 파일1의 클래스명·계좌유형·채널·보수율·비용값을 그대로 우선 반영함,,,,,,,,
90,KR5160420009,A,일반,오프라인,수수료선취-오프라인(A),R2_KR5160420009.pdf,0.2200,0.1355,"33,000","57,000","81,000","132,000","274,000",FILE1_PRIORITY_APPLIED,,스크린샷 2026-09-05 194839.png + 스크린샷 2026-09-05 194850.png,PDF명이 일치하여 파일1의 클래스명·계좌유형·채널·보수율·비용값을 그대로 우선 반영함,,,,,,,,
90,KR5160420009,A-E,일반,온라인,수수료선취-온라인(A-E),R2_KR5160420009.pdf,0.1700,0.1723,"22,000","40,000","59,000","100,000","222,000",FILE1_PRIORITY_APPLIED,,스크린샷 2026-09-05 194839.png + 스크린샷 2026-09-05 194850.png,PDF명이 일치하여 파일1의 클래스명·계좌유형·채널·보수율·비용값을 그대로 우선 반영함,,,,,,,,
90,KR5160420009,C-I,고액,오프라인,수수료미징구-오프라인-고액(C-I),R2_KR5160420009.pdf,0.1750,0.1775,"18,000","36,000","56,000","98,000","223,000",FILE1_PRIORITY_APPLIED,,스크린샷 2026-09-05 194839.png + 스크린샷 2026-09-05 194850.png,PDF명이 일치하여 파일1의 클래스명·계좌유형·채널·보수율·비용값을 그대로 우선 반영함,,,,,,,,
91,KR516702010M,C,일반,오프라인,수수료미징구-오프라인(C),R2_KR516702010M.pdf,1.5300,1.5347,"157,000","320,000","488,000","842,000","1,839,000",SOURCE_PARSED_NEEDS_REVIEW,,,기간별 비용표에 서로 다른 값 2종 존재; 일반 클래스: Cost Guard 연금 비교 대상 여부 별도 판단,,,,,,,,
91,KR516702010M,CE,일반,온라인,수수료미징구-온라인(Ce),R2_KR516702010M.pdf,1.0500,1.0546,"108,000","220,000","337,000","585,000","1,293,000",SOURCE_PARSED_NEEDS_REVIEW,,,기간별 비용표에 서로 다른 값 2종 존재; 일반 클래스: Cost Guard 연금 비교 대상 여부 별도 판단,,,,,,,,
91,KR516702010M,S-P,일반,온라인,수수료미징구- 온라인(S-P),R2_KR516702010M.pdf,0.8600,0.8645,"89,000","181,000","277,000","481,000","1,070,000",SOURCE_PARSED_NEEDS_REVIEW,,,기간별 비용표에 서로 다른 값 2종 존재; 일반 클래스: Cost Guard 연금 비교 대상 여부 별도 판단,,,,,,,,
92,KR5169950018,A,일반,오프라인,수수료선취-오프라인(A),R2_KR5169950018.pdf,1.4550,1.4570,"246,000","398,000","556,000","888,000","1,831,000",FILE1_PRIORITY_APPLIED,,스크린샷 2026-09-05 194907.png + 스크린샷 2026-09-05 194915.png,PDF명이 일치하여 파일1의 클래스명·계좌유형·채널·보수율·비용값을 그대로 우선 반영함,,,,,,,,
92,KR5169950018,A-e,일반,온라인,수수료선취-온라인(A-e),R2_KR5169950018.pdf,1.1550,1.1570,"167,000","289,000","416,000","684,000","1,453,000",FILE1_PRIORITY_APPLIED,,스크린샷 2026-09-05 194907.png + 스크린샷 2026-09-05 194915.png,PDF명이 일치하여 파일1의 클래스명·계좌유형·채널·보수율·비용값을 그대로 우선 반영함,,,,,,,,
92,KR5169950018,AG,일반,오프라인,수수료선취-오프라인-무권유저비용(AG),R2_KR5169950018.pdf,1.2750,1.2750,"199,000","332,000","471,000","765,000","1,604,000",FILE1_PRIORITY_APPLIED,,스크린샷 2026-09-05 194907.png + 스크린샷 2026-09-05 194915.png,PDF명이 일치하여 파일1의 클래스명·계좌유형·채널·보수율·비용값을 그대로 우선 반영함,,,,,,,,
92,KR5169950018,C,일반,오프라인,수수료미징구-오프라인(C),R2_KR5169950018.pdf,1.8050,1.8050,"183,000","373,000","568,000","979,000","2,127,000",FILE1_PRIORITY_APPLIED,,스크린샷 2026-09-05 194907.png + 스크린샷 2026-09-05 194915.png,PDF명이 일치하여 파일1의 클래스명·계좌유형·채널·보수율·비용값을 그대로 우선 반영함,,,,,,,,
92,KR5169950018,C-e,일반,온라인,수수료미징구-온라인(C-e),R2_KR5169950018.pdf,1.3250,1.3270,"135,000","275,000","421,000","728,000","1,604,000",FILE1_PRIORITY_APPLIED,,스크린샷 2026-09-05 194907.png + 스크린샷 2026-09-05 194915.png,PDF명이 일치하여 파일1의 클래스명·계좌유형·채널·보수율·비용값을 그대로 우선 반영함,,,,,,,,
92,KR5169950018,CG,일반,오프라인,수수료미징구-오프라인-무권유저비용(CG),R2_KR5169950018.pdf,1.5150,1.5150,"154,000","314,000","479,000","828,000","1,813,000",FILE1_PRIORITY_APPLIED,,스크린샷 2026-09-05 194907.png + 스크린샷 2026-09-05 194915.png,PDF명이 일치하여 파일1의 클래스명·계좌유형·채널·보수율·비용값을 그대로 우선 반영함,,,,,,,,
92,KR5169950018,C-I,기관,오프라인,수수료미징구-오프라인-기관(C-I),R2_KR5169950018.pdf,0.8850,0.8870,"91,000","185,000","283,000","493,000","1,098,000",FILE1_PRIORITY_APPLIED,,스크린샷 2026-09-05 194907.png + 스크린샷 2026-09-05 194915.png,PDF명이 일치하여 파일1의 클래스명·계좌유형·채널·보수율·비용값을 그대로 우선 반영함,,,,,,,,
92,KR5169950018,S,일반,온라인슈퍼,수수료후취-온라인슈퍼(S),R2_KR5169950018.pdf,1.1450,1.1470,"117,000","238,000","365,000","632,000","1,399,000",FILE1_PRIORITY_APPLIED,,스크린샷 2026-09-05 194907.png + 스크린샷 2026-09-05 194915.png,PDF명이 일치하여 파일1의 클래스명·계좌유형·채널·보수율·비용값을 그대로 우선 반영함,,,,,,,,
92,KR5169950018,C-s,일반,온라인,수수료미징구-온라인(C-s),R2_KR5169950018.pdf,0.8650,0.8670,"89,000","181,000","277,000","482,000","1,074,000",FILE1_PRIORITY_APPLIED,,스크린샷 2026-09-05 194907.png + 스크린샷 2026-09-05 194915.png,PDF명이 일치하여 파일1의 클래스명·계좌유형·채널·보수율·비용값을 그대로 우선 반영함,,,,,,,,
92,KR5169950018,C-w,랩,오프라인,수수료미징구-오프라인-랩(C-w),R2_KR5169950018.pdf,0.8550,0.8550,"87,000","178,000","273,000","475,000","1,060,000",FILE1_PRIORITY_APPLIED,,스크린샷 2026-09-05 194907.png + 스크린샷 2026-09-05 194915.png,PDF명이 일치하여 파일1의 클래스명·계좌유형·채널·보수율·비용값을 그대로 우선 반영함,,,,,,,,
92,KR5169950018,C-P,개인연금,오프라인,수수료미징구-오프라인-개인연금(C-P),R2_KR5169950018.pdf,1.6550,1.6550,"168,000","342,000","522,000","901,000","1,966,000",FILE1_PRIORITY_APPLIED,,스크린샷 2026-09-05 194907.png + 스크린샷 2026-09-05 194915.png,PDF명이 일치하여 파일1의 클래스명·계좌유형·채널·보수율·비용값을 그대로 우선 반영함,,,,,,,,
92,KR5169950018,C-Pe,개인연금,온라인,수수료미징구-온라인-개인연금(C-Pe),R2_KR5169950018.pdf,1.2550,1.2570,"128,000","261,000","399,000","691,000","1,524,000",FILE1_PRIORITY_APPLIED,,스크린샷 2026-09-05 194907.png + 스크린샷 2026-09-05 194915.png,PDF명이 일치하여 파일1의 클래스명·계좌유형·채널·보수율·비용값을 그대로 우선 반영함,,,,,,,,
92,KR5169950018,S-P,개인연금,온라인슈퍼,수수료미징구-온라인슈퍼-개인연금(S-P),R2_KR5169950018.pdf,1.1250,1.1250,"115,000","234,000","358,000","621,000","1,374,000",FILE1_PRIORITY_APPLIED,,스크린샷 2026-09-05 194907.png + 스크린샷 2026-09-05 194915.png,PDF명이 일치하여 파일1의 클래스명·계좌유형·채널·보수율·비용값을 그대로 우선 반영함,,,,,,,,
92,KR5169950018,C-P2,퇴직연금,오프라인,수수료미징구-오프라인-퇴직연금(C-P2),R2_KR5169950018.pdf,1.5550,1.5560,"158,000","322,000","492,000","849,000","1,858,000",FILE1_PRIORITY_APPLIED,,스크린샷 2026-09-05 194907.png + 스크린샷 2026-09-05 194915.png,PDF명이 일치하여 파일1의 클래스명·계좌유형·채널·보수율·비용값을 그대로 우선 반영함,,,,,,,,
92,KR5169950018,C-P2e,퇴직연금,온라인,수수료미징구-온라인-퇴직연금(C-P2e),R2_KR5169950018.pdf,1.2050,1.2070,"123,000","251,000","384,000","665,000","1,468,000",FILE1_PRIORITY_APPLIED,,스크린샷 2026-09-05 194907.png + 스크린샷 2026-09-05 194915.png,PDF명이 일치하여 파일1의 클래스명·계좌유형·채널·보수율·비용값을 그대로 우선 반영함,,,,,,,,
92,KR5169950018,S-P2,퇴직연금,온라인슈퍼,수수료미징구-온라인슈퍼-퇴직연금(S-P2),R2_KR5169950018.pdf,1.0850,1.0850,"111,000","226,000","345,000","599,000","1,328,000",FILE1_PRIORITY_APPLIED,,스크린샷 2026-09-05 194907.png + 스크린샷 2026-09-05 194915.png,PDF명이 일치하여 파일1의 클래스명·계좌유형·채널·보수율·비용값을 그대로 우선 반영함,,,,,,,,
93,KR5172450019,A,일반,오프라인,수수료선취-오프라인(A),R2_KR5172450019.pdf,1.6970,1.6980,"277,000","459,000","647,000","1,041,000","2,144,000",FILE1_PRIORITY_APPLIED,,스크린샷 2026-09-05 194946.png + 스크린샷 2026-09-05 194955.png,PDF명이 일치하여 파일1의 클래스명·계좌유형·채널·보수율·비용값을 그대로 우선 반영함,,,,,,,,
93,KR5172450019,Ae,일반,온라인,수수료선취-온라인(Ae),R2_KR5172450019.pdf,1.2470,1.2480,"180,000","316,000","456,000","752,000","1,593,000",FILE1_PRIORITY_APPLIED,,스크린샷 2026-09-05 194946.png + 스크린샷 2026-09-05 194955.png,PDF명이 일치하여 파일1의 클래스명·계좌유형·채널·보수율·비용값을 그대로 우선 반영함,,,,,,,,
93,KR5172450019,C1,일반,오프라인,수수료미징구-오프라인-보수체감(C1),R2_KR5172450019.pdf,2.2970,2.2980,,,,,,FILE1_PRIORITY_APPLIED,,스크린샷 2026-09-05 194946.png + 스크린샷 2026-09-05 194955.png,PDF명이 일치하여 파일1의 클래스명·계좌유형·채널·보수율·비용값을 그대로 우선 반영함,,,,,,,,
93,KR5172450019,C2,일반,오프라인,수수료미징구-오프라인-보수체감(C2),R2_KR5172450019.pdf,2.1470,2.1480,,,,,,FILE1_PRIORITY_APPLIED,,스크린샷 2026-09-05 194946.png + 스크린샷 2026-09-05 194955.png,PDF명이 일치하여 파일1의 클래스명·계좌유형·채널·보수율·비용값을 그대로 우선 반영함,,,,,,,,
93,KR5172450019,C3,일반,오프라인,수수료미징구-오프라인-보수체감(C3),R2_KR5172450019.pdf,2.0170,2.0180,,,,,,FILE1_PRIORITY_APPLIED,,스크린샷 2026-09-05 194946.png + 스크린샷 2026-09-05 194955.png,PDF명이 일치하여 파일1의 클래스명·계좌유형·채널·보수율·비용값을 그대로 우선 반영함,,,,,,,,
93,KR5172450019,C4,일반,오프라인,수수료미징구-오프라인-보수체감(C4),R2_KR5172450019.pdf,1.8970,1.8980,,,,,,FILE1_PRIORITY_APPLIED,,스크린샷 2026-09-05 194946.png + 스크린샷 2026-09-05 194955.png,PDF명이 일치하여 파일1의 클래스명·계좌유형·채널·보수율·비용값을 그대로 우선 반영함,,,,,,,,
93,KR5172450019,C5,일반,오프라인,수수료미징구-오프라인-보수체감(C5),R2_KR5172450019.pdf,1.7970,1.7980,,,,,,FILE1_PRIORITY_APPLIED,,스크린샷 2026-09-05 194946.png + 스크린샷 2026-09-05 194955.png,PDF명이 일치하여 파일1의 클래스명·계좌유형·채널·보수율·비용값을 그대로 우선 반영함,,,,,,,,
93,KR5172450019,Ce,일반,온라인,수수료미징구-온라인(Ce),R2_KR5172450019.pdf,1.7970,1.7980,"189,000","383,000","584,000","1,005,000","2,175,000",FILE1_PRIORITY_APPLIED,,스크린샷 2026-09-05 194946.png + 스크린샷 2026-09-05 194955.png,PDF명이 일치하여 파일1의 클래스명·계좌유형·채널·보수율·비용값을 그대로 우선 반영함,,,,,,,,
93,KR5172450019,W,랩,오프라인,수수료미징구-오프라인-랩(W),R2_KR5172450019.pdf,0.7970,0.7980,"84,000","171,000","262,000","455,000","1,014,000",FILE1_PRIORITY_APPLIED,,스크린샷 2026-09-05 194946.png + 스크린샷 2026-09-05 194955.png,PDF명이 일치하여 파일1의 클래스명·계좌유형·채널·보수율·비용값을 그대로 우선 반영함,,,,,,,,
93,KR5172450019,I,고액,오프라인,수수료미징구-오프라인-고액(I),R2_KR5172450019.pdf,0.8270,0.8280,"87,000","177,000","271,000","472,000","1,049,000",FILE1_PRIORITY_APPLIED,,스크린샷 2026-09-05 194946.png + 스크린샷 2026-09-05 194955.png,PDF명이 일치하여 파일1의 클래스명·계좌유형·채널·보수율·비용값을 그대로 우선 반영함,,,,,,,,
93,KR5172450019,S,일반,온라인슈퍼,수수료후취-온라인슈퍼(S),R2_KR5172450019.pdf,1.1470,1.1480,"121,000","246,000","376,000","650,000","1,434,000",FILE1_PRIORITY_APPLIED,,스크린샷 2026-09-05 194946.png + 스크린샷 2026-09-05 194955.png,PDF명이 일치하여 파일1의 클래스명·계좌유형·채널·보수율·비용값을 그대로 우선 반영함,,,,,,,,
93,KR5172450019,CG,일반,오프라인,수수료미징구-오프라인-무권유저비용(CG),R2_KR5172450019.pdf,1.7770,1.7780,"187,000","379,000","578,000","994,000","2,153,000",FILE1_PRIORITY_APPLIED,,스크린샷 2026-09-05 194946.png + 스크린샷 2026-09-05 194955.png,PDF명이 일치하여 파일1의 클래스명·계좌유형·채널·보수율·비용값을 그대로 우선 반영함,,,,,,,,
93,KR5172450019,Cp,개인연금,오프라인,수수료미징구-오프라인-개인연금(Cp),R2_KR5172450019.pdf,1.5170,1.5180,"159,000","324,000","495,000","853,000","1,862,000",FILE1_PRIORITY_APPLIED,,스크린샷 2026-09-05 194946.png + 스크린샷 2026-09-05 194955.png,PDF명이 일치하여 파일1의 클래스명·계좌유형·채널·보수율·비용값을 그대로 우선 반영함,,,,,,,,
93,KR5172450019,Cp-E,개인연금,온라인,수수료미징구-온라인-개인연금(Cp-E),R2_KR5172450019.pdf,1.1570,1.1580,"122,000","248,000","379,000","656,000","1,445,000",FILE1_PRIORITY_APPLIED,,스크린샷 2026-09-05 194946.png + 스크린샷 2026-09-05 194955.png,PDF명이 일치하여 파일1의 클래스명·계좌유형·채널·보수율·비용값을 그대로 우선 반영함,,,,,,,,
93,KR5172450019,S-P,개인연금,온라인슈퍼,수수료미징구-온라인슈퍼-개인연금(S-P),R2_KR5172450019.pdf,1.0770,1.0780,"113,000","231,000","353,000","611,000","1,351,000",FILE1_PRIORITY_APPLIED,,스크린샷 2026-09-05 194946.png + 스크린샷 2026-09-05 194955.png,PDF명이 일치하여 파일1의 클래스명·계좌유형·채널·보수율·비용값을 그대로 우선 반영함,,,,,,,,
93,KR5172450019,Cp2,퇴직연금,오프라인,수수료미징구-오프라인-퇴직연금(Cp2),R2_KR5172450019.pdf,1.6470,1.6480,"173,000","352,000","536,000","924,000","2,009,000",FILE1_PRIORITY_APPLIED,,스크린샷 2026-09-05 194946.png + 스크린샷 2026-09-05 194955.png,PDF명이 일치하여 파일1의 클래스명·계좌유형·채널·보수율·비용값을 그대로 우선 반영함,,,,,,,,
93,KR5172450019,Cp2-F,퇴직연금/기관,오프라인,수수료미징구-오프라인-퇴직연금-기관(Cp2-F),R2_KR5172450019.pdf,0.8220,0.8230,"86,000","176,000","270,000","469,000","1,044,000",FILE1_PRIORITY_APPLIED,,스크린샷 2026-09-05 194946.png + 스크린샷 2026-09-05 194955.png,PDF명이 일치하여 파일1의 클래스명·계좌유형·채널·보수율·비용값을 그대로 우선 반영함,,,,,,,,
93,KR5172450019,Cp2-E,퇴직연금,온라인,수수료미징구-온라인-퇴직연금(Cp2-E),R2_KR5172450019.pdf,1.2220,1.2230,"128,000","262,000","400,000","692,000","1,522,000",FILE1_PRIORITY_APPLIED,,스크린샷 2026-09-05 194946.png + 스크린샷 2026-09-05 194955.png,PDF명이 일치하여 파일1의 클래스명·계좌유형·채널·보수율·비용값을 그대로 우선 반영함,,,,,,,,
94,KR5174420011,C,일반,오프라인,수수료미징구-오프라인형(C),R2_KR5174420011.pdf,0.5380,0.5406,"55,000","113,000","174,000","303,000","679,000",SOURCE_PARSED_NEEDS_REVIEW,,,기간별 비용표에 서로 다른 값 3종 존재; 일반 클래스: Cost Guard 연금 비교 대상 여부 별도 판단,,,,,,,,
94,KR5174420011,C-E,연금저축,온라인,수수료 미징구 온라인 개인연 금(C-E),R2_KR5174420011.pdf,0.3580,0.0022,"37,000","76,000","116,000","202,000","456,000",SOURCE_PARSED_NEEDS_REVIEW,,,기간별 비용표에 서로 다른 값 2종 존재,,,,,,,,
94,KR5174420011,S-P,연금저축,온라인슈퍼,수수료 미징구 온라인 슈퍼 개인연 금(S-P),R2_KR5174420011.pdf,0.3380,0.0024,"35,000","71,000","110,000","191,000","432,000",SOURCE_PARSED_NEEDS_REVIEW,,,기간별 비용표에 서로 다른 값 2종 존재,,,,,,,,
95,KR518101002M,C,일반,불명,수수료미징구형(C),R2_KR518101002M.pdf,0.3800,0.3900,"39,000","81,000","125,000","219,000","487,000",SOURCE_PARSED,,,일반 클래스: Cost Guard 연금 비교 대상 여부 별도 판단,,,,,,,,
95,KR518101002M,C-F,퇴직연금/IRP,직판,"종류C-F 수수료미징구-직 판-퇴직연금, 펀 드 등",R2_KR518101002M.pdf,0.1800,0.1800,"18,000","37,000","58,000","101,000","224,000",SOURCE_PARSED,,,,,,,,,,,
95,KR518101002M,C-P2E,퇴직연금/IRP,온라인,종류C-P2e 수수료미징구-온 라인-퇴직연금,R2_KR518101002M.pdf,0.2800,0.2800,"28,000","58,000","90,000","157,000","349,000",SOURCE_PARSED,,,,,,,,,,,
95,KR518101002M,C-P2I,퇴직연금/IRP,오프라인,"종류C-P2I 수수료미징구-오 프라인-퇴직연금, 고액",R2_KR518101002M.pdf,0.2300,0.2300,"23,000","48,000","74,000","129,000","287,000",SOURCE_PARSED,,,,,,,,,,,
96,KR518101012M,C,퇴직연금/IRP,오프라인,수수료미징구-오프라인-퇴직연금 (C),R2_KR518101012M.pdf,0.5400,0.5427,"56,000","114,000","174,000","304,000","682,000",SOURCE_PARSED_NEEDS_REVIEW,,,기간별 비용표에 서로 다른 값 2종 존재,,,,,,,,
96,KR518101012M,C-E,퇴직연금/IRP,온라인,수수료미징구-온라인-퇴직연금 (C-e),R2_KR518101012M.pdf,0.3430,0.3457,"36,000","74,000","114,000","199,000","449,000",SOURCE_PARSED,,,,,,,,,,,
97,KR518102001M,C,개인연금,오프라인,수수료미징구 오프라인 개인연금(C),R2_KR518102001M.pdf,0.5380,0.5406,"55,000","113,000","174,000","303,000","679,000",FILE1_PRIORITY_APPLIED,,스크린샷 2026-09-05 195005.png + 스크린샷 2026-09-05 195012.png,PDF명이 일치하여 파일1의 클래스명·계좌유형·채널·보수율·비용값을 그대로 우선 반영함,,,,,,,,
97,KR518102001M,S-P,개인연금,온라인슈퍼,수수료미징구 온라인슈퍼 개인연금(S-P),R2_KR518102001M.pdf,0.3380,0.3404,"35,000","71,000","110,000","191,000","432,000",FILE1_PRIORITY_APPLIED,,스크린샷 2026-09-05 195005.png + 스크린샷 2026-09-05 195012.png,PDF명이 일치하여 파일1의 클래스명·계좌유형·채널·보수율·비용값을 그대로 우선 반영함,,,,,,,,
97,KR518102001M,C-E,개인연금,온라인,수수료미징구 온라인 개인연금(C-E),R2_KR518102001M.pdf,0.3580,0.3602,"37,000","76,000","116,000","202,000","456,000",FILE1_PRIORITY_APPLIED,,스크린샷 2026-09-05 195005.png + 스크린샷 2026-09-05 195012.png,PDF명이 일치하여 파일1의 클래스명·계좌유형·채널·보수율·비용값을 그대로 우선 반영함,,,,,,,,
97,KR518102001M,A1,일반,오프라인,수수료선취-오프라인(A1),R2_KR518102001M.pdf,1.7300,1.7367,"275,000","460,000","655,000","1,073,000","2,316,000",FILE1_PRIORITY_APPLIED,,스크린샷 2026-09-05 195031.png + 스크린샷 2026-09-05 195038.png,PDF명이 일치하여 파일1의 클래스명·계좌유형·채널·보수율·비용값을 그대로 우선 반영함,,,,,,,,
98,KR5185450009,C1,일반,오프라인,수수료미징구-오프라인-보수체감(C1),R2_KR5185450009.pdf,2.2500,2.2548,"231,000","458,000","655,000","1,056,000","2,246,000",FILE1_PRIORITY_APPLIED,,스크린샷 2026-09-05 195031.png + 스크린샷 2026-09-05 195038.png,PDF명이 일치하여 파일1의 클래스명·계좌유형·채널·보수율·비용값을 그대로 우선 반영함,,,,,,,,
98,KR5185450009,C2,일반,오프라인,수수료미징구-오프라인-보수체감(C2),R2_KR5185450009.pdf,2.1000,2.1059,"216,000","404,000","590,000","990,000","2,180,000",FILE1_PRIORITY_APPLIED,,스크린샷 2026-09-05 195031.png + 스크린샷 2026-09-05 195038.png,PDF명이 일치하여 파일1의 클래스명·계좌유형·채널·보수율·비용값을 그대로 우선 반영함,,,,,,,,
98,KR5185450009,C3,일반,오프라인,수수료미징구-오프라인-보수체감(C3),R2_KR5185450009.pdf,1.7400,1.7454,"179,000","356,000","542,000","943,000","2,133,000",FILE1_PRIORITY_APPLIED,,스크린샷 2026-09-05 195031.png + 스크린샷 2026-09-05 195038.png,PDF명이 일치하여 파일1의 클래스명·계좌유형·채널·보수율·비용값을 그대로 우선 반영함,,,,,,,,
98,KR5185450009,C4,일반,오프라인,수수료미징구-오프라인-보수체감(C4),R2_KR5185450009.pdf,1.6400,1.6462,"169,000","346,000","532,000","932,000","2,123,000",FILE1_PRIORITY_APPLIED,,스크린샷 2026-09-05 195031.png + 스크린샷 2026-09-05 195038.png,PDF명이 일치하여 파일1의 클래스명·계좌유형·채널·보수율·비용값을 그대로 우선 반영함,,,,,,,,
98,KR5185450009,C-e,일반,온라인,수수료미징구-온라인(C-e),R2_KR5185450009.pdf,1.7200,1.7267,"177,000","363,000","558,000","978,000","2,226,000",FILE1_PRIORITY_APPLIED,,스크린샷 2026-09-05 195031.png + 스크린샷 2026-09-05 195038.png,PDF명이 일치하여 파일1의 클래스명·계좌유형·채널·보수율·비용값을 그대로 우선 반영함,,,,,,,,
98,KR5185450009,C-F,기관,오프라인,수수료미징구-오프라인-기관(C-F),R2_KR5185450009.pdf,0.8100,0.8100,"83,000","170,000","262,000","459,000","1,044,000",FILE1_PRIORITY_APPLIED,,스크린샷 2026-09-05 195031.png + 스크린샷 2026-09-05 195038.png,PDF명이 일치하여 파일1의 클래스명·계좌유형·채널·보수율·비용값을 그대로 우선 반영함,,,,,,,,
98,KR5185450009,C-W,랩,오프라인,수수료미징구-오프라인-랩(C-W),R2_KR5185450009.pdf,0.7500,0.7500,"77,000","158,000","242,000","425,000","967,000",FILE1_PRIORITY_APPLIED,,스크린샷 2026-09-05 195031.png + 스크린샷 2026-09-05 195038.png,PDF명이 일치하여 파일1의 클래스명·계좌유형·채널·보수율·비용값을 그대로 우선 반영함,,,,,,,,
98,KR5185450009,A-e,일반,온라인,수수료선취-온라인(A-e),R2_KR5185450009.pdf,1.1000,1.1061,"163,000","281,000","405,000","673,000","1,469,000",FILE1_PRIORITY_APPLIED,,스크린샷 2026-09-05 195031.png + 스크린샷 2026-09-05 195038.png,PDF명이 일치하여 파일1의 클래스명·계좌유형·채널·보수율·비용값을 그대로 우선 반영함,,,,,,,,
98,KR5185450009,S,일반,온라인슈퍼,수수료후취-온라인슈퍼(S),R2_KR5185450009.pdf,1.1000,1.1054,"113,000","232,000","357,000","626,000","1,425,000",FILE1_PRIORITY_APPLIED,,스크린샷 2026-09-05 195031.png + 스크린샷 2026-09-05 195038.png,PDF명이 일치하여 파일1의 클래스명·계좌유형·채널·보수율·비용값을 그대로 우선 반영함,,,,,,,,
98,KR5185450009,C-P,개인연금,오프라인,수수료미징구-오프라인-개인연금(C-P),R2_KR5185450009.pdf,1.6500,1.6554,"170,000","348,000","535,000","938,000","2,134,000",FILE1_PRIORITY_APPLIED,,스크린샷 2026-09-05 195031.png + 스크린샷 2026-09-05 195038.png,PDF명이 일치하여 파일1의 클래스명·계좌유형·채널·보수율·비용값을 그대로 우선 반영함,,,,,,,,
98,KR5185450009,AG,일반,오프라인,수수료선취-오프라인-무권유저비용(AG),R2_KR5185450009.pdf,1.4800,1.4800,"225,000","383,000","549,000","906,000","1,968,000",FILE1_PRIORITY_APPLIED,,스크린샷 2026-09-05 195031.png + 스크린샷 2026-09-05 195038.png,PDF명이 일치하여 파일1의 클래스명·계좌유형·채널·보수율·비용값을 그대로 우선 반영함,,,,,,,,
98,KR5185450009,C-Pe,개인연금,온라인,수수료미징구-온라인-개인연금(C-Pe),R2_KR5185450009.pdf,1.2000,1.2053,"124,000","253,000","389,000","683,000","1,554,000",FILE1_PRIORITY_APPLIED,,스크린샷 2026-09-05 195031.png + 스크린샷 2026-09-05 195038.png,PDF명이 일치하여 파일1의 클래스명·계좌유형·채널·보수율·비용값을 그대로 우선 반영함,,,,,,,,
98,KR5185450009,C-P2,퇴직연금,오프라인,수수료미징구-오프라인-퇴직연금(C-P2),R2_KR5185450009.pdf,1.5700,1.5750,"161,000","331,000","509,000","892,000","2,031,000",FILE1_PRIORITY_APPLIED,,스크린샷 2026-09-05 195031.png + 스크린샷 2026-09-05 195038.png,PDF명이 일치하여 파일1의 클래스명·계좌유형·채널·보수율·비용값을 그대로 우선 반영함,,,,,,,,
98,KR5185450009,C-P2e,퇴직연금,온라인,수수료미징구-온라인-퇴직연금(C-P2e),R2_KR5185450009.pdf,1.1600,1.1660,"120,000","245,000","377,000","660,000","1,503,000",FILE1_PRIORITY_APPLIED,,스크린샷 2026-09-05 195031.png + 스크린샷 2026-09-05 195038.png,PDF명이 일치하여 파일1의 클래스명·계좌유형·채널·보수율·비용값을 그대로 우선 반영함,,,,,,,,
98,KR5185450009,S-P,개인연금,온라인슈퍼,수수료미징구-온라인슈퍼-개인연금(S-P),R2_KR5185450009.pdf,1.0200,1.0200,"105,000","214,000","330,000","578,000","1,315,000",FILE1_PRIORITY_APPLIED,,스크린샷 2026-09-05 195031.png + 스크린샷 2026-09-05 195038.png,PDF명이 일치하여 파일1의 클래스명·계좌유형·채널·보수율·비용값을 그대로 우선 반영함,,,,,,,,
98,KR5185450009,S-P2,퇴직연금,온라인슈퍼,수수료미징구-온라인슈퍼-퇴직연금(S-P2),R2_KR5185450009.pdf,1.0100,1.0100,"104,000","212,000","326,000","572,000","1,302,000",FILE1_PRIORITY_APPLIED,,스크린샷 2026-09-05 195031.png + 스크린샷 2026-09-05 195038.png,PDF명이 일치하여 파일1의 클래스명·계좌유형·채널·보수율·비용값을 그대로 우선 반영함,,,,,,,,
99,KR5194450018,A,일반,오프라인,수수료선취-오프라인(A),R2_KR5194450018.pdf,1.4880,,"252,000","412,000","580,000","942,000","2,017,000",FILE1_PRIORITY_APPLIED,,스크린샷 2026-09-05 195050.png,PDF명이 일치하여 파일1의 클래스명·계좌유형·채널·보수율·비용값을 그대로 우선 반영함,,,,,,,,
99,KR5194450018,A-e,일반,온라인,수수료선취-온라인(A-e),R2_KR5194450018.pdf,1.1280,,"166,000","287,000","414,000","688,000","1,503,000",FILE1_PRIORITY_APPLIED,,스크린샷 2026-09-05 195050.png,PDF명이 일치하여 파일1의 클래스명·계좌유형·채널·보수율·비용값을 그대로 우선 반영함,,,,,,,,
99,KR5194450018,C1,일반,오프라인,수수료미징구-오프라인-보수체감(C1),R2_KR5194450018.pdf,2.0680,,"212,000","412,000","614,000","971,000","2,031,000",FILE1_PRIORITY_APPLIED,,스크린샷 2026-09-05 195050.png,PDF명이 일치하여 파일1의 클래스명·계좌유형·채널·보수율·비용값을 그대로 우선 반영함,,,,,,,,
99,KR5194450018,C-e,일반,온라인,수수료미징구-온라인-보수체감(C-e),R2_KR5194450018.pdf,1.2650,,"130,000","266,000","409,000","717,000","1,631,000",FILE1_PRIORITY_APPLIED,,스크린샷 2026-09-05 195050.png,PDF명이 일치하여 파일1의 클래스명·계좌유형·채널·보수율·비용값을 그대로 우선 반영함,,,,,,,,
99,KR5194450018,W,랩,오프라인,수수료미징구-오프라인-랩(W),R2_KR5194450018.pdf,0.7650,,"78,000","161,000","247,000","433,000","986,000",FILE1_PRIORITY_APPLIED,,스크린샷 2026-09-05 195050.png,PDF명이 일치하여 파일1의 클래스명·계좌유형·채널·보수율·비용값을 그대로 우선 반영함,,,,,,,,
99,KR5194450018,F,기관,오프라인,수수료미징구-오프라인-기관(F),R2_KR5194450018.pdf,0.7980,,"82,000","168,000","258,000","452,000","1,028,000",FILE1_PRIORITY_APPLIED,,스크린샷 2026-09-05 195050.png,PDF명이 일치하여 파일1의 클래스명·계좌유형·채널·보수율·비용값을 그대로 우선 반영함,,,,,,,,
99,KR5194450018,S,일반,온라인슈퍼,수수료후취-온라인슈퍼(S),R2_KR5194450018.pdf,1.1150,,"114,000","234,000","360,000","632,000","1,437,000",FILE1_PRIORITY_APPLIED,,스크린샷 2026-09-05 195050.png,PDF명이 일치하여 파일1의 클래스명·계좌유형·채널·보수율·비용값을 그대로 우선 반영함,,,,,,,,
99,KR5194450018,RP,퇴직연금,오프라인,수수료미징구-오프라인-퇴직연금(RP),R2_KR5194450018.pdf,1.4650,,"150,000","308,000","473,000","830,000","1,889,000",FILE1_PRIORITY_APPLIED,,스크린샷 2026-09-05 195050.png,PDF명이 일치하여 파일1의 클래스명·계좌유형·채널·보수율·비용값을 그대로 우선 반영함,,,,,,,,
99,KR5194450018,RP-e,퇴직연금,온라인,수수료미징구-온라인-퇴직연금(RP-e),R2_KR5194450018.pdf,1.1150,,"107,000","220,000","338,000","592,000","1,347,000",FILE1_PRIORITY_APPLIED,,스크린샷 2026-09-05 195050.png,PDF명이 일치하여 파일1의 클래스명·계좌유형·채널·보수율·비용값을 그대로 우선 반영함,,,,,,,,
99,KR5194450018,S-P,개인연금,온라인슈퍼,수수료미징구-온라인슈퍼-개인연금(S-P),R2_KR5194450018.pdf,1.0450,,"114,000","234,000","360,000","632,000","1,437,000",FILE1_PRIORITY_APPLIED,,스크린샷 2026-09-05 195050.png,PDF명이 일치하여 파일1의 클래스명·계좌유형·채널·보수율·비용값을 그대로 우선 반영함,,,,,,,,
99,KR5194450018,CP,개인연금,오프라인,수수료미징구-오프라인-개인연금(CP),R2_KR5194450018.pdf,1.4650,,"150,000","234,000","473,000","830,000","1,889,000",FILE1_PRIORITY_APPLIED,,스크린샷 2026-09-05 195050.png,PDF명이 일치하여 파일1의 클래스명·계좌유형·채널·보수율·비용값을 그대로 우선 반영함,,,,,,,,
99,KR5194450018,CP-e,개인연금,온라인,수수료미징구-온라인-개인연금(CP-e),R2_KR5194450018.pdf,1.1150,,"114,000","234,000","360,000","632,000","1,437,000",FILE1_PRIORITY_APPLIED,,스크린샷 2026-09-05 195050.png,PDF명이 일치하여 파일1의 클래스명·계좌유형·채널·보수율·비용값을 그대로 우선 반영함,,,,,,,,
100,KR555202013M,A,일반,불명,수수료선취형(A),R2_KR555202013M.pdf,1.7560,1.7660,"277,000","461,000","651,000","1,049,000","2,160,000",SOURCE_MANUALLY_VERIFIED,SOURCE_PARSED_NEEDS_REVIEW,23–25,원문 보수·비용표와 기간별 비용표 수동 대조 완료,,,,,,,,
100,KR555202013M,AE,일반,불명,수수료선취형(Ae),R2_KR555202013M.pdf,1.1560,1.1660,"168,000","291,000","419,000","689,000","1,459,000",SOURCE_MANUALLY_VERIFIED,SOURCE_PARSED_NEEDS_REVIEW,23–25,원문 보수·비용표와 기간별 비용표 수동 대조 완료,,,,,,,,
100,KR555202013M,C-I,일반,오프라인,수수료미징구-오프라인-기관형(C-I),R2_KR555202013M.pdf,0.7860,0.7960,"81,000","166,000","255,000","443,000","985,000",SOURCE_MANUALLY_VERIFIED,SOURCE_PARSED_NEEDS_REVIEW,23–25,원문 보수·비용표와 기간별 비용표 수동 대조 완료,,,,,,,,
100,KR555202013M,C-P,연금저축,오프라인,수수료미징구-오프라인-개인연금형(C-P),R2_KR555202013M.pdf,1.5060,1.5160,"155,000","315,000","480,000","829,000","1,809,000",SOURCE_MANUALLY_VERIFIED,SOURCE_PARSED_NEEDS_REVIEW,23–25,원문 보수·비용표와 기간별 비용표 수동 대조 완료,,,,,,,,
100,KR555202013M,C-W,일반,오프라인,수수료미징구-오프라인-랩형(C-W),R2_KR555202013M.pdf,0.7560,0.7660,"78,000","160,000","245,000","426,000","950,000",SOURCE_MANUALLY_VERIFIED,SOURCE_PARSED_NEEDS_REVIEW,23–25,원문 보수·비용표와 기간별 비용표 수동 대조 완료,,,,,,,,
100,KR555202013M,CE,일반,불명,수수료미징구형(Ce),R2_KR555202013M.pdf,1.2560,1.2660,"129,000","263,000","402,000","696,000","1,530,000",SOURCE_MANUALLY_VERIFIED,SOURCE_PARSED_NEEDS_REVIEW,23–25,원문 보수·비용표와 기간별 비용표 수동 대조 완료,,,,,,,,
100,KR555202013M,P-F,연금저축,오프라인,"수수료미징구-오프라인-개인연금, 기관형(P-F)",R2_KR555202013M.pdf,0.7860,0.7940,"81,000","166,000","254,000","441,000","982,000",SOURCE_MANUALLY_VERIFIED,SOURCE_PARSED_NEEDS_REVIEW,23–25,원문 보수·비용표와 기간별 비용표 수동 대조 완료,,,,,,,,
100,KR555202013M,S,일반,온라인슈퍼,수수료후취-온라인슈퍼형(S),R2_KR555202013M.pdf,1.1060,1.1160,"114,000","232,000","355,000","616,000","1,359,000",SOURCE_MANUALLY_VERIFIED,SOURCE_PARSED_NEEDS_REVIEW,23–25,원문 보수·비용표와 기간별 비용표 수동 대조 완료,,,,,,,,
100,KR555202013M,S-P,연금저축,온라인슈퍼,수수료미징구-온라인슈퍼-개인연금형(S-P),R2_KR555202013M.pdf,0.9560,0.9660,"99,000","201,000","308,000","535,000","1,185,000",SOURCE_MANUALLY_VERIFIED,SOURCE_PARSED_NEEDS_REVIEW,23–25,원문 보수·비용표와 기간별 비용표 수동 대조 완료,,,,,,,,